# Blender 4.4.0
# www.blender.org
mtllib Duck_toQuads.mtl
o LOD3spShape
v -0.239364 0.115353 0.306125
v -0.187264 0.101080 0.266814
v -0.156992 0.114278 0.342321
v -0.114590 0.100413 0.298243
v -0.245326 0.101147 0.222069
v -0.305196 0.116272 0.251326
v -0.351528 0.116836 0.177191
v -0.285504 0.101785 0.157995
v -0.311142 0.101703 0.063849
v -0.379272 0.117800 0.069973
v 0.477677 0.141162 0.336212
v 0.615472 0.142726 0.252082
v 0.518411 0.177055 0.365602
v 0.657206 0.183720 0.270862
v 0.560117 0.114345 0.226963
v 0.436854 0.114300 0.300164
v -0.286467 0.144120 0.339793
v -0.194590 0.143090 0.379267
v -0.360670 0.145054 0.276816
v -0.329292 0.185574 0.367248
v -0.409218 0.186322 0.296382
v -0.232343 0.181488 0.410429
v -0.409463 0.146426 0.192219
v -0.441714 0.146552 0.072783
v -0.461733 0.186604 0.205246
v -0.502675 0.183890 0.073635
v 0.686182 0.142022 0.140757
v 0.624487 0.113989 0.129806
v 0.733418 0.183468 0.149194
v 0.557803 0.224988 0.385465
v 0.688732 0.234107 0.284208
v 0.602326 0.281944 0.395949
v 0.712984 0.290359 0.293335
v -0.369819 0.237436 0.385844
v -0.270171 0.234671 0.430366
v -0.452302 0.236628 0.309246
v -0.410731 0.293325 0.394763
v -0.489500 0.289358 0.314102
v -0.329737 0.296914 0.434770
v 0.769844 0.234678 0.155749
v 0.794615 0.291894 0.160672
v 0.728865 0.351223 0.298369
v 0.632406 0.345574 0.398307
v 0.652513 0.413955 0.398840
v 0.738118 0.417425 0.298584
v 0.809318 0.353877 0.164090
v 0.818608 0.421140 0.167292
v 0.646263 0.554849 0.382648
v 0.660817 0.485555 0.392449
v 0.726597 0.550030 0.292468
v 0.739987 0.485347 0.296857
v 0.815894 0.488387 0.169628
v 0.801688 0.551853 0.169480
v 0.555179 0.677340 0.357358
v 0.611927 0.620057 0.372950
v 0.665829 0.664165 0.279218
v 0.701700 0.610152 0.286395
v 0.777874 0.610196 0.167611
v 0.748647 0.663268 0.166010
v 0.434971 0.756992 0.318699
v 0.485084 0.721529 0.339029
v 0.569340 0.750037 0.257495
v 0.617637 0.710370 0.268557
v 0.716321 0.711772 0.166670
v 0.671835 0.754493 0.166366
v -0.121248 0.739991 0.289191
v 0.019364 0.728387 0.338763
v -0.074004 0.761581 0.263759
v 0.036476 0.759142 0.305480
v -0.033796 0.780576 0.231953
v 0.053181 0.784269 0.269639
v 0.148335 0.763145 0.320471
v 0.147016 0.788465 0.288886
v 0.147601 0.738701 0.351574
v -0.147042 0.766096 0.197209
v -0.192017 0.778115 0.073361
v -0.209470 0.750059 0.213995
v -0.247824 0.782304 0.076512
v -0.132799 0.782816 0.067808
v -0.093096 0.780917 0.176635
v 0.023331 0.812658 0.107014
v 0.006560 0.810723 0.039938
v 0.049422 0.814267 0.158195
v -0.553055 0.814823 0.201865
v -0.495150 0.838778 0.207678
v -0.547257 0.899761 0.088449
v -0.485489 0.922656 0.090651
v -0.485489 0.922656 0.090651
v -0.495150 0.838778 0.207678
v -0.424217 0.915301 0.090221
v -0.441025 0.828784 0.210800
v -0.483998 0.772606 0.269595
v -0.441714 0.778938 0.261268
v -0.483998 0.772606 0.269595
v -0.536566 0.747375 0.269735
v -0.638341 0.698359 0.177050
v -0.603339 0.763635 0.190618
v -0.647587 0.738997 0.071530
v -0.601596 0.844057 0.082814
v -0.582579 0.706396 0.264175
v -0.615691 0.656958 0.252253
v -0.581459 0.604109 0.315845
v -0.545522 0.648765 0.329243
v -0.501918 0.687831 0.330970
v -0.429296 0.612502 0.394496
v -0.463972 0.555620 0.403341
v -0.489596 0.492561 0.398218
v -0.535557 0.461592 0.349928
v -0.608158 0.559957 0.285728
v -0.583698 0.439468 0.280360
v -0.630690 0.527290 0.240553
v -0.649663 0.572673 0.217398
v -0.636495 0.607883 0.233658
v -0.506442 0.234975 0.212438
v -0.557570 0.230430 0.077305
v -0.544261 0.285392 0.216382
v -0.601092 0.282359 0.079278
v -0.046697 0.357333 0.522177
v -0.051828 0.393551 0.528687
v -0.103735 0.363160 0.518336
v -0.124228 0.392454 0.519419
v -0.059546 0.433855 0.531660
v -0.142645 0.434767 0.518892
v -0.451383 0.351824 0.390803
v -0.521766 0.341006 0.309987
v -0.535557 0.461592 0.349928
v -0.583698 0.439468 0.280360
v -0.489596 0.492561 0.398218
v -0.393582 0.371753 0.428245
v -0.577470 0.335446 0.215100
v -0.632047 0.333562 0.077735
v -0.624832 0.427738 0.196053
v -0.662519 0.423750 0.075912
v -0.063446 0.475345 0.530926
v -0.062067 0.514293 0.524750
v -0.149689 0.480973 0.515712
v -0.145047 0.522745 0.510455
v -0.241626 0.668013 0.396298
v -0.210960 0.645792 0.417131
v -0.132184 0.681588 0.385488
v -0.106093 0.655757 0.412676
v -0.292013 0.796561 0.080857
v -0.275531 0.736877 0.228942
v -0.208410 0.719312 0.315875
v -0.208410 0.719312 0.315875
v -0.275531 0.736877 0.228942
v -0.317993 0.708398 0.334366
v -0.340814 0.736573 0.231685
v -0.292013 0.796561 0.080857
v -0.331153 0.823349 0.086247
v 0.341225 0.805718 0.266473
v 0.390864 0.776536 0.294959
v 0.482452 0.810789 0.223270
v 0.522860 0.782905 0.242985
v 0.286752 0.750467 0.347400
v 0.266207 0.769559 0.319144
v 0.245284 0.794248 0.290977
v 0.625867 0.788584 0.161198
v 0.582456 0.816454 0.149372
v 0.087642 0.815601 0.202429
v 0.155527 0.813807 0.244230
v -0.400580 0.733058 0.290169
v -0.393930 0.779086 0.222647
v -0.371064 0.881752 0.089146
v -0.624832 0.427738 0.196053
v -0.655928 0.516658 0.172594
v -0.662519 0.423750 0.075912
v -0.680046 0.515783 0.071537
v -0.662542 0.577677 0.160138
v -0.679758 0.585114 0.069980
v -0.448336 0.713336 0.321213
v -0.380814 0.666122 0.376368
v -0.380814 0.666122 0.376368
v -0.448336 0.713336 0.321213
v -0.655690 0.635509 0.165565
v -0.669147 0.656180 0.070773
v 0.551672 0.837325 0.132216
v 0.461403 0.832928 0.200590
v 0.533737 0.855572 0.123674
v 0.448651 0.851990 0.187578
v 0.253055 0.831594 0.237810
v 0.175457 0.832299 0.216568
v 0.243957 0.812413 0.264145
v 0.190500 0.850093 0.204734
v 0.260550 0.849410 0.223278
v 0.351961 0.830430 0.235111
v 0.352584 0.849759 0.220089
v 0.121192 0.832358 0.180750
v 0.086500 0.831534 0.137124
v 0.102211 0.849641 0.131445
v 0.138638 0.850248 0.172846
v 0.392717 0.100042 0.259897
v 0.497414 0.099968 0.197068
v 0.146156 0.100124 0.317958
v 0.259631 0.100257 0.300393
v 0.151798 0.114100 0.364164
v 0.282119 0.114278 0.345791
v -0.006794 0.100168 0.318299
v -0.026968 0.113425 0.364653
v 0.551790 0.100309 0.114214
v 0.305288 0.140969 0.382233
v 0.161259 0.139798 0.402177
v 0.172973 0.173674 0.432976
v 0.330793 0.177336 0.413765
v -0.052198 0.140791 0.402548
v -0.083205 0.178723 0.433717
v 0.189195 0.362041 0.525892
v 0.184628 0.399920 0.532994
v 0.112191 0.356243 0.525988
v 0.106044 0.396524 0.534314
v 0.182523 0.443116 0.537955
v 0.101522 0.438267 0.539252
v 0.184628 0.399920 0.532994
v 0.259535 0.399994 0.527745
v 0.182523 0.443116 0.537955
v 0.270248 0.445585 0.528835
v 0.245685 0.369247 0.524691
v 0.189195 0.362041 0.525892
v 0.176910 0.489863 0.538221
v 0.097355 0.480914 0.538815
v 0.093544 0.521796 0.535056
v 0.169236 0.536009 0.532898
v 0.169236 0.536009 0.532898
v 0.176910 0.489863 0.538221
v 0.254374 0.550852 0.520724
v 0.268721 0.498693 0.526952
v 0.161429 0.576002 0.523171
v 0.091260 0.558675 0.527181
v 0.092313 0.592580 0.512115
v 0.159783 0.608706 0.508542
v 0.159783 0.608706 0.508542
v 0.161429 0.576002 0.523171
v 0.212751 0.616417 0.503945
v 0.232428 0.592083 0.511997
v 0.322615 0.714100 0.379727
v 0.152006 0.709348 0.384909
v 0.438649 0.677941 0.398677
v 0.514408 0.626760 0.414618
v 0.559835 0.561625 0.427808
v 0.576406 0.489151 0.438433
v 0.564187 0.417648 0.444371
v 0.529177 0.350586 0.445773
v 0.469566 0.290085 0.442399
v 0.362170 0.231483 0.439056
v 0.180410 0.213370 0.454158
v -0.130679 0.235531 0.456457
v -0.242634 0.297596 0.464694
v -0.317681 0.366178 0.457769
v -0.371346 0.446474 0.444312
v -0.378300 0.515724 0.436927
v -0.358668 0.578953 0.427333
v -0.463972 0.555620 0.403341
v -0.429296 0.612502 0.394496
v -0.314745 0.632943 0.412950
v -0.380814 0.666122 0.376368
v -0.317993 0.708398 0.334366
v -0.057351 0.546841 0.518166
v -0.129337 0.554359 0.506592
v -0.055476 0.574675 0.506459
v -0.110645 0.573325 0.503033
v 0.013848 0.692606 0.385873
v -0.279498 0.364747 0.466355
v -0.320076 0.433195 0.457562
v -0.238534 0.366519 0.487626
v -0.272981 0.428866 0.480687
v -0.259576 0.365644 0.472776
v -0.298093 0.429681 0.465354
v -0.164436 0.322248 0.493054
v -0.186612 0.311764 0.478255
v -0.206037 0.306107 0.470640
v -0.333289 0.501288 0.448568
v -0.321367 0.564888 0.438329
v -0.287520 0.492710 0.472864
v -0.278897 0.550430 0.465161
v -0.312662 0.496491 0.456583
v -0.302660 0.558423 0.447033
v 0.299349 0.259004 0.465236
v 0.164046 0.239305 0.470581
v 0.136265 0.280639 0.499986
v 0.149477 0.257121 0.483904
v 0.239612 0.295453 0.499126
v 0.267542 0.275116 0.481161
v 0.239612 0.295453 0.499126
v 0.267542 0.275116 0.481161
v 0.323868 0.327171 0.498711
v 0.362897 0.312217 0.480605
v 0.401118 0.302660 0.465139
v -0.098419 0.261273 0.471530
v -0.071594 0.293978 0.497079
v -0.084280 0.274619 0.482347
v 0.468217 0.358170 0.465762
v 0.381551 0.375127 0.497814
v 0.426645 0.365214 0.480598
v 0.413922 0.434352 0.494685
v 0.465110 0.427776 0.477899
v 0.507757 0.422756 0.463478
v 0.520569 0.493051 0.457651
v 0.422701 0.499123 0.488776
v 0.477344 0.496380 0.471827
v 0.404699 0.563449 0.480345
v 0.456636 0.564673 0.462574
v 0.501277 0.563990 0.447582
v 0.264851 0.692584 0.412994
v 0.371171 0.669377 0.423456
v 0.205055 0.662430 0.459037
v 0.289733 0.650389 0.463945
v 0.232102 0.678126 0.435534
v 0.328524 0.661703 0.442955
v 0.110523 0.656624 0.456909
v 0.205055 0.662430 0.459037
v 0.123579 0.672602 0.432175
v 0.232102 0.678126 0.435534
v 0.137088 0.687742 0.411082
v 0.450638 0.625551 0.435645
v 0.358278 0.616884 0.471419
v 0.405551 0.622549 0.452372
v -0.282701 0.615994 0.426785
v -0.185848 0.623861 0.455990
v -0.201774 0.638423 0.425992
v -0.246964 0.595316 0.458889
v -0.267479 0.607542 0.436698
v -0.089566 0.632617 0.455834
v -0.098115 0.645785 0.425347
v 0.013225 0.641537 0.456605
v 0.015627 0.654519 0.430262
v -0.223883 0.433299 0.498488
v -0.191490 0.381518 0.504005
v -0.133437 0.344469 0.507719
v -0.228339 0.538174 0.486047
v -0.236628 0.488825 0.492194
v 0.211045 0.327401 0.514785
v 0.123031 0.316369 0.514681
v 0.211045 0.327401 0.514785
v 0.282000 0.349703 0.514911
v -0.057025 0.324450 0.511085
v 0.324268 0.389651 0.514600
v 0.349314 0.441559 0.512583
v 0.352465 0.500413 0.507771
v 0.337281 0.558993 0.500475
v 0.248495 0.633700 0.486114
v 0.179201 0.637837 0.484371
v 0.099616 0.628873 0.484038
v 0.179201 0.637837 0.484371
v 0.300180 0.605970 0.492453
v -0.204236 0.576424 0.481257
v -0.150193 0.597488 0.480109
v -0.071135 0.605511 0.482081
v 0.015220 0.615001 0.483586
v 0.017674 0.580161 0.510099
v 0.017029 0.548295 0.524802
v 0.016376 0.513863 0.533032
v 0.017577 0.475190 0.537873
v 0.021136 0.434389 0.538266
v 0.026133 0.394033 0.533009
v 0.030300 0.354574 0.524675
v 0.031101 0.316361 0.513265
v 0.030752 0.282293 0.499356
v 0.030945 0.258960 0.484757
v 0.031234 0.240639 0.472805
v 0.030293 0.214474 0.458963
v 0.040821 0.173859 0.439419
v 0.044817 0.139220 0.409628
v 0.046308 0.113477 0.370599
v 0.049555 0.099983 0.323904
v 0.706407 0.143913 0.029283
v 0.758256 0.183928 0.029394
v 0.642756 0.116576 0.026599
v 0.799353 0.234130 0.029394
v 0.828128 0.291368 0.029394
v 0.845803 0.353544 0.029394
v 0.858726 0.421384 0.029394
v 0.859631 0.488595 0.032575
v 0.849147 0.552091 0.032575
v 0.828254 0.610226 0.032583
v 0.799360 0.662007 0.032575
v 0.767546 0.713433 0.032553
v 0.729207 0.756569 0.031166
v 0.690133 0.791475 0.030099
v 0.649644 0.821214 0.028920
v 0.615583 0.842063 0.025176
v 0.591501 0.858263 0.021172
v 0.570756 0.101525 0.022855
v 0.066400 0.830734 0.086410
v 0.056606 0.830193 0.029728
v 0.079197 0.847475 0.081836
v 0.067334 0.845266 0.028379
v 0.103479 0.874003 0.139949
v 0.076706 0.867590 0.086380
v 0.061663 0.863527 0.033376
v 0.043305 0.887008 0.045773
v 0.059928 0.895698 0.101098
v 0.092291 0.915427 0.171037
v 0.195238 0.870994 0.206484
v 0.143983 0.872706 0.178748
v 0.145318 0.904728 0.205795
v 0.195676 0.897173 0.224879
v 0.262100 0.869437 0.221654
v 0.258400 0.893162 0.235593
v 0.350226 0.893874 0.233732
v 0.350308 0.869496 0.219178
v 0.450571 0.894178 0.198240
v 0.444291 0.871742 0.186599
v 0.528472 0.875160 0.123304
v 0.541484 0.901992 0.131393
v 0.585778 0.875953 0.022336
v 0.591034 0.900324 0.033769
v 0.015805 0.668139 0.412357
v -0.318022 0.100858 -0.019710
v -0.388006 0.116880 -0.019443
v -0.452458 0.145410 -0.019814
v -0.515643 0.182037 -0.021067
v 0.707816 0.142259 -0.105137
v 0.759308 0.182734 -0.106190
v 0.643713 0.115264 -0.101319
v 0.799368 0.233648 -0.106420
v 0.826956 0.291294 -0.107480
v 0.843683 0.353670 -0.110661
v 0.856139 0.421370 -0.115317
v 0.858037 0.489262 -0.120255
v 0.847924 0.553455 -0.124133
v 0.827112 0.612146 -0.126921
v 0.796343 0.663979 -0.129219
v 0.716684 0.756332 -0.127061
v 0.760168 0.714278 -0.133949
v -0.197310 0.779019 -0.019443
v -0.202604 0.779924 -0.112248
v -0.250219 0.786923 -0.018220
v -0.252621 0.791542 -0.112952
v -0.138211 0.783245 -0.018998
v -0.143624 0.783676 -0.105812
v 0.005996 0.810967 -0.011139
v 0.005433 0.811205 -0.062216
v -0.554464 0.924777 -0.033871
v -0.489670 0.943801 -0.034331
v -0.493845 0.929811 -0.153182
v -0.489670 0.943801 -0.034331
v -0.431913 0.920224 -0.149719
v -0.427435 0.927505 -0.032448
v -0.663149 0.754782 -0.021186
v -0.616254 0.866775 -0.029586
v -0.568395 0.229229 -0.020429
v -0.610434 0.280454 -0.113123
v -0.613273 0.281670 -0.020007
v -0.643531 0.342467 -0.111677
v -0.646830 0.341592 -0.019280
v -0.291664 0.803716 -0.016796
v -0.291309 0.810871 -0.114450
v -0.328632 0.835116 -0.019525
v -0.326111 0.846875 -0.125304
v -0.291664 0.803716 -0.016796
v -0.291309 0.810871 -0.114450
v 0.675801 0.791089 -0.122650
v 0.634852 0.820057 -0.115406
v -0.371383 0.889529 -0.029771
v -0.373177 0.893021 -0.145323
v -0.677244 0.426760 -0.018895
v -0.692985 0.520358 -0.019836
v -0.690782 0.590674 -0.019858
v -0.680128 0.665870 -0.019636
v 0.599983 0.840135 -0.107406
v 0.577629 0.856098 -0.103506
v 0.056880 0.830274 -0.007276
v 0.057155 0.830356 -0.044281
v 0.065095 0.844391 -0.009671
v 0.063553 0.843783 -0.037215
v 0.570919 0.100917 -0.095929
v 0.057251 0.862104 -0.003317
v 0.054597 0.861214 -0.032604
v 0.037381 0.885303 0.011089
v 0.032473 0.885844 -0.027243
v 0.569280 0.897848 -0.105352
v 0.564936 0.874619 -0.100800
v -0.243405 0.114359 -0.383603
v -0.161893 0.114130 -0.418242
v -0.191772 0.099701 -0.345627
v -0.120514 0.099939 -0.374698
v -0.311060 0.114775 -0.329686
v -0.251190 0.099294 -0.301860
v -0.354745 0.116324 -0.256774
v -0.290093 0.100524 -0.239684
v -0.378441 0.117199 -0.179362
v -0.309667 0.101577 -0.169998
v 0.654167 0.183720 -0.346672
v 0.610000 0.143030 -0.326913
v 0.511145 0.178270 -0.437764
v 0.469722 0.142133 -0.407944
v 0.555386 0.114663 -0.302365
v 0.429826 0.115093 -0.374209
v -0.195197 0.143549 -0.453897
v -0.289966 0.143787 -0.416404
v -0.364880 0.144595 -0.353605
v -0.412258 0.186322 -0.372200
v -0.331887 0.185722 -0.442309
v -0.227101 0.183816 -0.481723
v -0.414341 0.144313 -0.271351
v -0.441233 0.144447 -0.186976
v -0.499064 0.181281 -0.194546
v -0.466619 0.183928 -0.282843
v 0.620944 0.114196 -0.205393
v 0.682653 0.142141 -0.216559
v 0.730378 0.183468 -0.225011
v 0.709277 0.290352 -0.368544
v 0.685692 0.234107 -0.360025
v 0.593140 0.284606 -0.465397
v 0.548395 0.227093 -0.457182
v -0.268814 0.236917 -0.501401
v -0.371724 0.237510 -0.458917
v -0.455350 0.236628 -0.385063
v -0.493615 0.288780 -0.390246
v -0.413718 0.293444 -0.467703
v -0.331991 0.298730 -0.507109
v 0.766804 0.234678 -0.231566
v 0.791575 0.291894 -0.236481
v 0.725633 0.351268 -0.373883
v 0.625170 0.348109 -0.466606
v 0.734812 0.417559 -0.373453
v 0.646226 0.415905 -0.465931
v 0.806278 0.353877 -0.239899
v 0.815568 0.421140 -0.243110
v 0.639264 0.552231 -0.455736
v 0.729066 0.550971 -0.370309
v 0.652083 0.485511 -0.461149
v 0.738400 0.485629 -0.373000
v 0.816740 0.488988 -0.246283
v 0.806871 0.553477 -0.248070
v 0.558026 0.667664 -0.441694
v 0.673080 0.664328 -0.361160
v 0.607961 0.614452 -0.450316
v 0.707794 0.611190 -0.367907
v 0.786126 0.612650 -0.248040
v 0.755475 0.665218 -0.246246
v 0.439561 0.746649 -0.398150
v 0.578297 0.752380 -0.341393
v 0.491935 0.709503 -0.423484
v 0.629885 0.710490 -0.351951
v 0.714756 0.712009 -0.244489
v 0.668647 0.754648 -0.244251
v -0.122174 0.738819 -0.364385
v -0.068569 0.761307 -0.332993
v 0.022026 0.728765 -0.412252
v 0.040999 0.758378 -0.374454
v -0.020421 0.784120 -0.294750
v 0.061870 0.785203 -0.334350
v 0.153978 0.787998 -0.355147
v 0.153904 0.761240 -0.389186
v 0.155401 0.731894 -0.425115
v -0.247876 0.765792 -0.197267
v -0.186590 0.771776 -0.189697
v -0.206749 0.749933 -0.288188
v -0.145648 0.766133 -0.270075
v -0.125340 0.782897 -0.176678
v -0.083190 0.783549 -0.242702
v 0.019646 0.812562 -0.183514
v 0.007279 0.811872 -0.124148
v 0.043446 0.811227 -0.241642
v -0.558430 0.813140 -0.285504
v -0.558163 0.872424 -0.220756
v -0.498916 0.836109 -0.289872
v -0.496254 0.893466 -0.224648
v -0.496254 0.893466 -0.224648
v -0.437036 0.883494 -0.223158
v -0.498916 0.836109 -0.289872
v -0.444451 0.826048 -0.289686
v -0.444888 0.778752 -0.336648
v -0.486808 0.772324 -0.345316
v -0.541303 0.747924 -0.346324
v -0.486808 0.772324 -0.345316
v -0.643131 0.696573 -0.258984
v -0.655053 0.725896 -0.185049
v -0.611227 0.761114 -0.272671
v -0.617107 0.818990 -0.209783
v -0.587835 0.707123 -0.341097
v -0.619613 0.657536 -0.329553
v -0.584469 0.603879 -0.391736
v -0.550601 0.650337 -0.405186
v -0.505077 0.687809 -0.406817
v -0.434634 0.604480 -0.474894
v -0.467190 0.553544 -0.480974
v -0.492087 0.491998 -0.473723
v -0.541830 0.459931 -0.422824
v -0.589689 0.437199 -0.355858
v -0.613029 0.558348 -0.362984
v -0.638549 0.525711 -0.320063
v -0.651954 0.570723 -0.295143
v -0.639335 0.607290 -0.311655
v -0.512017 0.231727 -0.290783
v -0.549570 0.228131 -0.199766
v -0.592654 0.279119 -0.202361
v -0.551520 0.282115 -0.295499
v -0.039639 0.360409 -0.595080
v -0.093266 0.366667 -0.590505
v -0.043791 0.395768 -0.598409
v -0.112032 0.394137 -0.590290
v -0.130864 0.433447 -0.588481
v -0.052221 0.434715 -0.598809
v -0.458464 0.354359 -0.463143
v -0.530760 0.342815 -0.385249
v -0.589689 0.437199 -0.355858
v -0.541830 0.459931 -0.422824
v -0.492087 0.491998 -0.473723
v -0.397533 0.373377 -0.501979
v -0.586945 0.336906 -0.294149
v -0.631283 0.334630 -0.201464
v -0.663446 0.421948 -0.194391
v -0.631328 0.425522 -0.278513
v -0.142200 0.519030 -0.580496
v -0.060065 0.513551 -0.590490
v -0.142141 0.477244 -0.584915
v -0.058419 0.475145 -0.595984
v -0.111349 0.654890 -0.486957
v -0.217418 0.640098 -0.492903
v -0.139368 0.678282 -0.459206
v -0.250582 0.659138 -0.472878
v -0.300695 0.773155 -0.205683
v -0.273062 0.738878 -0.303291
v -0.215757 0.712928 -0.393886
v -0.215757 0.712928 -0.393886
v -0.331287 0.693852 -0.414713
v -0.273062 0.738878 -0.303291
v -0.342579 0.739026 -0.308400
v -0.344892 0.800254 -0.215618
v -0.300695 0.773155 -0.205683
v 0.342382 0.805703 -0.342498
v 0.486990 0.811865 -0.308689
v 0.392161 0.776454 -0.370836
v 0.527939 0.784766 -0.328685
v 0.297051 0.737336 -0.420511
v 0.271279 0.767275 -0.388845
v 0.252180 0.793136 -0.358083
v 0.623879 0.789177 -0.242442
v 0.579394 0.817173 -0.232211
v 0.095242 0.810708 -0.287966
v 0.165759 0.811153 -0.318950
v -0.403947 0.733170 -0.365831
v -0.396428 0.780687 -0.298339
v -0.386256 0.846334 -0.221512
v -0.631328 0.425522 -0.278513
v -0.663446 0.421948 -0.194391
v -0.661326 0.513373 -0.258257
v -0.680395 0.512550 -0.183870
v -0.680180 0.582133 -0.178183
v -0.666864 0.575891 -0.246884
v -0.451368 0.712869 -0.396934
v -0.391943 0.648054 -0.457138
v -0.391943 0.648054 -0.457138
v -0.451368 0.712869 -0.396934
v -0.658464 0.634174 -0.250094
v -0.670838 0.651042 -0.179110
v 0.544673 0.836613 -0.215529
v 0.460958 0.832499 -0.286417
v 0.441941 0.851190 -0.267866
v 0.521903 0.853592 -0.204029
v 0.179216 0.832039 -0.290153
v 0.252513 0.810708 -0.333601
v 0.258474 0.831357 -0.308770
v 0.190219 0.850345 -0.274843
v 0.261633 0.850641 -0.293275
v 0.347653 0.850426 -0.294209
v 0.350315 0.830667 -0.312656
v 0.121451 0.832039 -0.255855
v 0.083757 0.831824 -0.211125
v 0.099409 0.849232 -0.200693
v 0.137244 0.849789 -0.242465
v 0.493922 0.100272 -0.273241
v 0.387965 0.100502 -0.336129
v 0.141870 0.099360 -0.395629
v 0.147802 0.113848 -0.440174
v 0.254849 0.099383 -0.379992
v 0.277425 0.114278 -0.421534
v -0.032588 0.113870 -0.439714
v -0.009262 0.099627 -0.395747
v 0.550359 0.100176 -0.190023
v 0.156372 0.139546 -0.478631
v 0.300780 0.141043 -0.457664
v 0.169221 0.174452 -0.508066
v 0.327953 0.177996 -0.488099
v -0.059761 0.142111 -0.475917
v -0.090641 0.181577 -0.505723
v 0.188513 0.362745 -0.605645
v 0.113896 0.357436 -0.602776
v 0.184480 0.400625 -0.612347
v 0.108610 0.397903 -0.608997
v 0.104495 0.439097 -0.610858
v 0.183879 0.443219 -0.613282
v 0.265918 0.446467 -0.610071
v 0.255709 0.401514 -0.609249
v 0.183879 0.443219 -0.613282
v 0.184480 0.400625 -0.612347
v 0.242460 0.370634 -0.605519
v 0.188513 0.362745 -0.605645
v 0.179876 0.487616 -0.610605
v 0.099846 0.480417 -0.607803
v 0.094560 0.519980 -0.600277
v 0.171720 0.530256 -0.601664
v 0.171720 0.530256 -0.601664
v 0.254626 0.544929 -0.595273
v 0.179876 0.487616 -0.610605
v 0.267053 0.497018 -0.606231
v 0.162348 0.567727 -0.588674
v 0.090245 0.556280 -0.588755
v 0.090067 0.589948 -0.572808
v 0.159709 0.599690 -0.573289
v 0.159709 0.599690 -0.573289
v 0.213366 0.605555 -0.572059
v 0.162348 0.567727 -0.588674
v 0.232776 0.582326 -0.582090
v 0.155861 0.700443 -0.460785
v 0.329162 0.700487 -0.455996
v 0.441377 0.664765 -0.474420
v 0.512480 0.616595 -0.487462
v 0.555401 0.555242 -0.497715
v 0.570734 0.488091 -0.505693
v 0.560065 0.419561 -0.512803
v 0.525663 0.353329 -0.516029
v 0.465132 0.292250 -0.515050
v 0.175056 0.214015 -0.531414
v 0.357529 0.232580 -0.514249
v -0.135854 0.239342 -0.526112
v -0.248654 0.303579 -0.528774
v -0.323879 0.370560 -0.526379
v -0.375950 0.446801 -0.517631
v -0.434634 0.604480 -0.474894
v -0.363175 0.565451 -0.506094
v -0.467190 0.553544 -0.480974
v -0.380947 0.508613 -0.514190
v -0.391943 0.648054 -0.457138
v -0.322767 0.620154 -0.492051
v -0.331287 0.693852 -0.414713
v -0.130315 0.552283 -0.575699
v -0.057574 0.547064 -0.582557
v -0.056580 0.575512 -0.570761
v -0.111972 0.572725 -0.569708
v 0.013818 0.689774 -0.459569
v -0.322894 0.431438 -0.531362
v -0.278334 0.368602 -0.538620
v -0.216936 0.374949 -0.562842
v -0.248684 0.370434 -0.548511
v -0.262193 0.426871 -0.556006
v -0.295994 0.427331 -0.540504
v -0.150875 0.333422 -0.567928
v -0.177196 0.321054 -0.553997
v -0.203917 0.312343 -0.542831
v -0.328298 0.553737 -0.514331
v -0.337448 0.492984 -0.523954
v -0.285177 0.485533 -0.547769
v -0.315250 0.488313 -0.531740
v -0.285919 0.544558 -0.538865
v -0.310452 0.549518 -0.521567
v 0.295034 0.260458 -0.540829
v 0.158893 0.239164 -0.547310
v 0.133618 0.277844 -0.577174
v 0.237499 0.294563 -0.576722
v 0.144814 0.256447 -0.559766
v 0.264258 0.275071 -0.556637
v 0.237499 0.294563 -0.576722
v 0.318122 0.331212 -0.576826
v 0.264258 0.275071 -0.556637
v 0.356595 0.316265 -0.556473
v 0.396795 0.305618 -0.538806
v -0.100503 0.265855 -0.545085
v -0.068028 0.301029 -0.572111
v -0.083361 0.281588 -0.557549
v 0.462530 0.362100 -0.537901
v 0.370326 0.381125 -0.577227
v 0.416947 0.370493 -0.556696
v 0.398055 0.439520 -0.575439
v 0.450786 0.432372 -0.554835
v 0.500128 0.425536 -0.535439
v 0.511390 0.492547 -0.529597
v 0.406137 0.501599 -0.570286
v 0.461069 0.497648 -0.549594
v 0.389151 0.561492 -0.560878
v 0.442682 0.561306 -0.540718
v 0.493210 0.558341 -0.520848
v 0.371431 0.657944 -0.498316
v 0.267320 0.680261 -0.487847
v 0.204387 0.657863 -0.531414
v 0.232554 0.670170 -0.508845
v 0.285307 0.643375 -0.538731
v 0.326130 0.653459 -0.518098
v 0.108825 0.652576 -0.528604
v 0.122638 0.666664 -0.503239
v 0.204387 0.657863 -0.531414
v 0.232554 0.670170 -0.508845
v 0.136339 0.678667 -0.486371
v 0.446241 0.616202 -0.510127
v 0.348580 0.611842 -0.549200
v 0.396610 0.615616 -0.529449
v -0.292399 0.607943 -0.502557
v -0.188250 0.619909 -0.528915
v -0.254638 0.591765 -0.531910
v -0.204769 0.631994 -0.503046
v -0.276280 0.601306 -0.511217
v -0.091835 0.631068 -0.528225
v -0.101563 0.644547 -0.500444
v 0.010964 0.639090 -0.528700
v 0.014789 0.650285 -0.502728
v -0.203457 0.430689 -0.573067
v -0.168788 0.385536 -0.577812
v -0.121122 0.350371 -0.581689
v -0.222438 0.531256 -0.560203
v -0.222779 0.481633 -0.566920
v 0.209614 0.327638 -0.593975
v 0.122904 0.317184 -0.591973
v 0.209614 0.327638 -0.593975
v 0.277581 0.352002 -0.594961
v -0.051561 0.328988 -0.585686
v 0.317892 0.392914 -0.596303
v 0.338971 0.444969 -0.595273
v 0.342463 0.501711 -0.589927
v 0.327486 0.555991 -0.579969
v 0.245692 0.625262 -0.558246
v 0.177651 0.631379 -0.554049
v 0.177651 0.631379 -0.554049
v 0.096903 0.623164 -0.552589
v 0.293959 0.599275 -0.567944
v -0.199928 0.570804 -0.554805
v -0.149222 0.593774 -0.552218
v -0.072388 0.603598 -0.552040
v 0.012461 0.612169 -0.552299
v 0.015449 0.581214 -0.571999
v 0.016428 0.549177 -0.586553
v 0.018074 0.514352 -0.596459
v 0.021514 0.476250 -0.602798
v 0.026356 0.436332 -0.605215
v 0.031420 0.396169 -0.604303
v 0.034549 0.356754 -0.599047
v 0.033214 0.318267 -0.589081
v 0.028180 0.259316 -0.560077
v 0.030196 0.283271 -0.575284
v 0.025518 0.216054 -0.533934
v 0.027290 0.241781 -0.548289
v 0.036239 0.175846 -0.512515
v 0.042793 0.140176 -0.483510
v 0.045662 0.114122 -0.445415
v 0.045989 0.099768 -0.400908
v -0.387872 0.117814 -0.103899
v -0.317926 0.101666 -0.099777
v -0.452866 0.145017 -0.108326
v -0.513804 0.182081 -0.111306
v -0.554174 0.911379 -0.151558
v -0.493845 0.929811 -0.153182
v -0.655402 0.747902 -0.111558
v -0.608729 0.856046 -0.142238
v -0.564851 0.228762 -0.112211
v -0.672833 0.424839 -0.109141
v -0.672833 0.424839 -0.109141
v -0.690093 0.516317 -0.106220
v -0.688802 0.586841 -0.104374
v -0.676547 0.661837 -0.104878
v 0.051772 0.830067 -0.104967
v 0.063101 0.846215 -0.095907
v 0.060372 0.830742 -0.161330
v 0.074630 0.848157 -0.151358
v 0.055308 0.866678 -0.092444
v 0.023931 0.903705 -0.098568
v 0.099194 0.869399 -0.199543
v 0.071205 0.868962 -0.150149
v 0.052550 0.898204 -0.162020
v 0.086752 0.895668 -0.209938
v 0.191716 0.869829 -0.271848
v 0.138867 0.869385 -0.240596
v 0.129607 0.894230 -0.249078
v 0.183501 0.894171 -0.279721
v 0.259809 0.870964 -0.289590
v 0.250482 0.895646 -0.299540
v 0.327991 0.897151 -0.304233
v 0.340372 0.871164 -0.290287
v 0.413633 0.901718 -0.287054
v 0.428321 0.872394 -0.265835
v 0.509529 0.873143 -0.206038
v 0.508728 0.906708 -0.236459
v -0.112981 1.226920 0.096968
v -0.104921 1.277670 0.104464
v -0.116043 1.227810 0.086848
v -0.111023 1.279440 0.084156
v -0.109770 1.223660 0.106888
v -0.098597 1.271220 0.124230
v -0.106656 1.218200 0.115860
v -0.092465 1.260370 0.142114
v -0.103765 1.210780 0.123445
v -0.086808 1.245610 0.157276
v -0.101237 1.201750 0.129302
v -0.081863 1.227640 0.168946
v -0.099183 1.191560 0.133142
v -0.077896 1.207330 0.176635
v -0.097722 1.180670 0.134803
v -0.074931 1.185630 0.179719
v -0.096877 1.169600 0.134188
v -0.073344 1.163630 0.178451
v -0.096706 1.158870 0.131341
v -0.073085 1.142330 0.172735
v -0.097233 1.148990 0.126358
v -0.074182 1.122730 0.162733
v -0.098582 1.140210 0.118907
v -0.076999 1.105340 0.147860
v -0.101429 1.132540 0.107089
v -0.082775 1.090330 0.124727
v -0.107227 1.129140 0.087189
v -0.093578 1.080800 0.085424
v -0.104380 1.130060 0.096753
v -0.088499 1.083950 0.104182
v -0.090493 1.327370 0.109810
v -0.099561 1.329980 0.079626
v -0.081114 1.317810 0.139103
v -0.072032 1.301730 0.165602
v -0.063661 1.279880 0.188075
v -0.056402 1.253280 0.205468
v -0.050582 1.223180 0.216961
v -0.046482 1.190990 0.222025
v -0.044228 1.158240 0.220238
v -0.043976 1.126500 0.211845
v -0.045629 1.097460 0.196875
v -0.049707 1.072110 0.173891
v -0.058308 1.049900 0.140223
v -0.067205 1.038920 0.109765
v -0.070141 1.375370 0.112983
v -0.082048 1.378790 0.073368
v -0.057855 1.362840 0.151374
v -0.045956 1.341760 0.186110
v -0.034983 1.313130 0.215559
v -0.025463 1.278270 0.238351
v -0.017841 1.238830 0.253417
v -0.012465 1.196640 0.260060
v -0.009589 1.153670 0.257954
v -0.009322 1.112020 0.247018
v -0.011568 1.074110 0.226977
v -0.017196 1.040940 0.196809
v -0.028562 1.011430 0.153198
v -0.040121 0.996658 0.113213
v -0.058745 1.425160 0.065480
v -0.044176 1.420980 0.113954
v -0.029162 1.405660 0.160879
v -0.014608 1.379890 0.203341
v -0.001196 1.344890 0.239337
v 0.010437 1.302290 0.267200
v 0.019757 1.254070 0.285617
v 0.026326 1.202490 0.293728
v 0.029840 1.149980 0.291163
v 0.030130 1.098970 0.278025
v 0.027223 1.052480 0.253810
v 0.020039 1.013150 0.214907
v 0.006908 0.979167 0.163207
v -0.008061 0.958341 0.113643
v -0.029985 1.468400 0.056071
v -0.012969 1.463530 0.112694
v 0.004558 1.445640 0.167478
v 0.021544 1.415560 0.217035
v 0.037203 1.374700 0.259059
v 0.050786 1.324970 0.291585
v 0.061663 1.268690 0.313079
v 0.069336 1.208480 0.322555
v 0.073429 1.147180 0.319552
v 0.073770 1.087640 0.304219
v 0.070256 1.033350 0.275927
v 0.061596 0.988146 0.229217
v 0.046730 0.948688 0.169057
v 0.027386 0.925778 0.109750
v 0.003809 1.507890 0.045283
v 0.023019 1.502390 0.109231
v 0.042808 1.482200 0.171066
v 0.061981 1.448250 0.227007
v 0.079650 1.402130 0.274444
v 0.094982 1.346000 0.311152
v 0.107268 1.282460 0.335419
v 0.115920 1.214500 0.346110
v 0.120547 1.145310 0.342722
v 0.120932 1.078100 0.325417
v 0.116995 1.016280 0.294492
v 0.107461 0.964739 0.241724
v 0.042141 1.543050 0.033265
v 0.063271 1.537000 0.103604
v 0.085032 1.514810 0.171593
v 0.106111 1.477490 0.233102
v 0.125537 1.426770 0.285254
v 0.142397 1.365050 0.325617
v 0.155905 1.295190 0.352301
v 0.165418 1.220480 0.364053
v 0.170504 1.144390 0.360331
v 0.170919 1.070500 0.341306
v 0.166589 1.002580 0.307400
v 0.157233 0.947279 0.257910
v 0.084454 1.573380 0.020208
v 0.107201 1.566870 0.095908
v 0.130608 1.542990 0.169057
v 0.153288 1.502830 0.235229
v 0.174189 1.448270 0.291348
v 0.192332 1.381860 0.334774
v 0.206856 1.306700 0.363481
v 0.217103 1.226310 0.376123
v 0.222575 1.144450 0.372119
v 0.223019 1.064950 0.351648
v 0.218259 0.992209 0.314888
v 0.208250 0.933985 0.265962
v 0.130133 1.598420 0.006284
v 0.154163 1.591540 0.086247
v 0.178875 1.566330 0.163489
v 0.202830 1.523920 0.233369
v 0.224903 1.466310 0.292623
v 0.244054 1.396180 0.338481
v 0.259394 1.316820 0.368790
v 0.270211 1.231930 0.382151
v 0.275987 1.145490 0.377917
v 0.276461 1.061530 0.356297
v 0.271561 0.984202 0.318069
v 0.262026 0.923353 0.267949
v 0.178512 1.617810 -0.008292
v 0.203468 1.610670 0.074755
v 0.229136 1.584490 0.154970
v 0.254011 1.540450 0.227534
v 0.276929 1.480630 0.289072
v 0.296814 1.407800 0.336686
v 0.312747 1.325390 0.368168
v 0.323972 1.237240 0.382032
v 0.330378 1.147320 0.377776
v 0.331394 1.060040 0.355511
v 0.325863 0.979694 0.315919
v 0.319650 0.913737 0.262299
v 0.254700 1.634940 -0.030935
v 0.280317 1.627610 0.054321
v 0.306652 1.600740 0.136627
v 0.332180 1.555560 0.211096
v 0.355698 1.494160 0.274236
v 0.376109 1.419430 0.323103
v 0.392458 1.334870 0.355408
v 0.403779 1.244400 0.368931
v 0.410778 1.151820 0.363645
v 0.413685 1.062510 0.343441
v 0.405714 0.980124 0.300964
v 0.394830 0.908428 0.245869
v 0.332647 1.639700 -0.053801
v 0.358181 1.632410 0.031166
v 0.384420 1.605640 0.113176
v 0.409852 1.560620 0.187370
v 0.455605 1.501640 0.241539
v 0.469596 1.435120 0.285313
v 0.487731 1.361430 0.309839
v 0.481273 1.251120 0.341698
v 0.495294 1.162890 0.342469
v 0.499179 1.071130 0.324260
v 0.486893 0.988206 0.278254
v 0.472243 0.916280 0.221780
v 0.384532 1.634550 -0.068822
v 0.409503 1.627420 0.014292
v 0.435171 1.601230 0.094507
v 0.477967 1.551730 0.173906
v 0.531913 1.293920 0.304605
v 0.574434 1.201870 0.303530
v 0.577555 1.088810 0.291971
v 0.565010 1.003490 0.248901
v 0.544406 0.934897 0.186510
v 0.435401 1.623220 -0.083414
v 0.459453 1.616360 -0.003354
v 0.504154 1.581240 0.099519
v 0.484521 1.605890 -0.097345
v 0.507305 1.599390 -0.021512
v 0.543182 1.576140 0.062314
v 0.639101 1.100600 0.247226
v 0.638033 1.195650 0.253861
v 0.629010 1.022190 0.209027
v 0.607679 0.960876 0.147059
v 0.531171 1.582800 -0.110416
v 0.552347 1.576750 -0.039921
v 0.581900 1.558720 0.028075
v 0.672969 1.195730 0.210355
v 0.677537 1.112500 0.200049
v 0.673733 1.039200 0.171459
v 0.650430 0.981407 0.115222
v 0.574671 1.554290 -0.122450
v 0.593940 1.548790 -0.058316
v 0.621915 1.529820 0.001035
v 0.708076 1.122690 0.156490
v 0.696977 1.198480 0.165973
v 0.704413 1.060390 0.128968
v 0.685447 1.007250 0.081991
v 0.614382 1.520770 -0.133260
v 0.631457 1.515900 -0.076422
v 0.657800 1.494270 -0.020437
v 0.728213 1.199410 0.109157
v 0.729933 1.135600 0.101899
v 0.726093 1.091230 0.072301
v 0.716506 1.049860 0.006840
v 0.663361 0.952358 0.001532
v 0.714208 1.026920 -0.059369
v 0.643527 0.948043 -0.125052
v 0.600369 0.914033 -0.110824
v 0.623057 0.925874 0.029313
v 0.661158 1.463140 -0.145560
v 0.676306 1.456560 -0.088737
v 0.689370 1.446410 -0.047314
v 0.679679 1.431890 -0.150231
v 0.698430 1.418360 -0.093082
v 0.699913 1.401690 -0.155436
v 0.718760 1.387490 -0.096908
v -0.113759 1.176340 0.087782
v 0.617689 1.387380 0.169517
v 0.634504 1.401090 0.152998
v 0.607657 1.404450 0.166648
v 0.623546 1.414470 0.151878
v 0.596128 1.397500 0.175893
v 0.605626 1.375760 0.180038
v 0.601192 1.420660 0.159826
v 0.591790 1.418150 0.165439
v 0.614471 1.425870 0.149150
v 0.641066 1.356200 0.164201
v 0.655909 1.372420 0.149847
v 0.629418 1.371000 0.168738
v 0.645685 1.386720 0.152167
v 0.617458 1.355830 0.178214
v 0.630381 1.339840 0.171452
v 0.659460 1.333900 0.147222
v 0.667994 1.346350 0.141328
v 0.651157 1.343610 0.156497
v 0.663464 1.358610 0.145969
v 0.643364 1.328660 0.161250
v 0.654233 1.320970 0.149091
v 0.673889 1.336510 0.131986
v 0.669492 1.337140 0.138169
v 0.672903 1.329390 0.128657
v 0.666044 1.328320 0.138036
v 0.663694 1.317910 0.136738
v 0.672154 1.320190 0.124453
v 0.679657 1.328940 0.113154
v 0.685151 1.343060 0.103248
v 0.679094 1.337280 0.120538
v 0.682793 1.350090 0.114955
v 0.677907 1.342830 0.127419
v 0.677410 1.352820 0.128723
v 0.668854 1.381870 0.129695
v 0.674912 1.366730 0.129257
v 0.677633 1.383550 0.107993
v 0.682460 1.366220 0.110736
v 0.686738 1.360940 0.095144
v 0.682882 1.380590 0.089658
v 0.648184 1.411260 0.131519
v 0.659438 1.396930 0.130347
v 0.656517 1.416850 0.109157
v 0.668721 1.400780 0.107355
v 0.673615 1.400390 0.087848
v 0.660150 1.418920 0.090614
v 0.625229 1.433430 0.132497
v 0.636091 1.423650 0.132305
v 0.628610 1.439670 0.117343
v 0.642593 1.430150 0.112634
v 0.644194 1.433740 0.096968
v 0.627831 1.443630 0.105976
v 0.610674 1.439460 0.138533
v 0.617844 1.440050 0.131407
v 0.606115 1.441970 0.136175
v 0.616205 1.444010 0.124393
v 0.613218 1.447720 0.117684
v 0.601096 1.444640 0.133409
v 0.600361 1.433450 0.149402
v 0.608028 1.433410 0.146881
v 0.593318 1.434570 0.150788
v 0.599546 1.375790 0.212023
v 0.615272 1.345310 0.206551
v 0.604639 1.374640 0.200420
v 0.618763 1.348310 0.195882
v 0.635846 1.334490 0.177798
v 0.622167 1.351300 0.185205
v 0.634845 1.328570 0.187674
v 0.605959 1.487290 0.145628
v 0.595052 1.473310 0.173142
v 0.607479 1.470300 0.141165
v 0.597648 1.457920 0.165098
v 0.596002 1.423930 0.173936
v 0.600235 1.442530 0.157061
v 0.591931 1.435850 0.184382
v 0.587861 1.447770 0.194836
v 0.588328 1.412040 0.208056
v 0.594081 1.405660 0.196623
v 0.609733 1.373500 0.188824
v 0.599835 1.399270 0.185190
v 0.653699 1.307060 0.186303
v 0.651653 1.315030 0.176961
v 0.633644 1.322440 0.197795
v 0.661373 1.315230 0.154970
v 0.649258 1.322800 0.167923
v 0.665740 1.306540 0.161776
v 0.670122 1.297640 0.168798
v 0.683045 1.293870 0.147556
v 0.677426 1.303220 0.143856
v 0.671776 1.312360 0.140179
v 0.680977 1.314720 0.124801
v 0.687983 1.305810 0.125261
v 0.689044 1.323350 0.109928
v 0.698230 1.317360 0.106896
v 0.695345 1.338850 0.096486
v 0.706207 1.336360 0.089984
v 0.707571 1.310990 0.103129
v 0.695049 1.297050 0.125735
v 0.714393 1.360840 0.066659
v 0.706489 1.359760 0.077083
v 0.715801 1.333930 0.082043
v 0.697696 1.359520 0.085068
v 0.694233 1.382730 0.077617
v 0.700306 1.385290 0.068786
v 0.691838 1.417040 0.056301
v 0.687916 1.411090 0.066273
v 0.706155 1.388550 0.058347
v 0.683794 1.405730 0.075585
v 0.668358 1.426310 0.079952
v 0.670790 1.435100 0.071374
v 0.652209 1.467150 0.076386
v 0.651046 1.454640 0.082836
v 0.673192 1.443950 0.062766
v 0.649874 1.442120 0.089287
v 0.633399 1.452410 0.101906
v 0.634081 1.468120 0.098429
v 0.619527 1.490980 0.118158
v 0.619742 1.473540 0.117839
v 0.634756 1.483830 0.094951
v 0.619957 1.456110 0.117513
v 0.608999 1.453300 0.136701
v 0.641940 1.320520 0.163667
v 0.653848 1.313230 0.150306
v 0.641940 1.320520 0.163667
v 0.628195 1.331840 0.174640
v 0.592072 1.394850 0.180623
v 0.601659 1.370600 0.184575
v 0.592072 1.394850 0.180623
v 0.588061 1.417700 0.168434
v 0.614122 1.348870 0.181943
v 0.628195 1.331840 0.174640
v 0.614122 1.348870 0.181943
v 0.601659 1.370600 0.184575
v 0.664087 1.310470 0.136130
v 0.673103 1.313110 0.121873
v 0.664087 1.310470 0.136130
v 0.653848 1.313230 0.150306
v 0.590411 1.435720 0.151678
v 0.588061 1.417700 0.168434
v 0.590411 1.435720 0.151678
v 0.598997 1.446270 0.132097
v 0.686945 1.336970 0.096301
v 0.680821 1.321890 0.108290
v 0.680821 1.321890 0.108290
v 0.673103 1.313110 0.121873
v 0.598997 1.446270 0.132097
v 0.611490 1.449740 0.114258
v 0.611490 1.449740 0.114258
v 0.626779 1.445730 0.100134
v 0.685944 1.377830 0.079418
v 0.689548 1.356240 0.086165
v 0.689548 1.356240 0.086165
v 0.686945 1.336970 0.096301
v 0.626779 1.445730 0.100134
v 0.643898 1.435340 0.088649
v 0.643898 1.435340 0.088649
v 0.661373 1.419720 0.080323
v 0.661373 1.419720 0.080323
v 0.675801 1.399480 0.077291
v 0.675801 1.399480 0.077291
v 0.685944 1.377830 0.079418
v 0.641940 1.320520 0.163667
v 0.653848 1.313230 0.150306
v 0.641940 1.320520 0.163667
v 0.628195 1.331840 0.174640
v 0.592072 1.394850 0.180623
v 0.601659 1.370600 0.184575
v 0.588061 1.417700 0.168434
v 0.592072 1.394850 0.180623
v 0.628195 1.331840 0.174640
v 0.614122 1.348870 0.181943
v 0.601659 1.370600 0.184575
v 0.614122 1.348870 0.181943
v 0.664087 1.310470 0.136130
v 0.673103 1.313110 0.121873
v 0.653848 1.313230 0.150306
v 0.664087 1.310470 0.136130
v 0.588061 1.417700 0.168434
v 0.590411 1.435720 0.151678
v 0.598997 1.446270 0.132097
v 0.590411 1.435720 0.151678
v 0.680821 1.321890 0.108290
v 0.686945 1.336970 0.096301
v 0.673103 1.313110 0.121873
v 0.680821 1.321890 0.108290
v 0.598997 1.446270 0.132097
v 0.611490 1.449740 0.114258
v 0.626779 1.445730 0.100134
v 0.611490 1.449740 0.114258
v 0.689548 1.356240 0.086165
v 0.685944 1.377830 0.079418
v 0.686945 1.336970 0.096301
v 0.689548 1.356240 0.086165
v 0.626779 1.445730 0.100134
v 0.643898 1.435340 0.088649
v 0.661373 1.419720 0.080323
v 0.643898 1.435340 0.088649
v 0.661373 1.419720 0.080323
v 0.675801 1.399480 0.077291
v 0.685944 1.377830 0.079418
v 0.675801 1.399480 0.077291
v 0.717477 1.300250 0.095671
v 0.725233 1.329830 0.067081
v 0.703049 1.281940 0.127300
v 0.721177 1.363200 0.047730
v 0.708876 1.397010 0.038848
v 0.623546 1.311570 0.227541
v 0.592932 1.342010 0.238217
v 0.573232 1.381680 0.244749
v 0.650801 1.493590 0.059719
v 0.626852 1.515750 0.081635
v 0.673926 1.462790 0.044134
v 0.560087 1.473270 0.216990
v 0.569459 1.504090 0.185398
v 0.585355 1.521520 0.147897
v 0.561303 1.429470 0.237928
v 0.674163 1.282030 0.185732
v 0.652135 1.292830 0.209902
v 0.689562 1.277830 0.157988
v 0.692988 1.429880 0.036957
v 0.605470 1.526100 0.111863
v 0.726026 1.275660 0.084757
v 0.729533 1.316260 0.043348
v 0.713592 1.253400 0.126099
v 0.723965 1.360970 0.017050
v 0.708958 1.402880 0.008004
v 0.565247 1.326140 0.276949
v 0.604142 1.284850 0.253476
v 0.533566 1.373680 0.280990
v 0.636929 1.516850 0.030877
v 0.601785 1.544540 0.056560
v 0.668521 1.481520 0.015463
v 0.520220 1.530090 0.189305
v 0.504599 1.493210 0.234570
v 0.544777 1.551900 0.140957
v 0.511249 1.442260 0.268356
v 0.639865 1.265080 0.225154
v 0.668083 1.256100 0.196379
v 0.692202 1.252380 0.165350
v 0.690541 1.443170 0.006929
v 0.572187 1.556610 0.095611
v 0.739550 1.298720 0.009561
v 0.738222 1.240510 0.068875
v 0.729303 1.354320 -0.032537
v 0.711249 1.402380 -0.038720
v 0.759205 1.175270 -0.094261
v 0.761644 1.165720 -0.088314
v 0.749633 1.165530 -0.097389
v 0.759716 1.160370 -0.099236
v 0.750849 1.163660 -0.090413
v 0.746763 1.172260 -0.133023
v 0.754185 1.158820 -0.138516
v 0.740417 1.171570 -0.161597
v 0.748654 1.158130 -0.163999
v 0.757054 1.158950 -0.117089
v 0.747512 1.169600 -0.112522
v 0.760488 1.194380 -0.126624
v 0.757440 1.187320 -0.108711
v 0.778207 1.215290 -0.173927
v 0.787980 1.215280 -0.136567
v 0.750456 1.191620 -0.164370
v 0.781707 1.271100 -0.044585
v 0.766107 1.274950 -0.038135
v 0.769644 1.222050 0.029432
v 0.756269 1.218570 0.036571
v 0.749870 1.208080 0.062002
v 0.752258 1.283800 -0.027554
v 0.725032 1.082230 -0.020948
v 0.730430 1.068750 -0.103143
v 0.758359 1.081570 -0.044555
v 0.758715 1.073380 -0.109986
v 0.752065 1.065250 -0.162769
v 0.723201 1.059690 -0.152641
v 0.730430 1.068750 -0.103143
v 0.756543 1.314570 -0.074183
v 0.752258 1.283800 -0.027554
v 0.742945 1.317870 -0.068385
v 0.741744 1.347690 -0.119588
v 0.742945 1.317870 -0.068385
v 0.730089 1.347230 -0.116266
v 0.759894 1.341760 -0.124407
v 0.776673 1.309200 -0.079721
v 0.817666 1.276210 -0.059139
v 0.799509 1.273830 -0.051265
v 0.815976 1.228730 0.008286
v 0.795957 1.227830 0.019963
v 0.764239 1.173640 0.074970
v 0.794986 1.176560 0.067296
v 0.766345 1.202050 0.060772
v 0.796098 1.203600 0.048864
v 0.821877 1.171110 0.046662
v 0.823917 1.199360 0.032812
v 0.795468 1.143050 0.059066
v 0.766804 1.140450 0.071975
v 0.783479 1.084710 -0.058005
v 0.790322 1.100080 0.016597
v 0.764373 1.098760 0.033850
v 0.814612 1.109020 -0.002969
v 0.807256 1.087850 -0.071291
v 0.780128 1.076350 -0.120211
v 0.801169 1.081170 -0.136233
v 0.773477 1.069010 -0.169108
v 0.798634 1.073080 -0.176552
v 0.778467 1.335640 -0.129456
v 0.795268 1.307580 -0.084778
v 0.801251 1.328420 -0.135803
v 0.813351 1.306110 -0.090620
v 0.835075 1.176850 0.024686
v 0.834830 1.161490 0.026288
v 0.830011 1.140260 0.035037
v 0.903783 1.106340 -0.091577
v 0.917610 1.086720 -0.141260
v 0.911709 1.122570 -0.101186
v 0.924261 1.110420 -0.148022
v 0.892610 1.078960 -0.127825
v 0.888584 1.091040 -0.092719
v 0.921266 1.098890 -0.180081
v 0.913177 1.072670 -0.176789
v 0.913867 1.094570 -0.211013
v 0.904702 1.070670 -0.207351
v 0.883001 1.061640 -0.200804
v 0.889763 1.066660 -0.167455
v 0.943976 1.383990 -0.171755
v 0.943523 1.358040 -0.113701
v 0.960984 1.367890 -0.174832
v 0.961799 1.340370 -0.114887
v 0.938845 1.316450 -0.074546
v 0.954037 1.294020 -0.075814
v 0.791990 1.163970 -0.077482
v 0.789833 1.186590 -0.093364
v 0.819698 1.177060 -0.065760
v 0.823405 1.195790 -0.092659
v 0.823865 1.157920 -0.033997
v 0.816235 1.160260 -0.053727
v 0.782737 1.157730 -0.097916
v 0.808413 1.153690 -0.096537
v 0.798693 1.144930 -0.148934
v 0.774160 1.150640 -0.143959
v 0.803171 1.148150 -0.124815
v 0.778096 1.152650 -0.120804
v 0.768324 1.149440 -0.169597
v 0.792991 1.142950 -0.176596
v 0.831835 1.233750 -0.005660
v 0.835372 1.280100 -0.067851
v 0.848272 1.292100 -0.074806
v 0.852625 1.245870 -0.018109
v 0.835372 1.168960 -0.030972
v 0.841318 1.185710 -0.063610
v 0.857451 1.178060 -0.035258
v 0.862686 1.193130 -0.066583
v 0.847701 1.204770 -0.093734
v 0.868232 1.214140 -0.095276
v 0.833881 1.170340 -0.003228
v 0.857155 1.178140 -0.010984
v 0.828751 1.156580 -0.005445
v 0.828336 1.160650 -0.002435
v 0.840376 1.183100 0.012490
v 0.859097 1.188860 0.003252
v 0.850712 1.232250 -0.118706
v 0.824806 1.220500 -0.115955
v 0.871182 1.244050 -0.120018
v 0.846456 1.240170 -0.151551
v 0.864413 1.249100 -0.156051
v 0.824754 1.230100 -0.145108
v 0.888191 1.282750 -0.045668
v 0.901959 1.307080 -0.064655
v 0.871990 1.317760 -0.091606
v 0.880999 1.332290 -0.102009
v 0.887516 1.344160 -0.111099
v 0.911968 1.334190 -0.090101
v 0.922897 1.238180 -0.072025
v 0.918070 1.243320 -0.090339
v 0.942515 1.269910 -0.096263
v 0.934241 1.268200 -0.108934
v 0.915661 1.253000 -0.110513
v 0.927753 1.268380 -0.118772
v 0.899564 1.236240 -0.102795
v 0.899394 1.222500 -0.079002
v 0.901003 1.213410 -0.057886
v 0.904806 1.214590 -0.040559
v 0.929703 1.240470 -0.055907
v 0.908128 1.225360 -0.029371
v 0.934426 1.253580 -0.045556
v 0.950537 1.278610 -0.084207
v 0.866067 1.335980 -0.115288
v 0.875542 1.347820 -0.123095
v 0.859460 1.340220 -0.153694
v 0.868728 1.351080 -0.158513
v 0.885707 1.358520 -0.129256
v 0.880213 1.363270 -0.164059
v 0.913940 1.278080 -0.132948
v 0.898207 1.264650 -0.126372
v 0.929117 1.288170 -0.139117
v 0.909752 1.284780 -0.168885
v 0.928436 1.300180 -0.175358
v 0.892928 1.269740 -0.163569
v 0.915424 1.365450 -0.122591
v 0.913103 1.385820 -0.169330
v 0.940891 1.294640 -0.138324
v 0.943716 1.312540 -0.179443
v 0.950404 1.303440 -0.132941
v 0.953962 1.327640 -0.178798
v 0.829299 1.090110 -0.083621
v 0.836906 1.110700 -0.020748
v 0.857392 1.107230 -0.036363
v 0.848317 1.088560 -0.096381
v 0.836929 1.139090 0.000968
v 0.856702 1.133760 -0.020926
v 0.839642 1.149270 -0.007343
v 0.860135 1.147460 -0.027673
v 0.836402 1.155860 -0.062298
v 0.832265 1.151220 -0.103417
v 0.851809 1.141350 -0.135766
v 0.827372 1.146180 -0.130324
v 0.855323 1.146830 -0.107629
v 0.822292 1.081450 -0.140185
v 0.841511 1.079940 -0.146242
v 0.818660 1.069770 -0.182320
v 0.835950 1.070640 -0.187273
v 0.822626 1.141080 -0.153812
v 0.818267 1.137090 -0.183173
v 0.846693 1.138300 -0.160203
v 0.841132 1.134610 -0.189875
v 0.865792 1.081620 -0.110609
v 0.875631 1.100720 -0.063758
v 0.881600 1.123140 -0.052066
v 0.886597 1.139500 -0.056433
v 0.885351 1.139060 -0.143610
v 0.882163 1.140840 -0.112463
v 0.853967 1.064880 -0.192404
v 0.859475 1.074390 -0.153597
v 0.882578 1.134560 -0.171125
v 0.875994 1.131720 -0.200641
v 0.831168 1.306140 -0.098161
v 0.844929 1.314250 -0.102884
v 0.820565 1.323880 -0.141586
v 0.839442 1.324850 -0.146398
v 0.878886 1.258170 -0.159581
v 0.885233 1.253320 -0.122287
v 0.884714 1.224120 -0.097909
v 0.907371 1.250970 -0.025367
v 0.885596 1.227180 -0.009901
v 0.884424 1.201480 -0.010650
v 0.859995 1.213230 0.005602
v 0.872109 1.262270 -0.030335
v 0.861099 1.304340 -0.082605
v 0.878345 1.188720 -0.044251
v 0.881236 1.205680 -0.071432
v 0.924098 1.280850 -0.044659
v 0.837426 1.206250 0.017754
v 0.743672 1.172950 0.078803
v 0.749870 1.208080 0.062002
v 0.801607 1.123040 0.041465
v 0.730089 1.347230 -0.116266
v 0.716609 1.361110 -0.159358
v 0.728517 1.364630 -0.164526
v 0.743568 1.358830 -0.167173
v 0.766211 1.351680 -0.173616
v 0.789611 1.343050 -0.180244
v 0.810749 1.335600 -0.186235
v 0.829529 1.331260 -0.191618
v 0.851416 1.331140 -0.149897
v 0.841259 1.334780 -0.195125
v 0.849244 1.342480 -0.197638
v 0.857941 1.352220 -0.200404
v 0.869900 1.366830 -0.204237
v 0.904947 1.394330 -0.215114
v 0.937133 1.394470 -0.224507
v 0.960880 1.347210 -0.176366
v 0.955972 1.360050 -0.229201
v 0.954994 1.380230 -0.229393
v 0.949967 1.339680 -0.226969
v 0.937963 1.322090 -0.223054
v 0.920955 1.305360 -0.217701
v 0.901255 1.286040 -0.211495
v 0.883638 1.268320 -0.205942
v 0.870197 1.256940 -0.201745
v 0.856599 1.249600 -0.197608
v 0.837714 1.241690 -0.191907
v 0.814537 1.230620 -0.184885
v 0.916357 1.115800 -0.179377
v 0.918960 1.124860 -0.149156
v 0.909181 1.111960 -0.210087
v 0.842971 1.155190 -0.025011
v 0.829974 1.152770 0.017672
v 0.862805 1.151880 -0.045000
v 0.857510 1.151290 -0.073130
v 0.885833 1.144510 -0.069720
v 0.876284 1.146160 -0.084474
v 0.880828 1.189760 -0.022617
v 0.909233 1.131980 -0.108133
v 0.958359 1.319120 -0.124400
v 0.749870 1.208080 0.062002
v 0.785266 1.204520 -0.113783
v 0.857325 1.324790 -0.107807
v 0.713295 1.377320 -0.158765
v 0.729748 1.362880 -0.106843
v 0.716609 1.361110 -0.159358
v 0.730089 1.347230 -0.116266
v 0.741581 1.331030 -0.052763
v 0.752109 1.288250 -0.014001
v 0.750730 1.221230 0.062114
v 0.752258 1.283800 -0.027554
v 0.749870 1.208080 0.062002
v 0.742901 1.186160 0.088382
v 0.740083 1.141330 0.079930
v 0.734597 1.103470 0.049183
v 0.739950 1.142900 0.069995
v 0.731142 1.108500 0.035630
v 0.713963 1.041770 -0.151099
v 0.727842 1.053820 -0.072581
v 0.694560 1.007270 -0.144700
v 0.743672 1.172950 0.078803
v 0.739950 1.142900 0.069995
v 0.725032 1.082230 -0.020948
v 0.731142 1.108500 0.035630
v 0.728198 1.069300 -0.009679
v 0.731142 1.108500 0.035630
v 0.739950 1.142900 0.069995
v 0.730430 1.068750 -0.103143
v 0.723201 1.059690 -0.152641
v 0.730089 1.347230 -0.116266
v 0.742945 1.317870 -0.068385
v 0.742945 1.317870 -0.068385
v 0.752258 1.283800 -0.027554
v 0.749870 1.208080 0.062002
v 0.743672 1.172950 0.078803
v 0.743672 1.172950 0.078803
v 0.739950 1.142900 0.069995
v 0.731142 1.108500 0.035630
v 0.725032 1.082230 -0.020948
v 0.725032 1.082230 -0.020948
v 0.730430 1.068750 -0.103143
v 0.824554 1.132900 0.021817
v 0.795720 1.115210 0.032642
v -0.116777 1.276720 0.063856
v -0.118920 1.226450 0.076727
v -0.121989 1.269340 0.044090
v -0.121529 1.222740 0.066799
v -0.126304 1.257650 0.026199
v -0.123643 1.216850 0.057806
v -0.129514 1.242190 0.011029
v -0.125340 1.209090 0.050184
v -0.131465 1.223690 -0.000715
v -0.126260 1.199780 0.044290
v -0.132072 1.203010 -0.008485
v -0.126460 1.189380 0.040405
v -0.131242 1.181130 -0.011881
v -0.125956 1.178400 0.038714
v -0.128996 1.159100 -0.010739
v -0.124777 1.167340 0.039285
v -0.122953 1.156740 0.042080
v -0.125437 1.137980 -0.005119
v -0.120595 1.147070 0.047003
v -0.120803 1.118760 0.004683
v -0.115131 1.102010 0.019066
v -0.117659 1.138620 0.054336
v -0.107279 1.086840 0.043556
v -0.113552 1.131330 0.066332
v -0.101652 1.082620 0.062158
v -0.110734 1.129650 0.075763
v -0.108109 1.325960 0.049450
v -0.115843 1.315020 0.020156
v -0.122226 1.297690 -0.006350
v -0.126979 1.274790 -0.028830
v -0.129870 1.247380 -0.046231
v -0.130768 1.216740 -0.057745
v -0.129633 1.184310 -0.062824
v -0.126504 1.151600 -0.061238
v -0.121492 1.120180 -0.053008
v -0.114627 1.091680 -0.038394
v -0.106360 1.066940 -0.017434
v -0.094504 1.044010 0.019541
v -0.086200 1.037050 0.047389
v -0.093274 1.373520 0.033761
v -0.103401 1.359190 -0.004630
v -0.111772 1.336480 -0.039373
v -0.118000 1.306460 -0.068830
v -0.121796 1.270540 -0.091636
v -0.122968 1.230390 -0.106717
v -0.121477 1.187890 -0.113375
v -0.117385 1.145020 -0.111299
v -0.110883 1.103790 -0.100578
v -0.101881 1.066490 -0.081286
v -0.091138 1.034150 -0.053949
v -0.075605 1.004920 -0.006276
v -0.064513 0.994990 0.029506
v -0.072476 1.418710 0.017013
v -0.084858 1.401190 -0.029920
v -0.095090 1.373440 -0.072381
v -0.102704 1.336740 -0.108392
v -0.107339 1.292830 -0.136270
v -0.108777 1.243750 -0.154702
v -0.106953 1.191790 -0.162843
v -0.101948 1.139400 -0.160300
v -0.093800 1.089160 -0.146924
v -0.082404 1.044100 -0.122576
v -0.068117 1.005500 -0.086587
v -0.050686 0.972087 -0.034695
v -0.037318 0.956969 0.009858
v -0.046030 1.460870 -0.000544
v -0.060480 1.440420 -0.055328
v -0.072432 1.408020 -0.104893
v -0.081314 1.365190 -0.146932
v -0.086727 1.313930 -0.179473
v -0.088402 1.256640 -0.200997
v -0.086274 1.195990 -0.210494
v -0.080432 1.134820 -0.207529
v -0.070860 1.076250 -0.191759
v -0.057796 1.023530 -0.163577
v -0.041270 0.978226 -0.122769
v -0.018849 0.939531 -0.063855
v -0.004814 0.918178 -0.005030
v -0.014311 1.499390 -0.018657
v -0.030623 1.476310 -0.080492
v -0.044109 1.439740 -0.136441
v -0.054141 1.391390 -0.183892
v -0.060250 1.333530 -0.220622
v -0.062141 1.268860 -0.244919
v -0.059739 1.200400 -0.255640
v -0.053140 1.131360 -0.252289
v -0.042538 1.065090 -0.234776
v -0.028147 1.005140 -0.203577
v -0.008573 0.953878 -0.159247
v 0.004424 0.915093 0.028201
v 0.022211 1.533710 -0.037060
v 0.004276 1.508320 -0.105049
v -0.010552 1.468120 -0.166565
v -0.021585 1.414960 -0.218739
v -0.028295 1.351340 -0.259124
v -0.030378 1.280240 -0.285838
v -0.027731 1.204970 -0.297627
v -0.020488 1.129060 -0.293942
v -0.008973 1.056060 -0.274954
v 0.006582 0.989955 -0.241115
v 0.026697 0.937269 -0.197623
v 0.063004 1.563320 -0.055484
v 0.043705 1.536020 -0.128633
v 0.027750 1.492750 -0.194821
v 0.015887 1.435560 -0.250954
v 0.008665 1.367110 -0.294409
v 0.006426 1.290610 -0.323147
v 0.009266 1.209630 -0.335833
v 0.017066 1.127960 -0.331866
v 0.029455 1.049410 -0.311440
v 0.046434 0.979398 -0.274910
v 0.066934 0.928958 -0.234650
v 0.107483 1.587800 -0.073664
v 0.087101 1.558960 -0.150906
v 0.070256 1.513280 -0.220800
v 0.057718 1.452890 -0.280077
v 0.050096 1.380610 -0.325957
v 0.047731 1.299830 -0.356311
v 0.050734 1.214310 -0.369701
v 0.058971 1.128070 -0.365512
v 0.072050 1.045130 -0.343944
v 0.090549 0.972925 -0.305560
v 0.112406 0.925807 -0.269734
v 0.154979 1.606780 -0.091332
v 0.133818 1.576840 -0.171547
v 0.116321 1.529400 -0.244125
v 0.103309 1.466690 -0.305671
v 0.095390 1.391630 -0.353323
v 0.092936 1.307750 -0.384834
v 0.096057 1.218950 -0.398743
v 0.104606 1.129390 -0.394398
v 0.118189 1.043260 -0.372000
v 0.140588 0.969514 -0.333467
v 0.166434 0.924725 -0.299718
v 0.230545 1.623620 -0.116177
v 0.208829 1.592890 -0.198483
v 0.190871 1.544210 -0.272967
v 0.177525 1.479860 -0.336129
v 0.169392 1.402840 -0.385019
v 0.166871 1.316750 -0.417360
v 0.170074 1.225630 -0.431632
v 0.178853 1.133730 -0.427169
v 0.192791 1.045350 -0.404185
v 0.212106 0.970107 -0.362628
v 0.234200 0.927149 -0.324103
v 0.308573 1.628430 -0.138754
v 0.286938 1.597810 -0.220763
v 0.269055 1.549310 -0.294973
v 0.279242 1.487490 -0.362635
v 0.268335 1.418960 -0.404148
v 0.271308 1.344030 -0.431558
v 0.248332 1.231900 -0.453060
v 0.257073 1.140330 -0.448611
v 0.270960 1.052270 -0.425709
v 0.289770 0.977766 -0.383173
v 0.310100 0.931798 -0.337501
v 0.360984 1.623520 -0.151936
v 0.339816 1.593580 -0.232144
v 0.333826 1.540150 -0.319877
v 0.312043 1.277970 -0.451888
v 0.341114 1.180810 -0.467154
v 0.352740 1.069580 -0.447195
v 0.368836 0.993018 -0.394702
v 0.389366 0.942630 -0.337738
v 0.412721 1.612610 -0.163458
v 0.395527 1.572520 -0.272589
v 0.463034 1.595830 -0.173163
v 0.448502 1.568540 -0.262038
v 0.429789 1.085910 -0.452964
v 0.425748 1.175210 -0.466924
v 0.445010 1.009510 -0.406187
v 0.472910 0.948665 -0.334268
v 0.511197 1.573450 -0.180904
v 0.499772 1.552130 -0.253275
v 0.487168 1.099610 -0.440908
v 0.482059 1.177080 -0.457612
v 0.503568 1.025090 -0.400270
v 0.534827 0.967468 -0.329174
v 0.556498 1.545780 -0.186568
v 0.548409 1.523920 -0.250769
v 0.536228 1.113510 -0.412941
v 0.527864 1.182090 -0.432581
v 0.552413 1.046560 -0.380407
v 0.587364 0.994700 -0.318202
v 0.598286 1.513230 -0.190083
v 0.590656 1.488880 -0.250487
v 0.586371 1.126470 -0.372162
v 0.583546 1.187430 -0.382809
v 0.600213 1.083580 -0.343455
v 0.636573 1.031640 -0.296181
v 0.619223 0.966682 -0.233508
v 0.667364 1.012150 -0.232055
v 0.568080 0.933547 -0.233279
v 0.643461 1.453930 -0.201264
v 0.632939 1.441710 -0.242324
v 0.664762 1.416040 -0.208641
v 0.684454 1.382920 -0.215291
v 0.456050 1.374390 -0.384211
v 0.448917 1.391710 -0.377145
v 0.478930 1.388610 -0.379940
v 0.470130 1.402150 -0.373683
v 0.434311 1.384510 -0.378428
v 0.440339 1.362490 -0.386168
v 0.446923 1.408280 -0.368618
v 0.436017 1.405640 -0.368188
v 0.463798 1.413770 -0.366995
v 0.478930 1.343160 -0.391277
v 0.466541 1.357910 -0.389245
v 0.499030 1.359830 -0.387555
v 0.488984 1.374140 -0.384633
v 0.451446 1.342460 -0.390580
v 0.466052 1.326560 -0.391566
v 0.503776 1.321340 -0.386198
v 0.491683 1.330760 -0.389875
v 0.514089 1.333980 -0.385931
v 0.507646 1.346090 -0.387822
v 0.482504 1.315670 -0.389341
v 0.498356 1.308460 -0.384441
v 0.514356 1.316090 -0.381690
v 0.517129 1.324880 -0.383810
v 0.525225 1.317500 -0.377278
v 0.524194 1.324470 -0.380845
v 0.513088 1.305730 -0.378872
v 0.526931 1.308510 -0.373023
v 0.540743 1.338690 -0.371666
v 0.549106 1.332140 -0.362776
v 0.534767 1.325690 -0.373890
v 0.539312 1.317670 -0.367632
v 0.529993 1.330950 -0.379288
v 0.528762 1.340880 -0.380496
v 0.542530 1.354980 -0.368633
v 0.526196 1.354790 -0.380192
v 0.539713 1.372480 -0.364482
v 0.520658 1.369970 -0.377961
v 0.554037 1.370250 -0.351736
v 0.554586 1.350330 -0.357586
v 0.532321 1.389830 -0.359892
v 0.512183 1.385110 -0.374098
v 0.520865 1.405960 -0.355540
v 0.501892 1.399520 -0.369649
v 0.533870 1.408780 -0.341972
v 0.546942 1.390210 -0.346087
v 0.507090 1.419260 -0.351558
v 0.491112 1.412010 -0.364341
v 0.492647 1.428750 -0.348407
v 0.481733 1.421900 -0.359091
v 0.498059 1.433210 -0.338591
v 0.516817 1.423510 -0.339384
v 0.478345 1.432940 -0.347866
v 0.476009 1.428670 -0.354487
v 0.463531 1.430520 -0.352278
v 0.466141 1.427850 -0.356607
v 0.460758 1.433370 -0.347362
v 0.479390 1.436980 -0.340771
v 0.451675 1.421520 -0.359951
v 0.459490 1.421480 -0.361946
v 0.444980 1.422670 -0.357379
v 0.417955 1.361190 -0.410087
v 0.428521 1.360480 -0.402939
v 0.434222 1.330630 -0.413875
v 0.442964 1.334080 -0.406498
v 0.467260 1.320910 -0.399847
v 0.460899 1.314510 -0.407647
v 0.451713 1.337540 -0.399113
v 0.457748 1.475390 -0.362109
v 0.461640 1.458590 -0.358431
v 0.433933 1.460370 -0.378806
v 0.440636 1.445310 -0.372763
v 0.434927 1.410990 -0.377857
v 0.425725 1.422500 -0.384974
v 0.447331 1.430250 -0.366728
v 0.416524 1.434010 -0.392100
v 0.410259 1.397750 -0.401938
v 0.421344 1.391790 -0.395132
v 0.439086 1.359780 -0.395785
v 0.432421 1.385830 -0.388326
v 0.477811 1.293120 -0.415937
v 0.454530 1.308090 -0.415454
v 0.480895 1.301390 -0.407032
v 0.501181 1.302450 -0.393182
v 0.501107 1.293390 -0.401160
v 0.483979 1.309670 -0.398120
v 0.501010 1.284330 -0.409145
v 0.523542 1.281200 -0.397631
v 0.520814 1.290650 -0.391855
v 0.518085 1.300090 -0.386079
v 0.534219 1.302910 -0.377879
v 0.539920 1.293840 -0.381720
v 0.548980 1.312140 -0.369842
v 0.561362 1.328070 -0.362509
v 0.558478 1.306200 -0.371918
v 0.572832 1.326390 -0.362405
v 0.568747 1.300030 -0.373653
v 0.545637 1.284860 -0.385583
v 0.592710 1.351220 -0.348148
v 0.585718 1.323820 -0.360552
v 0.580113 1.350020 -0.352811
v 0.569414 1.349260 -0.355317
v 0.570422 1.372900 -0.348170
v 0.579772 1.375690 -0.343714
v 0.579468 1.407520 -0.330391
v 0.590129 1.379570 -0.337931
v 0.570771 1.401720 -0.335929
v 0.562052 1.395950 -0.341460
v 0.546430 1.416530 -0.337723
v 0.552984 1.425650 -0.332185
v 0.534219 1.457680 -0.327803
v 0.559539 1.434770 -0.326654
v 0.529926 1.444920 -0.332066
v 0.525633 1.432140 -0.336329
v 0.504828 1.442080 -0.338546
v 0.507075 1.457920 -0.336656
v 0.483905 1.480090 -0.346435
v 0.509314 1.473760 -0.334765
v 0.484484 1.462680 -0.345523
v 0.485055 1.445280 -0.344611
v 0.465533 1.441790 -0.354761
v 0.497303 1.300610 -0.384737
v 0.479983 1.307600 -0.390142
v 0.479983 1.307600 -0.390142
v 0.462433 1.318540 -0.392708
v 0.434601 1.357180 -0.387740
v 0.428387 1.381700 -0.380111
v 0.428387 1.381700 -0.380111
v 0.431271 1.405110 -0.368678
v 0.462433 1.318540 -0.392708
v 0.446634 1.335350 -0.391929
v 0.446634 1.335350 -0.391929
v 0.434601 1.357180 -0.387740
v 0.529147 1.301380 -0.370872
v 0.513763 1.298450 -0.378198
v 0.513763 1.298450 -0.378198
v 0.497303 1.300610 -0.384737
v 0.431271 1.405110 -0.368678
v 0.442029 1.423820 -0.356615
v 0.442029 1.423820 -0.356615
v 0.459668 1.435090 -0.345197
v 0.554430 1.326360 -0.357653
v 0.542990 1.310780 -0.363859
v 0.529147 1.301380 -0.370872
v 0.542990 1.310780 -0.363859
v 0.459668 1.435090 -0.345197
v 0.479753 1.439170 -0.337041
v 0.500284 1.435570 -0.333201
v 0.479753 1.439170 -0.337041
v 0.562208 1.367840 -0.344582
v 0.561837 1.345990 -0.351328
v 0.554430 1.326360 -0.357653
v 0.561837 1.345990 -0.351328
v 0.500284 1.435570 -0.333201
v 0.521021 1.425470 -0.332281
v 0.540432 1.410010 -0.334001
v 0.521021 1.425470 -0.332281
v 0.540432 1.410010 -0.334001
v 0.554482 1.389730 -0.338331
v 0.562208 1.367840 -0.344582
v 0.554482 1.389730 -0.338331
v 0.479983 1.307600 -0.390142
v 0.497303 1.300610 -0.384737
v 0.479983 1.307600 -0.390142
v 0.462433 1.318540 -0.392708
v 0.428387 1.381700 -0.380111
v 0.434601 1.357180 -0.387740
v 0.428387 1.381700 -0.380111
v 0.431271 1.405110 -0.368678
v 0.446634 1.335350 -0.391929
v 0.462433 1.318540 -0.392708
v 0.446634 1.335350 -0.391929
v 0.434601 1.357180 -0.387740
v 0.513763 1.298450 -0.378198
v 0.529147 1.301380 -0.370872
v 0.513763 1.298450 -0.378198
v 0.497303 1.300610 -0.384737
v 0.431271 1.405110 -0.368678
v 0.442029 1.423820 -0.356615
v 0.442029 1.423820 -0.356615
v 0.459668 1.435090 -0.345197
v 0.542990 1.310780 -0.363859
v 0.554430 1.326360 -0.357653
v 0.542990 1.310780 -0.363859
v 0.529147 1.301380 -0.370872
v 0.459668 1.435090 -0.345197
v 0.479753 1.439170 -0.337041
v 0.479753 1.439170 -0.337041
v 0.500284 1.435570 -0.333201
v 0.561837 1.345990 -0.351328
v 0.562208 1.367840 -0.344582
v 0.561837 1.345990 -0.351328
v 0.554430 1.326360 -0.357653
v 0.500284 1.435570 -0.333201
v 0.521021 1.425470 -0.332281
v 0.521021 1.425470 -0.332281
v 0.540432 1.410010 -0.334001
v 0.554482 1.389730 -0.338331
v 0.540432 1.410010 -0.334001
v 0.554482 1.389730 -0.338331
v 0.562208 1.367840 -0.344582
v 0.600643 1.318070 -0.352485
v 0.582159 1.289070 -0.373334
v 0.550842 1.269610 -0.390439
v 0.603282 1.388730 -0.324200
v 0.608235 1.353050 -0.335811
v 0.429500 1.296200 -0.436504
v 0.398159 1.326270 -0.428845
v 0.378104 1.365990 -0.423736
v 0.509410 1.506320 -0.320693
v 0.541663 1.484830 -0.314153
v 0.570126 1.454490 -0.312322
v 0.380876 1.458890 -0.396926
v 0.405373 1.490920 -0.376693
v 0.438723 1.509750 -0.354420
v 0.371201 1.414210 -0.413319
v 0.495108 1.268020 -0.426850
v 0.463145 1.278040 -0.436823
v 0.523171 1.264770 -0.409857
v 0.591168 1.421330 -0.315495
v 0.474993 1.515620 -0.335084
v 0.619319 1.302800 -0.335996
v 0.594660 1.261010 -0.368574
v 0.559843 1.242140 -0.398068
v 0.627690 1.349180 -0.311499
v 0.619357 1.395120 -0.298517
v 0.400547 1.271590 -0.448752
v 0.353370 1.309170 -0.447544
v 0.325262 1.356930 -0.432641
v 0.545184 1.509490 -0.283414
v 0.501396 1.536480 -0.287343
v 0.580699 1.474570 -0.286001
v 0.361436 1.517340 -0.354628
v 0.324395 1.478740 -0.382750
v 0.407865 1.540900 -0.328062
v 0.312473 1.426300 -0.412578
v 0.485485 1.238910 -0.442502
v 0.444825 1.247500 -0.450680
v 0.522230 1.237670 -0.420800
v 0.603461 1.437350 -0.290309
v 0.455294 1.547230 -0.304826
v 0.648265 1.281370 -0.310498
v 0.614092 1.213440 -0.360211
v 0.646093 1.395630 -0.258976
v 0.660209 1.342400 -0.272240
v 0.726559 1.163660 -0.236348
v 0.722444 1.164420 -0.223254
v 0.720220 1.162410 -0.229037
v 0.728888 1.158840 -0.226383
v 0.733892 1.171410 -0.190068
v 0.740565 1.157380 -0.188756
v 0.727523 1.168610 -0.209560
v 0.735880 1.158370 -0.210027
v 0.743546 1.193710 -0.203332
v 0.734137 1.185810 -0.218902
v 0.766708 1.214560 -0.211288
v 0.647835 1.205210 -0.337531
v 0.697533 1.258950 -0.281175
v 0.662834 1.209580 -0.339154
v 0.713889 1.257950 -0.283703
v 0.679487 1.268330 -0.285074
v 0.626749 1.196160 -0.357438
v 0.729185 1.071010 -0.211147
v 0.701714 1.066450 -0.201493
v 0.693603 1.076370 -0.266398
v 0.654323 1.075280 -0.269171
v 0.723201 1.059690 -0.152641
v 0.701714 1.066450 -0.201493
v 0.679487 1.268330 -0.285074
v 0.706786 1.302520 -0.249797
v 0.691965 1.304840 -0.248144
v 0.705081 1.343190 -0.202732
v 0.716743 1.343560 -0.207640
v 0.691965 1.304840 -0.248144
v 0.734782 1.338840 -0.211310
v 0.726997 1.298970 -0.254795
v 0.689993 1.215980 -0.345597
v 0.731742 1.262940 -0.288100
v 0.712569 1.219890 -0.347844
v 0.750515 1.267570 -0.292103
v 0.631531 1.163580 -0.373542
v 0.642148 1.192060 -0.364696
v 0.663234 1.165590 -0.384240
v 0.673688 1.193590 -0.370517
v 0.705985 1.189580 -0.371681
v 0.697229 1.160440 -0.380771
v 0.667935 1.132860 -0.375877
v 0.635342 1.131200 -0.369642
v 0.721970 1.079770 -0.268719
v 0.687427 1.091820 -0.335877
v 0.655901 1.090290 -0.335959
v 0.749121 1.083190 -0.270453
v 0.718315 1.101290 -0.332852
v 0.752695 1.074150 -0.214172
v 0.778994 1.079390 -0.212215
v 0.753384 1.332980 -0.216337
v 0.776228 1.324640 -0.222276
v 0.745162 1.299230 -0.260103
v 0.763201 1.298800 -0.264826
v 0.719998 1.167420 -0.369872
v 0.719026 1.152250 -0.370598
v 0.710463 1.130660 -0.374483
v 0.888094 1.105780 -0.269527
v 0.879791 1.083690 -0.270824
v 0.852891 1.116530 -0.301957
v 0.841169 1.101310 -0.306072
v 0.851586 1.075670 -0.268363
v 0.829166 1.086270 -0.296277
v 0.903568 1.097870 -0.241197
v 0.895331 1.071240 -0.237920
v 0.870649 1.065130 -0.232930
v 0.914667 1.381630 -0.272159
v 0.930867 1.365470 -0.278016
v 0.883401 1.353200 -0.319677
v 0.899668 1.335380 -0.327744
v 0.872695 1.287490 -0.354465
v 0.858919 1.310030 -0.348340
v 0.775760 1.189130 -0.266205
v 0.742589 1.182730 -0.248974
v 0.753807 1.172610 -0.286335
v 0.741388 1.159500 -0.260645
v 0.726589 1.172780 -0.230980
v 0.747186 1.152010 -0.292771
v 0.741796 1.150130 -0.314161
v 0.745081 1.155550 -0.239173
v 0.762215 1.149810 -0.253972
v 0.773173 1.146690 -0.226413
v 0.752124 1.151610 -0.217041
v 0.782730 1.144140 -0.202702
v 0.759612 1.149480 -0.194391
v 0.733188 1.226300 -0.345204
v 0.769377 1.273370 -0.295447
v 0.756780 1.238170 -0.346450
v 0.783012 1.286860 -0.298368
v 0.749877 1.161900 -0.323036
v 0.770845 1.170970 -0.331740
v 0.771416 1.181140 -0.300044
v 0.792280 1.186100 -0.308741
v 0.812906 1.208220 -0.288656
v 0.797455 1.195900 -0.277520
v 0.757618 1.170150 -0.351966
v 0.733922 1.162310 -0.345642
v 0.730971 1.148720 -0.340422
v 0.728947 1.152680 -0.342906
v 0.730867 1.174450 -0.362917
v 0.751464 1.180210 -0.365460
v 0.788617 1.221500 -0.251110
v 0.809955 1.231210 -0.261556
v 0.827305 1.240790 -0.270743
v 0.840844 1.247210 -0.236771
v 0.823397 1.238330 -0.230520
v 0.801888 1.228340 -0.223988
v 0.824725 1.327770 -0.294795
v 0.822626 1.300710 -0.336418
v 0.811720 1.312930 -0.298079
v 0.801110 1.275760 -0.343959
v 0.844402 1.328770 -0.321553
v 0.834949 1.339940 -0.291154
v 0.845114 1.231930 -0.338509
v 0.874282 1.264440 -0.330020
v 0.850815 1.237930 -0.320715
v 0.874141 1.263380 -0.314821
v 0.873956 1.264050 -0.303062
v 0.859520 1.248490 -0.302847
v 0.842007 1.231620 -0.299962
v 0.829247 1.216870 -0.319314
v 0.819364 1.206850 -0.337567
v 0.813232 1.207240 -0.354257
v 0.809881 1.217470 -0.365927
v 0.842148 1.233440 -0.355836
v 0.840399 1.246030 -0.367655
v 0.874445 1.272500 -0.344856
v 0.819223 1.332220 -0.275740
v 0.834260 1.338200 -0.240033
v 0.831264 1.344270 -0.274776
v 0.844528 1.349140 -0.241434
v 0.857036 1.361410 -0.243458
v 0.843016 1.355090 -0.275510
v 0.853181 1.261040 -0.280604
v 0.869811 1.274540 -0.284118
v 0.885803 1.284690 -0.287521
v 0.904562 1.298270 -0.257152
v 0.885515 1.282830 -0.251888
v 0.868669 1.267800 -0.246669
v 0.864391 1.361350 -0.297404
v 0.887308 1.383750 -0.257679
v 0.927583 1.325520 -0.269171
v 0.919487 1.310590 -0.262461
v 0.900231 1.299410 -0.304819
v 0.895220 1.290980 -0.294795
v 0.774300 1.085700 -0.272025
v 0.746652 1.103460 -0.329938
v 0.797217 1.084460 -0.271440
v 0.772358 1.100400 -0.327655
v 0.768458 1.137370 -0.337746
v 0.763149 1.126250 -0.341430
v 0.741210 1.141130 -0.344307
v 0.734634 1.130870 -0.349460
v 0.768228 1.148880 -0.295521
v 0.785236 1.147520 -0.260741
v 0.796802 1.143580 -0.233746
v 0.809021 1.146380 -0.267177
v 0.820676 1.140190 -0.240982
v 0.798915 1.079560 -0.220252
v 0.818400 1.078090 -0.225419
v 0.806122 1.140730 -0.210487
v 0.828432 1.134770 -0.217471
v 0.819683 1.077920 -0.268548
v 0.802549 1.094850 -0.314116
v 0.801006 1.116670 -0.328137
v 0.806945 1.131980 -0.327484
v 0.833651 1.136980 -0.276845
v 0.851483 1.133120 -0.252630
v 0.837573 1.072620 -0.228645
v 0.864999 1.131950 -0.228837
v 0.813655 1.322770 -0.234746
v 0.795016 1.310240 -0.273879
v 0.795527 1.320540 -0.227740
v 0.781729 1.300270 -0.268719
v 0.854827 1.256240 -0.241983
v 0.840191 1.249700 -0.276585
v 0.827149 1.219010 -0.295647
v 0.806767 1.242890 -0.369998
v 0.780395 1.218740 -0.370279
v 0.780128 1.193110 -0.367914
v 0.750649 1.204450 -0.368974
v 0.779572 1.254840 -0.347339
v 0.797863 1.299260 -0.299221
v 0.793229 1.181870 -0.335803
v 0.809955 1.199530 -0.315310
v 0.830864 1.273360 -0.364037
v 0.725418 1.197120 -0.366595
v 0.626749 1.196160 -0.357438
v 0.611201 1.162880 -0.364563
v 0.683445 1.113310 -0.363747
v 0.716609 1.361110 -0.159358
v 0.705081 1.343190 -0.202732
v 0.825547 1.329060 -0.238513
v 0.931861 1.344880 -0.275777
v 0.898690 1.114570 -0.239848
v 0.884224 1.119800 -0.266420
v 0.719612 1.143910 -0.360381
v 0.752791 1.144710 -0.331310
v 0.792235 1.148610 -0.297308
v 0.780365 1.142570 -0.324652
v 0.813907 1.138760 -0.315584
v 0.814167 1.144450 -0.297768
v 0.783679 1.181960 -0.355399
v 0.854308 1.125410 -0.295180
v 0.902145 1.314600 -0.316971
v 0.626749 1.196160 -0.357438
v 0.752428 1.208610 -0.232937
v 0.807976 1.320830 -0.276852
v 0.705081 1.343190 -0.202732
v 0.699438 1.358910 -0.211621
v 0.716609 1.361110 -0.159358
v 0.682393 1.316700 -0.262038
v 0.679487 1.268330 -0.285074
v 0.626749 1.196160 -0.357438
v 0.674378 1.271360 -0.295202
v 0.628091 1.206870 -0.359907
v 0.605767 1.176530 -0.373935
v 0.626030 1.100790 -0.318602
v 0.620921 1.095560 -0.331525
v 0.612017 1.134640 -0.352759
v 0.607761 1.132470 -0.361998
v 0.684684 1.048050 -0.225375
v 0.611201 1.162880 -0.364563
v 0.612017 1.134640 -0.352759
v 0.654323 1.075280 -0.269171
v 0.626030 1.100790 -0.318602
v 0.652417 1.059350 -0.281842
v 0.612017 1.134640 -0.352759
v 0.626030 1.100790 -0.318602
v 0.723201 1.059690 -0.152641
v 0.701714 1.066450 -0.201493
v 0.705081 1.343190 -0.202732
v 0.691965 1.304840 -0.248144
v 0.691965 1.304840 -0.248144
v 0.679487 1.268330 -0.285074
v 0.611201 1.162880 -0.364563
v 0.626749 1.196160 -0.357438
v 0.612017 1.134640 -0.352759
v 0.611201 1.162880 -0.364563
v 0.654323 1.075280 -0.269171
v 0.626030 1.100790 -0.318602
v 0.701714 1.066450 -0.201493
v 0.654323 1.075280 -0.269171
v 0.713073 1.123940 -0.360092
v 0.683164 1.106170 -0.352945
v 0.015383 0.662289 -0.487276
v -0.109333 1.129310 0.080279
v -0.097982 1.081280 0.072241
v -0.080350 1.034650 0.063404
v -0.056677 0.991208 0.052742
v -0.028213 0.951602 0.040471
v -0.677244 0.426760 -0.018895
v 0.013106 0.915316 0.059222
v -0.074249 1.033830 0.082177
v -0.049099 0.990215 0.077476
v -0.019034 0.951527 0.070885
v 0.591887 0.918044 0.089524
v -0.115390 0.101510 0.199241
v -0.054986 0.101436 0.218177
v -0.159268 0.101577 0.163800
v -0.193300 0.101651 0.116357
v -0.225381 0.101681 0.044015
v 0.402660 0.101244 0.136679
v 0.327190 0.101303 0.185309
v 0.227994 0.101333 0.217028
v 0.142263 0.101377 0.230462
v 0.027016 0.101370 0.231159
v 0.444157 0.101281 0.075697
v 0.068209 0.101370 0.236438
v 0.465807 0.101555 0.008041
v -0.251531 0.101622 -0.022068
v 0.465392 0.101481 -0.083562
v -0.125993 0.101510 -0.282717
v -0.065737 0.101422 -0.300845
v -0.184966 0.101644 -0.256115
v -0.216988 0.101659 -0.205282
v -0.216462 0.101607 -0.142928
v 0.406619 0.101362 -0.219510
v 0.329614 0.101496 -0.271618
v 0.229625 0.101599 -0.318320
v 0.138408 0.101637 -0.336470
v 0.021166 0.101488 -0.324430
v 0.447679 0.101347 -0.155147
v 0.060432 0.101488 -0.325260
v -0.227316 0.101651 -0.087988
v 0.125907 0.101733 -0.038053
v -0.427435 0.927505 -0.032448
v -0.489670 0.943801 -0.034331
v -0.677244 0.426760 -0.018895
v -0.692985 0.520358 -0.019836
v -0.690782 0.590674 -0.019858
v -0.680128 0.665870 -0.019636
v -0.663149 0.754782 -0.021186
v -0.616254 0.866775 -0.029586
v -0.554464 0.924777 -0.033871
v -0.489670 0.943801 -0.034331
v -0.371383 0.889529 -0.029771
v -0.328632 0.835116 -0.019525
v -0.291664 0.803716 -0.016796
v -0.210960 0.645792 0.417131
v -0.282701 0.615994 0.426785
v 0.015805 0.668139 0.412357
v -0.106093 0.655757 0.412676
v -0.206037 0.306107 0.470640
v -0.279498 0.364747 0.466355
v -0.320076 0.433195 0.457562
v -0.333289 0.501288 0.448568
v -0.098419 0.261273 0.471530
v -0.321367 0.564888 0.438329
v 0.031234 0.240639 0.472805
v 0.164046 0.239305 0.470581
v 0.299349 0.259004 0.465236
v 0.137088 0.687742 0.411082
v 0.264851 0.692584 0.412994
v 0.015383 0.662289 -0.487276
v -0.111349 0.654890 -0.486957
v -0.217418 0.640098 -0.492903
v -0.292399 0.607943 -0.502557
v -0.322894 0.431438 -0.531362
v -0.337448 0.492984 -0.523954
v -0.203917 0.312343 -0.542831
v -0.278334 0.368602 -0.538620
v -0.100503 0.265855 -0.545085
v -0.328298 0.553737 -0.514331
v 0.027290 0.241781 -0.548289
v 0.158893 0.239164 -0.547310
v 0.295034 0.260458 -0.540829
v 0.136339 0.678667 -0.486371
v 0.267320 0.680261 -0.487847
vn -0.3095 -0.7975 -0.5179
vn -0.2228 -0.5804 -0.7833
vn -0.1785 -0.7567 -0.6289
vn -0.1916 -0.9261 -0.3249
vn -0.1170 -0.9213 0.3708
vn -0.0631 -0.9936 0.0934
vn -0.0388 -0.9930 0.1116
vn 0.0001 -1.0000 -0.0031
vn -0.0001 -1.0000 -0.0047
vn -0.0853 -0.9939 0.0696
vn -0.3053 -0.9442 0.1235
vn -0.2582 -0.9421 0.2141
vn -0.4182 -0.8414 0.3422
vn -0.4743 -0.8573 0.2001
vn -0.4725 -0.8754 0.1020
vn -0.3199 -0.9455 0.0615
vn 0.3947 -0.5081 0.7655
vn 0.4754 -0.3787 0.7941
vn 0.2603 -0.3650 0.8939
vn 0.1781 -0.4731 0.8628
vn 0.2286 -0.9392 -0.2562
vn 0.1583 -0.9186 -0.3621
vn 0.2396 -0.8052 -0.5425
vn 0.3853 -0.8301 -0.4032
vn -0.2801 -0.4570 0.8442
vn -0.4072 -0.6720 0.6186
vn -0.3105 -0.8207 0.4797
vn -0.2344 -0.6181 0.7504
vn -0.1921 -0.9346 0.2995
vn -0.1821 -0.7902 0.5852
vn -0.5449 -0.7119 0.4430
vn -0.6012 -0.7505 0.2744
vn -0.5934 -0.7914 0.1466
vn -0.6935 -0.6360 0.3384
vn -0.7054 -0.6838 0.1867
vn -0.6299 -0.5896 0.5055
vn 0.4892 -0.8460 -0.2122
vn 0.2801 -0.9523 -0.1208
vn 0.5343 -0.6670 -0.5193
vn 0.6747 -0.6778 -0.2921
vn 0.4674 -0.3649 -0.8052
vn 0.2815 -0.3543 -0.8918
vn 0.3540 -0.2204 -0.9089
vn 0.5452 -0.2247 -0.8076
vn 0.7517 0.3344 0.5684
vn 0.6025 0.3892 0.6968
vn 0.6894 0.3822 0.6154
vn 0.8568 0.2374 0.4578
vn -0.2171 -0.2723 0.9374
vn -0.2861 -0.1146 0.9513
vn -0.3457 -0.3336 0.8770
vn -0.4503 -0.5204 -0.7255
vn -0.3129 -0.3150 -0.8960
vn -0.2579 -0.4311 -0.8647
vn -0.3942 -0.6459 -0.6537
vn -0.7803 -0.5777 -0.2396
vn -0.7024 -0.6786 -0.2148
vn -0.7130 -0.6976 -0.0708
vn -0.8121 -0.5787 -0.0747
vn -0.2978 0.0141 0.9545
vn -0.4329 -0.2003 0.8789
vn 0.7123 -0.3453 -0.6110
vn 0.7604 -0.2047 -0.6163
vn 0.7062 -0.7031 -0.0828
vn 0.5101 -0.8586 -0.0511
vn 0.4972 -0.8454 0.1952
vn 0.6802 -0.6787 0.2771
vn 0.5471 -0.6657 0.5074
vn 0.3956 -0.8294 0.3945
vn 0.7055 -0.7045 0.0774
vn 0.8438 -0.5252 -0.1098
vn 0.8429 -0.5288 0.0993
vn 0.7963 -0.4959 -0.3464
vn 0.5937 -0.0800 -0.8007
vn 0.7840 -0.0861 -0.6148
vn 0.7497 0.2267 -0.6217
vn 0.7831 0.0566 -0.6193
vn 0.5969 0.0859 -0.7977
vn 0.5515 0.2540 -0.7946
vn 0.4004 0.1186 0.9086
vn 0.3815 -0.0704 0.9217
vn 0.6114 -0.0870 0.7865
vn 0.6263 0.1123 0.7714
vn 0.4064 -0.0629 -0.9115
vn 0.4199 0.1100 -0.9009
vn 0.8076 0.1022 0.5809
vn 0.7676 0.2963 0.5684
vn 0.5873 0.3169 0.7447
vn 0.3427 -0.4578 -0.8203
vn 0.1207 -0.2914 -0.9490
vn 0.0440 -0.7311 -0.6809
vn 0.4620 0.4254 -0.7782
vn 0.6800 0.4088 -0.6087
vn 0.8228 0.3984 -0.4053
vn 0.8807 0.2184 -0.4203
vn 0.8978 0.1545 -0.4125
vn 0.7978 0.2660 -0.5411
vn 0.8544 0.3016 -0.4231
vn 0.7740 -0.3954 -0.4945
vn 0.5784 -0.4952 -0.6483
vn 0.6068 -0.7756 -0.1737
vn 0.6069 -0.7756 -0.1737
vn 0.1919 0.6344 -0.7488
vn 0.0716 0.7321 -0.6774
vn 0.2284 0.6857 -0.6912
vn 0.3363 0.5996 -0.7262
vn 0.4671 0.6761 -0.5698
vn 0.5720 0.5823 -0.5777
vn -0.0806 0.8919 -0.4451
vn -0.1329 0.8955 -0.4248
vn -0.0950 0.8107 -0.5777
vn -0.0615 0.7795 -0.6234
vn -0.0438 0.9955 0.0843
vn 0.1144 0.9831 0.1427
vn -0.0837 0.9582 0.2737
vn -0.1520 0.9639 0.2186
vn 0.7108 -0.1818 -0.6794
vn 0.8054 -0.0973 -0.5846
vn 0.6474 -0.2703 -0.7126
vn 0.5723 -0.2223 -0.7893
vn 0.1043 0.2519 -0.9621
vn -0.0773 0.1608 -0.9840
vn 0.0846 0.2653 -0.9604
vn 0.2663 0.3590 -0.8946
vn 0.9708 0.1704 0.1686
vn 0.9264 0.3064 0.2191
vn 0.7976 0.3616 0.4828
vn 0.9234 0.2106 0.3209
vn 0.0618 0.9675 -0.2451
vn 0.2449 0.9625 -0.1165
vn 0.0187 0.9978 -0.0629
vn -0.0910 0.9842 -0.1521
vn 0.8596 -0.2509 -0.4452
vn 0.8743 -0.4320 -0.2213
vn 0.8001 -0.5699 -0.1873
vn 0.7615 -0.5133 -0.3959
vn 0.9863 -0.1640 0.0156
vn 0.9194 -0.3377 0.2015
vn 0.8933 -0.4335 0.1189
vn 0.9851 -0.1701 0.0242
vn -0.1066 0.9573 -0.2686
vn -0.1715 0.9589 -0.2259
vn -0.1678 0.9110 -0.3767
vn 0.4324 -0.0211 -0.9014
vn 0.3183 0.0764 -0.9449
vn -0.1701 0.9820 -0.0820
vn -0.2827 0.9585 -0.0376
vn -0.2825 0.9524 -0.1148
vn -0.1956 0.9671 -0.1624
vn -0.4945 0.6421 0.5858
vn -0.5220 0.7768 0.3523
vn -0.8041 0.5263 0.2765
vn -0.7560 0.4759 0.4494
vn 0.4814 0.0351 -0.8758
vn 0.6012 0.0594 -0.7969
vn 0.8217 0.0076 -0.5699
vn 0.5023 -0.5314 -0.6821
vn 0.2460 0.8896 0.3848
vn 0.2674 0.8354 0.4802
vn 0.4043 0.7495 0.5242
vn 0.6600 0.2426 0.7110
vn 0.7863 0.3614 0.5012
vn 0.7241 0.4647 0.5096
vn 0.6008 0.3567 0.7154
vn 0.3888 0.3299 -0.8603
vn 0.3306 0.4330 -0.8386
vn 0.5177 0.4799 -0.7083
vn 0.5837 0.3503 -0.7325
vn -0.9298 0.3074 0.2022
vn -0.8964 0.3043 0.3222
vn 0.5078 0.2228 0.8322
vn 0.5726 0.0904 0.8148
vn -0.9508 0.1791 0.2530
vn -0.8932 0.1164 0.4343
vn -0.8128 0.2611 0.5207
vn -0.7008 0.1435 0.6988
vn -0.8023 -0.0339 0.5960
vn -0.0855 0.6591 0.7472
vn -0.4114 0.5649 0.7153
vn -0.3236 0.5056 0.7998
vn -0.0820 0.6608 0.7461
vn -0.2677 0.4103 0.8718
vn -0.1439 0.6356 0.7585
vn -0.5289 0.3401 0.7775
vn -0.3847 0.2177 0.8970
vn -0.7032 -0.1848 0.6866
vn -0.5173 -0.0214 0.8555
vn -0.8779 -0.1445 0.4565
vn -0.8061 -0.2670 0.5282
vn 0.8816 0.3741 0.2877
vn 0.8113 0.5034 0.2974
vn 0.5620 0.6498 -0.5117
vn 0.6279 0.7422 -0.2341
vn 0.7116 0.6773 -0.1868
vn 0.5560 0.6993 -0.4493
vn -0.3151 -0.9489 0.0180
vn -0.1103 -0.9939 0.0050
vn -0.1099 -0.9937 0.0223
vn -0.6883 -0.4834 0.5409
vn -0.7559 -0.5325 0.3810
vn -0.3015 -0.9453 -0.1248
vn -0.1027 -0.9942 -0.0327
vn -0.1098 -0.9938 -0.0163
vn -0.3063 -0.9501 -0.0594
vn -0.2975 0.1005 0.9494
vn -0.2053 0.0927 0.9743
vn -0.1960 0.1899 0.9620
vn -0.2832 0.2268 0.9318
vn -0.0899 -0.1347 0.9868
vn -0.1685 -0.1219 0.9781
vn -0.1385 -0.2214 0.9653
vn -0.0774 -0.2405 0.9676
vn -0.6651 -0.4884 -0.5649
vn -0.7263 -0.3697 -0.5796
vn -0.5884 -0.2922 -0.7539
vn -0.5052 -0.4090 -0.7599
vn -0.6882 -0.1783 -0.7033
vn -0.7908 -0.2605 -0.5539
vn -0.7031 -0.1849 0.6866
vn -0.6022 -0.2908 0.7435
vn -0.2390 -0.3510 -0.9054
vn -0.1639 -0.4644 -0.8703
vn -0.1496 -0.4148 -0.8975
vn -0.2283 -0.2988 -0.9266
vn -0.5255 -0.4028 0.7494
vn -0.8695 -0.4287 -0.2453
vn -0.7997 -0.4108 -0.4378
vn -0.7339 -0.5406 -0.4113
vn -0.8696 -0.2748 -0.4102
vn -0.9388 -0.2602 -0.2260
vn -0.1246 0.0802 0.9890
vn -0.1960 -0.0175 0.9804
vn -0.1135 -0.0390 0.9928
vn 0.2023 0.3151 -0.9272
vn 0.1448 0.4539 -0.8792
vn 0.2293 0.5224 -0.8213
vn 0.2939 0.3314 -0.8965
vn 0.0274 0.9420 -0.3345
vn 0.3136 0.8794 -0.3583
vn 0.6911 -0.5524 -0.4662
vn 0.9234 -0.3834 0.0173
vn 0.9664 -0.1691 -0.1936
vn 0.3274 -0.2209 -0.9187
vn 0.4361 -0.2515 -0.8641
vn 0.4699 -0.3148 -0.8247
vn 0.3249 -0.2864 -0.9013
vn -0.3152 -0.5162 -0.7964
vn -0.1470 -0.8621 -0.4850
vn -0.5088 -0.6956 -0.5073
vn -0.1307 0.9914 0.0123
vn 0.0390 0.9991 0.0174
vn -0.1537 0.9868 0.0504
vn 0.7267 0.3387 -0.5976
vn 0.6458 0.2819 -0.7096
vn 0.7651 0.2518 -0.5927
vn -0.0428 0.7567 -0.6523
vn -0.1276 0.8419 -0.5243
vn -0.0687 0.7824 -0.6190
vn -0.0262 0.7927 -0.6091
vn 0.0032 0.7499 -0.6616
vn -0.0996 0.8310 -0.5472
vn 0.2607 0.4443 -0.8571
vn 0.4192 0.4067 -0.8117
vn 0.0319 0.7245 -0.6885
vn 0.7075 0.3506 0.6137
vn 0.6317 0.2395 0.7373
vn 0.6900 0.4041 0.6004
vn 0.7882 0.4131 0.4563
vn 0.2316 0.8081 -0.5416
vn 0.2889 0.7717 -0.5666
vn 0.1032 0.7448 -0.6592
vn 0.0506 0.7737 -0.6315
vn 0.6167 0.2401 -0.7497
vn 0.6439 0.0780 -0.7611
vn 0.9210 -0.1725 -0.3494
vn 0.9677 0.1179 -0.2227
vn -0.0309 0.8321 0.5538
vn -0.1492 0.8772 0.4564
vn -0.1048 0.8369 0.5372
vn -0.0015 0.8059 0.5920
vn 0.2081 0.1507 0.9664
vn 0.1939 0.6565 0.7290
vn 0.1815 0.4119 0.8930
vn -0.0853 0.6592 0.7472
vn 0.2240 0.6898 0.6885
vn 0.2875 0.7251 0.6257
vn -0.1236 0.7442 0.6565
vn 0.8290 -0.3972 0.3936
vn 0.7022 0.0148 0.7118
vn 0.4644 -0.2999 0.8333
vn 0.4657 -0.6067 0.6442
vn 0.9318 0.3606 -0.0422
vn 0.8476 -0.5267 -0.0648
vn 0.9816 -0.0647 0.1796
vn 0.9931 0.0937 0.0700
vn -0.1237 0.7441 0.6565
vn 0.9535 -0.1100 0.2807
vn 0.6297 0.4088 0.6606
vn -0.8832 -0.2851 0.3723
vn -0.9420 -0.1520 0.2994
vn -0.9298 -0.0025 0.3682
vn 0.8069 0.3800 -0.4521
vn 0.8101 0.0793 -0.5809
vn 0.7858 -0.4702 -0.4017
vn 0.8024 -0.5823 -0.1305
vn 0.2220 0.7757 0.5908
vn -0.1439 0.6357 0.7584
vn 0.0208 0.8641 0.5029
vn 0.6924 0.2110 -0.6900
vn 0.6921 0.1195 -0.7118
vn 0.6708 0.3247 -0.6667
vn -0.6514 0.4282 0.6263
vn -0.0818 0.6609 0.7460
vn 0.5487 0.4369 0.7128
vn 0.6652 0.5378 0.5180
vn 0.6041 0.6035 0.5205
vn 0.4988 0.5082 0.7021
vn 0.1822 0.6329 -0.7525
vn 0.2219 0.5727 -0.7891
vn 0.0365 0.4711 -0.8813
vn 0.0018 0.5381 -0.8429
vn -0.9694 0.1806 0.1660
vn -0.9824 0.1806 0.0468
vn -0.9952 0.0846 0.0490
vn -0.9843 0.0651 0.1642
vn -0.9697 0.0274 0.2429
vn 0.7195 -0.3521 -0.5986
vn 0.5757 -0.5692 -0.5870
vn 0.5824 -0.3440 -0.7365
vn -0.9339 -0.3569 0.0232
vn -0.9578 -0.2638 0.1140
vn -0.9712 -0.2250 0.0786
vn -0.9557 -0.2926 -0.0319
vn 0.5504 0.3545 -0.7559
vn 0.4528 0.3104 -0.8358
vn 0.4807 0.2338 -0.8451
vn 0.1165 0.7043 0.7003
vn 0.1604 0.3694 0.9153
vn -0.0985 0.3657 0.9255
vn -0.0633 0.7381 0.6717
vn -0.2364 0.7853 0.5722
vn -0.9001 -0.3256 0.2894
vn -0.9029 -0.3258 0.2805
vn -0.8588 -0.4482 0.2482
vn -0.8522 -0.4435 0.2775
vn -0.9162 -0.3184 0.2434
vn -0.8742 -0.4433 0.1981
vn 0.3174 0.7475 0.5834
vn 0.3287 0.6074 0.7231
vn 0.6119 0.4324 0.6623
vn 0.5985 0.5384 0.5932
vn 0.4831 0.1671 -0.8595
vn 0.3549 0.3473 -0.8680
vn 0.2670 0.3264 -0.9067
vn 0.2555 0.2199 -0.9415
vn 0.3502 0.2780 -0.8945
vn 0.5418 -0.0518 -0.8389
vn 0.6110 -0.0269 -0.7912
vn 0.4820 0.1627 -0.8609
vn 0.4766 0.1737 -0.8618
vn 0.4002 0.3800 -0.8339
vn 0.3069 0.3628 -0.8799
vn 0.0707 -0.9941 -0.0824
vn 0.0530 -0.9916 -0.1184
vn 0.3458 0.3393 -0.8748
vn 0.3655 0.1268 -0.9221
vn 0.3259 0.1379 -0.9353
vn 0.5384 0.1944 -0.8199
vn 0.5158 0.2449 -0.8209
vn 0.4657 0.4191 -0.7795
vn 0.4074 0.3519 -0.8427
vn 0.0330 -0.9904 -0.1340
vn 0.0970 -0.9047 -0.4148
vn -0.0188 -0.9919 0.1257
vn -0.0570 -0.9098 0.4111
vn -0.1140 -0.9104 -0.3977
vn -0.0892 -0.7352 -0.6719
vn -0.0561 -0.8979 -0.4366
vn -0.0345 -0.9924 -0.1183
vn 0.0675 -0.5001 -0.8633
vn 0.1708 -0.4906 -0.8545
vn 0.1937 -0.4700 -0.8612
vn 0.1657 -0.6075 -0.7768
vn 0.0420 -0.8994 -0.4352
vn 0.0610 -0.7501 -0.6586
vn 0.1262 -0.7795 0.6136
vn 0.0754 -0.5768 0.8134
vn 0.0671 -0.7606 0.6458
vn 0.0864 -0.9113 0.4025
vn 0.2945 -0.9554 -0.0231
vn 0.5123 -0.8574 0.0490
vn 0.2971 -0.9546 0.0233
vn 0.1372 -0.7745 -0.6175
vn -0.1026 -0.5663 0.8178
vn -0.1279 -0.4114 0.9024
vn 0.4054 0.5410 -0.7369
vn 0.3650 0.5656 -0.7395
vn 0.2322 0.5164 -0.8243
vn 0.2869 0.4656 -0.8372
vn -0.0288 -0.2454 0.9690
vn 0.0063 -0.2389 0.9710
vn 0.0055 -0.1592 0.9872
vn -0.0332 -0.1602 0.9865
vn 0.0029 -0.0570 0.9984
vn -0.0434 -0.0556 0.9975
vn 0.0207 0.3178 0.9479
vn 0.1277 0.3569 0.9254
vn 0.0714 0.5160 0.8536
vn -0.0254 0.5339 0.8452
vn 0.9328 0.1606 0.3227
vn 0.9284 0.2907 0.2314
vn 0.0586 -0.0409 0.9974
vn 0.0471 -0.1339 0.9899
vn -0.0682 0.1720 0.9827
vn -0.1223 0.1789 0.9762
vn -0.0546 0.0653 0.9964
vn 0.0503 0.1806 0.9823
vn 0.1562 0.2207 0.9628
vn 0.0593 0.0682 0.9959
vn 0.1638 0.0991 0.9815
vn -0.2876 -0.0182 0.9576
vn -0.2469 -0.1561 0.9564
vn -0.1736 -0.2908 0.9409
vn 0.0967 -0.2233 -0.9699
vn 0.0199 -0.2306 -0.9728
vn 0.0027 -0.0955 -0.9954
vn 0.1134 -0.1107 -0.9874
vn 0.1276 -0.1163 0.9850
vn 0.1523 -0.0147 0.9882
vn -0.0611 0.7666 0.6392
vn -0.0714 0.7628 0.6427
vn -0.1155 0.8019 0.5861
vn -0.0876 0.7746 0.6264
vn -0.0346 0.7609 -0.6480
vn 0.9412 0.3153 -0.1216
vn 0.9567 0.2904 0.0204
vn 0.9760 0.1729 -0.1325
vn -0.1611 0.8879 -0.4309
vn -0.1912 0.9379 -0.2896
vn -0.2627 0.9369 -0.2306
vn -0.2211 0.9017 -0.3715
vn 0.1001 0.7878 0.6078
vn 0.9582 0.2384 -0.1582
vn 0.8978 0.4140 -0.1499
vn 0.8948 0.4177 0.1575
vn 0.9528 0.2598 0.1571
vn 0.3844 0.2821 -0.8790
vn 0.3037 0.4585 -0.8352
vn 0.8190 0.4377 0.3711
vn 0.7243 0.5401 0.4285
vn 0.7539 0.5339 0.3829
vn 0.7329 0.5860 -0.3456
vn 0.9290 -0.3464 -0.1304
vn 0.9303 -0.3488 0.1138
vn -0.0479 0.7788 0.6254
vn -0.1422 0.8926 0.4278
vn -0.0674 0.9120 0.4045
vn -0.0657 0.7122 0.6989
vn 0.0476 -0.9926 0.1120
vn 0.1493 -0.9259 0.3470
vn 0.0285 -0.9911 0.1297
vn 0.3912 -0.4895 -0.7793
vn 0.3191 -0.6476 -0.6919
vn -0.1519 0.5286 0.8351
vn -0.2145 0.3198 0.9229
vn -0.2498 0.2940 0.9226
vn -0.1857 0.4958 0.8484
vn 0.3197 0.7660 -0.5577
vn 0.3441 0.8988 -0.2715
vn -0.4073 -0.2007 -0.8910
vn -0.0638 0.8503 -0.5224
vn -0.4594 0.8658 -0.1986
vn -0.2350 0.6745 -0.6998
vn -0.2746 0.1352 0.9520
vn -0.2592 0.1530 0.9536
vn -0.2829 0.0132 0.9591
vn -0.3846 0.2177 0.8970
vn 0.0207 0.8640 0.5030
vn -0.0003 -1.0000 -0.0071
vn -0.0001 -1.0000 -0.0078
vn -0.1658 0.3132 0.9351
vn -0.2330 0.3881 0.8917
vn -0.3225 0.5288 0.7851
vn -0.4169 0.2956 0.8595
vn 0.6416 -0.4940 -0.5868
vn 0.0382 0.9470 0.3189
vn -0.1990 -0.3032 0.9319
vn -0.1258 -0.4513 0.8834
vn -0.0915 -0.3414 0.9355
vn 0.0722 -0.3292 0.9415
vn 0.0145 -0.3304 0.9437
vn 0.0327 -0.4686 0.8828
vn 0.1194 -0.4520 0.8840
vn -0.0067 0.0553 0.9984
vn 0.2948 0.6948 -0.6559
vn -0.0879 0.7020 -0.7067
vn -0.0761 0.8223 -0.5640
vn -0.4421 0.0996 0.8914
vn -0.4383 0.1130 0.8917
vn -0.4377 -0.0636 0.8969
vn -0.4384 -0.0706 0.8960
vn -0.3907 -0.2762 0.8781
vn -0.3787 -0.2768 0.8832
vn -0.0823 -0.9945 -0.0653
vn 0.0068 -0.9999 0.0107
vn 0.0046 -1.0000 0.0068
vn 0.0714 -0.4851 0.8715
vn 0.1564 -0.4974 0.8533
vn 0.0614 -0.5356 0.8422
vn -0.1198 0.4701 0.8744
vn -0.1325 0.5574 0.8196
vn -0.0863 0.6661 0.7409
vn -0.0541 0.7366 0.6741
vn 0.0692 -0.5781 -0.8131
vn -0.2569 -0.1234 0.9585
vn -0.1287 -0.4656 0.8756
vn -0.1510 -0.5310 0.8338
vn -0.0468 -0.5561 0.8298
vn -0.0424 -0.4677 0.8829
vn 0.2629 0.5113 0.8182
vn 0.3135 0.4997 0.8075
vn 0.2085 0.6714 0.7111
vn 0.1698 0.6986 0.6950
vn 0.2428 0.1526 -0.9580
vn 0.3350 -0.0475 -0.9410
vn 0.2559 -0.0116 -0.9666
vn 0.9854 -0.0473 -0.1638
vn 0.9731 -0.1390 0.1835
vn -0.0956 0.7696 0.6313
vn 0.3227 0.1201 0.9388
vn 0.3787 0.3106 0.8719
vn 0.3091 0.3114 0.8986
vn 0.2867 0.1255 0.9498
vn 0.3129 0.1238 0.9417
vn 0.3039 0.3137 0.8996
vn 0.2797 0.2942 0.9139
vn 0.2935 -0.2385 0.9257
vn 0.3109 -0.0564 0.9488
vn 0.2862 -0.0323 0.9576
vn 0.2694 -0.1998 0.9421
vn 0.3497 0.3185 -0.8811
vn 0.2872 0.5273 -0.7997
vn 0.1697 -0.3009 -0.9384
vn 0.2454 -0.3912 -0.8870
vn 0.1380 -0.4827 -0.8649
vn 0.0698 -0.3454 -0.9358
vn -0.1858 0.4958 0.8483
vn -0.2499 0.2940 0.9226
vn -0.4128 0.3241 0.8512
vn -0.3121 0.5772 0.7546
vn 0.1537 -0.6080 0.7789
vn 0.8386 -0.0438 -0.5430
vn 0.8892 0.2019 -0.4106
vn 0.2388 -0.4135 0.8786
vn 0.2087 -0.3615 0.9087
vn 0.3144 -0.2276 -0.9216
vn 0.2391 -0.1669 -0.9565
vn 0.2534 -0.3832 -0.8882
vn 0.1219 0.4302 -0.8945
vn 0.2442 0.3682 -0.8971
vn -0.0837 0.4929 0.8661
vn -0.0754 0.6347 0.7690
vn -0.1073 0.8062 0.5818
vn -0.0968 0.6526 0.7515
vn -0.0987 0.6754 0.7308
vn -0.1000 0.8014 0.5897
vn -0.0986 0.8529 0.5126
vn -0.1131 0.8488 0.5165
vn -0.2882 -0.1617 -0.9438
vn -0.2819 -0.1919 -0.9401
vn -0.0813 0.3165 0.9451
vn -0.1036 0.2954 0.9498
vn 0.7192 0.5960 0.3570
vn 0.7052 0.5936 0.3878
vn -0.2515 -0.4313 0.8665
vn 0.2049 0.4289 0.8798
vn 0.1029 0.6132 0.7832
vn 0.2338 0.2604 0.9368
vn 0.2409 0.1204 0.9631
vn 0.2120 -0.1415 0.9670
vn 0.2336 -0.0094 0.9723
vn -0.0852 -0.7601 0.6442
vn -0.1463 0.7729 0.6175
vn -0.1603 0.7223 0.6728
vn 0.1502 -0.2689 0.9514
vn 0.1006 -0.2052 0.9735
vn -0.0038 -0.9073 0.4205
vn -0.0011 -0.9912 0.1323
vn -0.0924 0.5095 0.8555
vn -0.2830 -0.0285 -0.9587
vn -0.2987 -0.0226 -0.9541
vn -0.0766 0.7979 0.5979
vn -0.0869 0.5228 0.8480
vn -0.0503 0.3168 0.9472
vn -0.0219 0.1630 0.9864
vn 0.0206 0.3178 0.9479
vn 0.0592 0.0681 0.9959
vn 0.0451 -0.2277 0.9727
vn -0.0333 -0.3361 0.9412
vn 0.0500 -0.5593 0.8275
vn 0.7300 0.5844 0.3543
vn 0.7179 0.6057 0.3432
vn 0.0294 0.8626 -0.5050
vn 0.1724 0.7532 -0.6348
vn 0.1249 0.6824 -0.7203
vn -0.0001 0.7714 -0.6364
vn 0.6945 0.1830 0.6959
vn 0.7910 0.1426 0.5950
vn 0.7232 0.3746 0.5802
vn -0.0129 -0.5569 0.8305
vn -0.0077 -0.7539 0.6570
vn -0.0255 0.5340 0.8451
vn -0.0304 0.6940 0.7193
vn 0.1507 -0.5247 0.8379
vn 0.2426 0.4920 0.8361
vn 0.1195 -0.4520 0.8840
vn -0.2764 -0.4562 0.8459
vn 0.1383 0.6813 0.7188
vn 0.0132 -0.9901 -0.1399
vn -0.0012 -0.9999 0.0165
vn 0.0012 -0.9999 0.0137
vn -0.0016 -0.9900 -0.1411
vn -0.0010 0.7802 0.6255
vn -0.0716 0.8402 0.5376
vn 0.1207 0.0147 -0.9926
vn 0.1133 0.1531 -0.9817
vn 0.0187 0.8265 0.5626
vn 0.7793 -0.2083 0.5911
vn 0.7287 -0.3544 0.5860
vn 0.8689 -0.3321 0.3671
vn 0.9010 -0.1985 0.3856
vn 0.8658 -0.3286 -0.3775
vn 0.9063 -0.0950 -0.4119
vn 0.8964 -0.1997 -0.3957
vn 0.9850 0.0586 -0.1622
vn 0.9053 0.0455 -0.4224
vn 0.8060 -0.0780 0.5867
vn 0.9130 -0.0732 0.4014
vn 0.9060 0.0971 0.4120
vn 0.8294 0.5380 -0.1508
vn 0.7387 0.5501 -0.3896
vn 0.9321 -0.2297 0.2799
vn 0.6484 0.6575 -0.3838
vn 0.7477 0.6446 -0.1598
vn 0.3982 0.8515 -0.3412
vn 0.4821 0.7950 -0.3682
vn 0.6043 -0.0704 -0.7937
vn 0.5280 0.0327 -0.8486
vn 0.7405 -0.6691 0.0637
vn 0.8594 -0.5111 0.0159
vn 0.8129 -0.5468 0.2007
vn 0.8748 -0.3734 0.3088
vn 0.0865 -0.9956 -0.0349
vn 0.3991 0.2130 -0.8918
vn 0.0622 0.7352 -0.6750
vn 0.2375 0.8005 -0.5502
vn -0.6581 0.7526 0.0221
vn -0.2743 0.9617 0.0004
vn -0.2733 0.9619 0.0088
vn -0.6448 0.7643 0.0103
vn -0.7383 -0.3625 0.5688
vn -0.7988 0.3017 0.5205
vn -0.5992 0.3411 0.7243
vn -0.5642 -0.3306 0.7566
vn -0.3568 0.3651 0.8599
vn -0.3462 -0.2910 0.8919
vn -0.6808 -0.7230 0.1172
vn -0.8285 -0.5512 0.0991
vn -0.8445 -0.4986 0.1954
vn -0.6681 -0.7098 0.2232
vn -0.7408 -0.6496 0.1708
vn -0.7638 -0.6418 0.0693
vn -0.7038 -0.7102 0.0188
vn -0.6727 -0.7259 0.1433
vn -0.6185 0.7853 -0.0294
vn -0.5403 0.8262 -0.1598
vn 0.4213 0.4223 0.8026
vn 0.6617 0.3349 0.6708
vn -0.4362 -0.6174 0.6547
vn -0.5539 -0.6359 0.5375
vn -0.1436 0.8508 -0.5054
vn -0.3516 0.8230 -0.4462
vn -0.2214 0.7743 -0.5928
vn -0.9851 0.1437 -0.0948
vn -0.9990 0.0312 0.0319
vn -0.0980 -0.2516 0.9629
vn -0.0869 -0.6439 0.7602
vn -0.2664 -0.6286 0.7307
vn -0.0545 0.8069 -0.5882
vn -0.0821 0.7284 -0.6802
vn 0.9085 -0.0223 0.4173
vn 0.8495 0.0124 0.5275
vn 0.8465 0.2129 0.4880
vn 0.8630 0.2048 0.4619
vn -0.4532 0.8398 -0.2989
vn 0.7261 0.3963 0.5619
vn 0.7181 0.3799 0.5831
vn 0.8027 0.4028 0.4398
vn 0.7867 0.4163 0.4559
vn 0.8672 0.1937 0.4587
vn 0.9408 -0.0005 0.3388
vn 0.5007 0.8494 -0.1667
vn 0.6995 0.6743 -0.2368
vn 0.7655 0.6217 0.1657
vn 0.5251 0.8419 0.1246
vn 0.9842 0.0230 0.1758
vn 0.7384 -0.6565 0.1541
vn 0.7492 -0.1414 0.6471
vn 0.2866 0.7307 0.6196
vn 0.4102 0.4159 0.8117
vn -0.0768 0.8148 0.5746
vn 0.3113 -0.2341 -0.9210
vn -0.0091 -0.8974 -0.4411
vn -0.0001 -1.0000 -0.0086
vn -0.0226 -0.4574 0.8890
vn 0.0021 0.0182 -0.9998
vn -0.0036 0.1361 -0.9907
vn -0.4578 -0.8885 0.0321
vn -0.5891 -0.8072 0.0378
vn -0.7118 -0.7014 0.0374
vn 0.2823 -0.9535 0.1056
vn 0.9647 -0.2194 -0.1457
vn 0.9682 -0.2181 0.1228
vn 0.9866 -0.0931 0.1340
vn 0.8689 0.2732 0.4127
vn 0.9857 0.0815 0.1476
vn 0.8441 0.5149 0.1495
vn 0.7511 0.5151 0.4129
vn 0.8131 0.4151 0.4082
vn 0.7741 0.6186 0.1345
vn 0.6656 0.6138 0.4244
vn -0.1458 0.8231 0.5488
vn -0.1837 0.9014 0.3922
vn -0.1381 0.9902 -0.0224
vn -0.2779 0.9551 0.1027
vn -0.2785 0.9598 0.0353
vn -0.1886 0.9711 0.1464
vn -0.5049 -0.2524 -0.8255
vn -0.3581 0.0926 -0.9291
vn 0.0026 -0.9999 0.0104
vn 0.0051 -0.9999 0.0103
vn -0.0563 -0.9936 -0.0976
vn -0.0595 0.2997 -0.9522
vn 0.0736 0.3993 -0.9139
vn 0.1177 0.3204 -0.9399
vn -0.0192 0.1936 -0.9809
vn 0.6498 -0.6689 -0.3611
vn 0.6299 -0.6562 -0.4155
vn 0.4709 -0.6856 -0.5552
vn 0.4701 -0.7563 -0.4550
vn 0.0034 -1.0000 -0.0000
vn 0.0011 -1.0000 0.0011
vn -0.8798 -0.4197 0.2232
vn -0.9103 -0.4121 0.0400
vn -0.8184 -0.5735 0.0368
vn -0.7965 -0.5665 0.2112
vn 0.2242 0.6828 -0.6953
vn 0.4613 0.7038 -0.5402
vn 0.2344 0.7436 -0.6262
vn 0.5262 0.8355 -0.1585
vn 0.5048 0.8499 -0.1514
vn 0.5872 0.7939 -0.1577
vn 0.8299 0.3242 0.4540
vn 0.8686 0.3674 0.3325
vn 0.2891 0.8507 -0.4391
vn -0.9773 -0.0977 0.1881
vn 0.6359 0.4993 0.5884
vn 0.4338 0.7912 0.4312
vn 0.4066 0.8241 0.3944
vn 0.5205 0.8458 0.1167
vn 0.4486 0.1810 -0.8752
vn 0.8665 0.0680 0.4945
vn 0.8085 0.0868 0.5821
vn 0.0952 -0.9954 -0.0035
vn 0.7519 -0.4638 0.4685
vn 0.8909 -0.1064 0.4415
vn 0.8068 -0.1520 0.5710
vn -0.8336 -0.5522 0.0160
vn -0.9970 0.0528 0.0567
vn 0.6471 -0.7450 -0.1617
vn 0.6297 0.7649 -0.1361
vn 0.4344 0.7636 0.4778
vn 0.4763 0.8608 -0.1793
vn -0.4640 -0.8584 -0.2190
vn -0.4208 -0.8318 -0.3620
vn -0.2639 -0.9381 -0.2245
vn -0.1107 -0.9938 -0.0092
vn -0.3084 -0.9510 -0.0203
vn 0.3220 -0.6531 0.6854
vn 0.2380 -0.8094 0.5368
vn -0.5387 -0.7009 -0.4675
vn -0.0558 0.9566 -0.2862
vn -0.5931 -0.7444 -0.3069
vn 0.0012 -1.0000 0.0023
vn 0.0012 -1.0000 -0.0007
vn -0.5965 -0.8009 -0.0528
vn -0.5998 -0.7824 -0.1676
vn -0.6770 -0.6366 -0.3692
vn -0.6108 -0.5884 -0.5298
vn 0.2274 -0.9431 0.2425
vn 0.1437 0.3490 -0.9260
vn 0.3491 0.3062 -0.8856
vn 0.4649 0.2484 -0.8498
vn 0.6518 -0.5076 0.5635
vn -0.0006 -1.0000 -0.0018
vn -0.1030 -0.9939 0.0401
vn -0.9057 -0.4181 -0.0697
vn 0.7975 -0.5027 0.3335
vn 0.5567 -0.2323 0.7976
vn 0.9819 -0.1048 -0.1578
vn 0.4983 0.5023 0.7066
vn 0.6929 0.4592 0.5560
vn 0.5844 0.5980 0.5486
vn 0.3690 0.6643 0.6500
vn 0.3133 0.4023 0.8602
vn 0.4111 0.3193 0.8538
vn 0.0165 0.3044 0.9524
vn 0.2700 0.7156 0.6442
vn 0.4774 0.6721 0.5660
vn 0.3809 0.7310 0.5662
vn 0.1963 0.7669 0.6110
vn 0.5601 0.7129 0.4219
vn 0.2650 0.9635 0.0381
vn -0.0839 0.7846 0.6142
vn -0.1706 0.8922 0.4183
vn 0.0128 0.7928 0.6093
vn 0.8699 0.0762 0.4873
vn 0.9132 0.3799 -0.1475
vn 0.7240 0.1679 -0.6691
vn 0.6718 0.2599 -0.6937
vn -0.0070 -0.0878 -0.9961
vn -0.0480 0.0781 -0.9958
vn -0.0625 0.2015 -0.9775
vn 0.2037 0.9761 0.0758
vn 0.1612 0.9832 0.0860
vn 0.1869 0.9818 0.0345
vn 0.1610 0.9865 0.0289
vn -0.3871 0.5580 -0.7340
vn -0.6457 0.4123 -0.6427
vn -0.7429 0.4354 -0.5084
vn -0.4577 0.6050 -0.6515
vn 0.0929 0.9765 -0.1944
vn 0.1108 0.9792 -0.1700
vn 0.1493 0.9773 -0.1502
vn 0.1020 0.9807 -0.1669
vn 0.1514 0.9861 -0.0692
vn 0.0950 0.9927 -0.0748
vn 0.5256 -0.8280 0.1952
vn 0.5785 -0.8122 -0.0755
vn 0.6787 -0.7261 -0.1106
vn 0.6368 -0.7609 0.1246
vn -0.2447 -0.0295 -0.9692
vn -0.2329 -0.1445 -0.9617
vn -0.3099 -0.2418 -0.9195
vn -0.3513 -0.0848 -0.9324
vn -0.6991 0.1362 -0.7019
vn -0.7944 -0.0133 -0.6073
vn -0.8845 0.1277 -0.4487
vn -0.8111 0.2434 -0.5319
vn -0.0638 0.6495 -0.7577
vn -0.0553 0.6475 -0.7601
vn -0.3043 0.5114 -0.8037
vn -0.1214 0.6207 -0.7746
vn -0.2485 0.4086 -0.8782
vn 0.4270 -0.6937 -0.5801
vn 0.5990 -0.7039 -0.3817
vn 0.1501 0.9859 -0.0739
vn 0.1427 0.9675 -0.2089
vn 0.6872 0.6016 -0.4073
vn 0.2473 -0.9570 0.1515
vn 0.1848 -0.9739 0.1317
vn 0.2201 -0.9681 0.1200
vn 0.2423 -0.9553 0.1695
vn -0.1161 0.5239 -0.8438
vn -0.1591 0.7057 -0.6904
vn -0.0739 0.7781 -0.6238
vn -0.0613 0.5859 -0.8081
vn 0.1007 -0.9808 -0.1669
vn 0.1378 -0.9659 -0.2192
vn 0.1252 -0.9647 -0.2318
vn 0.1332 -0.9750 -0.1776
vn -0.4721 -0.5275 0.7063
vn -0.5114 0.8232 -0.2466
vn -0.0560 0.9565 -0.2862
vn -0.0763 0.8223 -0.5640
vn -0.4947 0.7153 -0.4936
vn -0.0664 0.3051 -0.9500
vn -0.1297 0.3091 -0.9422
vn -0.0901 0.4490 -0.8890
vn -0.0551 0.4622 -0.8851
vn -0.9662 -0.2531 0.0481
vn -0.9642 -0.2561 -0.0691
vn 0.5263 0.8354 -0.1585
vn 0.3137 0.8793 -0.3583
vn -0.0551 0.6476 -0.7600
vn 0.0223 0.8310 -0.5558
vn -0.7424 -0.3749 0.5552
vn -0.8181 -0.4139 0.3992
vn -0.8060 -0.2671 0.5282
vn -0.8832 -0.2852 0.3724
vn -0.0583 -0.3127 -0.9481
vn -0.0564 -0.1955 -0.9791
vn -0.0306 -0.2150 -0.9761
vn -0.0069 -0.3231 -0.9463
vn 0.0697 -0.3455 -0.9358
vn -0.0550 0.7438 -0.6662
vn -0.1031 0.6686 -0.7364
vn 0.2716 -0.4256 -0.8632
vn 0.1726 -0.5468 -0.8193
vn 0.6592 0.7344 -0.1616
vn 0.6738 0.7292 0.1193
vn 0.5646 0.7328 -0.3797
vn 0.1378 0.8007 0.5829
vn 0.2931 0.7827 0.5490
vn 0.2516 0.7937 0.5538
vn 0.9581 0.2760 0.0762
vn 0.7015 0.2968 0.6479
vn 0.5960 0.2689 0.7566
vn 0.0338 0.7606 0.6483
vn 0.4702 0.7823 0.4086
vn 0.3087 0.3423 -0.8874
vn -0.1089 0.2803 -0.9537
vn 0.9406 -0.0033 0.3396
vn 0.9778 -0.0753 0.1958
vn 0.9525 0.1324 0.2742
vn 0.1050 0.9812 -0.1617
vn 0.0700 0.9862 -0.1501
vn -0.9440 0.2744 -0.1832
vn -0.8102 0.4882 -0.3245
vn -0.8960 0.2616 -0.3587
vn -0.9366 -0.1273 -0.3266
vn -0.8720 -0.1121 -0.4764
vn -0.7908 -0.2604 -0.5539
vn -0.1213 0.6208 -0.7745
vn 0.9856 -0.0139 -0.1685
vn 0.9599 -0.0376 -0.2780
vn 0.7446 0.6245 -0.2358
vn 0.7339 0.6353 -0.2404
vn -0.5309 0.3318 -0.7798
vn -0.0636 0.6495 -0.7577
vn -0.3821 0.0689 -0.9215
vn -0.2515 0.0753 -0.9649
vn -0.9445 0.1628 -0.2854
vn -0.9729 0.1715 -0.1554
vn -0.9613 0.0504 -0.2707
vn -0.9775 -0.0912 -0.1903
vn -0.9840 0.0707 -0.1635
vn 0.7090 -0.6791 0.1899
vn 0.5437 -0.8378 -0.0505
vn 0.4183 -0.9083 0.0065
vn 0.5133 -0.8375 0.1874
vn 0.5197 -0.8410 -0.1506
vn 0.4254 -0.8258 -0.3701
vn 0.5887 -0.7240 -0.3595
vn 0.1769 -0.2229 0.9587
vn 0.1207 -0.6992 0.7046
vn 0.7104 0.3632 0.6029
vn 0.7674 0.3809 0.5159
vn 0.1023 0.4780 -0.8724
vn -0.1184 0.4330 -0.8936
vn -0.8999 0.3023 -0.3142
vn -0.9794 0.1450 0.1408
vn -0.6113 0.7893 0.0570
vn -0.8589 -0.4893 -0.1516
vn 0.2662 0.5677 -0.7790
vn 0.1788 0.5047 -0.8445
vn 0.4652 -0.1904 0.8645
vn -0.7536 0.4082 -0.5153
vn -0.3425 0.4495 -0.8250
vn 0.0783 0.7413 0.6666
vn 0.0376 0.8084 0.5874
vn 0.3587 -0.0695 -0.9309
vn 0.0464 -0.9059 0.4210
vn 0.3125 0.9328 0.1794
vn 0.2173 0.8684 0.4457
vn -0.2297 0.9730 0.0232
vn -0.0167 -0.9907 -0.1348
vn 0.0878 -0.9958 0.0276
vn 0.0694 -0.9947 0.0754
vn 0.3520 -0.0641 -0.9338
vn 0.3700 0.1208 -0.9211
vn -0.1142 -0.5447 -0.8308
vn 0.4865 0.8621 -0.1419
vn 0.4057 0.9139 -0.0125
vn 0.0290 0.8815 -0.4713
vn -0.0660 -0.0848 -0.9942
vn -0.0459 -0.0976 -0.9942
vn -0.5159 0.8552 0.0495
vn -0.0537 0.9981 0.0294
vn -0.0135 0.2636 -0.9645
vn -0.0287 0.3718 -0.9279
vn 0.0526 0.3981 -0.9158
vn 0.0873 0.2944 -0.9517
vn -0.0520 0.0110 -0.9986
vn 0.3903 -0.7789 -0.4908
vn 0.3652 -0.7019 -0.6115
vn 0.3105 -0.7243 -0.6156
vn 0.3362 -0.7984 -0.4995
vn -0.8284 0.5385 -0.1545
vn -0.8281 0.5579 0.0543
vn 0.6755 -0.6686 0.3111
vn 0.6651 -0.6701 0.3295
vn 0.6888 -0.7218 0.0680
vn 0.7191 -0.6942 0.0297
vn 0.4275 0.4394 -0.7900
vn 0.3720 0.2510 -0.8936
vn 0.0171 0.4794 -0.8774
vn -0.0431 0.4852 -0.8734
vn -0.0717 0.7669 -0.6377
vn 0.2428 0.3174 -0.9167
vn -0.1932 0.3583 -0.9134
vn 0.8836 0.1757 0.4339
vn 0.8079 0.3426 0.4796
vn 0.8120 0.3718 0.4500
vn 0.8515 0.1546 0.5010
vn 0.9517 0.1860 -0.2444
vn 0.9027 0.3322 -0.2734
vn 0.3311 -0.2277 0.9157
vn 0.1812 0.7220 -0.6678
vn 0.0504 0.8260 -0.5614
vn -0.0806 0.8919 -0.4450
vn -0.5117 -0.0337 -0.8585
vn -0.2464 0.1262 -0.9609
vn -0.2532 0.1147 -0.9606
vn -0.1908 0.3015 -0.9342
vn -0.3873 0.1989 -0.9002
vn -0.1502 0.5203 -0.8407
vn -0.0921 -0.1815 -0.9791
vn -0.1161 -0.3156 -0.9418
vn -0.1443 -0.1665 -0.9754
vn -0.1594 -0.0793 -0.9840
vn -0.0945 -0.0659 -0.9933
vn -0.0893 0.7142 -0.6942
vn 0.5224 -0.8313 0.1898
vn 0.7358 -0.4263 0.5262
vn 0.8424 -0.4740 0.2562
vn 0.5221 -0.8315 0.1898
vn 0.4697 0.2409 0.8493
vn 0.1133 0.1438 0.9831
vn -0.0906 0.8592 -0.5035
vn -0.0848 0.8785 -0.4702
vn -0.0885 0.7970 -0.5975
vn -0.0878 0.7957 -0.5993
vn 0.0293 0.8627 -0.5049
vn -0.0001 0.7714 -0.6363
vn 0.2848 -0.6501 -0.7045
vn 0.5386 0.0343 -0.8419
vn -0.1578 0.7652 -0.6242
vn -0.0703 0.8356 -0.5448
vn 0.0597 -0.5374 -0.8412
vn 0.7241 -0.6892 0.0280
vn 0.6691 -0.7215 -0.1783
vn 0.2844 0.5576 -0.7798
vn 0.0971 -0.9953 0.0049
vn -0.1561 -0.4364 -0.8861
vn -0.0700 -0.4657 -0.8822
vn -0.0716 -0.5579 -0.8268
vn -0.1741 -0.4959 -0.8507
vn 0.2144 0.5276 0.8220
vn -0.1024 0.4822 0.8701
vn 0.3127 -0.0623 0.9478
vn 0.0156 -0.9907 0.1352
vn -0.0017 -1.0000 -0.0071
vn 0.1615 0.7154 0.6797
vn 0.0188 0.8265 0.5626
vn 0.2324 -0.3916 0.8903
vn -0.0184 -0.7376 -0.6750
vn 0.1133 -0.8031 -0.5850
vn 0.2291 -0.8177 -0.5281
vn 0.2841 -0.2352 0.9295
vn 0.3317 -0.2529 -0.9088
vn 0.8817 0.0867 0.4638
vn 0.8984 0.2394 0.3682
vn 0.0962 0.7283 -0.6785
vn 0.5948 0.7617 -0.2571
vn 0.1409 0.9833 -0.1155
vn 0.1019 0.9917 -0.0782
vn 0.1061 0.9926 0.0586
vn 0.1851 0.9818 0.0436
vn -0.3958 0.0872 -0.9142
vn -0.4004 0.2953 -0.8675
vn -0.3878 0.2615 -0.8839
vn 0.3382 0.9377 -0.0800
vn 0.2998 0.9398 -0.1639
vn -0.1897 -0.2618 -0.9463
vn 0.2026 0.9784 0.0422
vn 0.2468 0.9690 0.0142
vn -0.1612 0.1697 -0.9722
vn -0.2452 0.1955 -0.9496
vn -0.2030 0.3642 -0.9089
vn -0.1685 -0.0001 -0.9857
vn -0.1048 0.0117 -0.9944
vn -0.0377 -0.5194 0.8537
vn -0.2442 -0.3705 -0.8961
vn 0.0605 0.5643 -0.8234
vn 0.6488 -0.7468 0.1464
vn 0.8330 -0.5510 -0.0497
vn 0.6967 -0.5361 0.4767
vn 0.5488 -0.6802 0.4860
vn 0.5771 0.4596 0.6751
vn 0.6299 0.5455 0.5529
vn 0.6882 0.4940 0.5314
vn -0.3069 0.5139 -0.8011
vn -0.1705 0.0795 -0.9821
vn -0.0431 0.4852 -0.8733
vn -0.0692 0.4798 -0.8746
vn -0.0762 0.5988 -0.7973
vn -0.0327 0.6071 -0.7939
vn -0.0692 0.5907 -0.8039
vn -0.0614 0.4712 -0.8799
vn -0.0288 0.3718 -0.9279
vn -0.0613 0.3599 -0.9310
vn -0.0574 0.2369 -0.9698
vn -0.0136 0.2636 -0.9645
vn -0.0621 0.3395 -0.9385
vn -0.0697 0.2130 -0.9746
vn -0.0904 0.1814 -0.9792
vn -0.0757 0.1071 -0.9914
vn -0.0555 0.1198 -0.9912
vn -0.1040 0.0921 -0.9903
vn 0.0237 -0.4920 -0.8703
vn 0.0480 -0.5854 -0.8093
vn 0.1730 0.7023 0.6906
vn 0.0019 -0.9999 0.0114
vn -0.0300 -0.5532 -0.8325
vn 0.3233 -0.8322 -0.4506
vn 0.5283 -0.8191 -0.2234
vn 0.3655 -0.9100 -0.1957
vn 0.3474 -0.8233 -0.4489
vn 0.6863 -0.6852 -0.2438
vn 0.5731 -0.7847 -0.2360
vn 0.6320 -0.7568 -0.1667
vn 0.7207 -0.6653 -0.1948
vn 0.1380 -0.4827 -0.8648
vn 0.1725 -0.5468 -0.8193
vn 0.1507 -0.5246 0.8379
vn -0.0009 0.7802 0.6256
vn 0.2633 0.9573 -0.1197
vn 0.2737 0.9607 -0.0468
vn 0.2629 0.5216 0.8117
vn -0.0326 0.6071 -0.7940
vn 0.4202 -0.7784 0.4664
vn 0.4874 -0.7970 0.3568
vn -0.9201 0.0422 -0.3894
vn -0.4552 -0.8898 -0.0322
vn -0.4614 -0.8804 -0.1097
vn 0.5393 0.2204 -0.8128
vn 0.9453 -0.3260 -0.0087
vn -0.1989 0.9405 0.2756
vn -0.2662 0.9439 0.1952
vn 0.6403 -0.7492 -0.1694
vn 0.6219 -0.7721 -0.1309
vn 0.6199 -0.7810 -0.0755
vn -0.9522 0.2914 -0.0915
vn -0.9404 -0.2634 0.2152
vn 0.7095 0.7014 0.0674
vn 0.5157 0.8541 0.0671
vn -0.1718 -0.4898 -0.8547
vn 0.5943 0.7958 0.1161
vn 0.8460 0.3756 -0.3785
vn 0.3653 0.9308 0.0163
vn 0.6557 0.7542 0.0360
vn 0.5472 -0.7350 -0.4004
vn 0.4039 -0.6923 -0.5980
vn 0.4490 -0.7805 -0.4349
vn 0.2789 -0.7448 -0.6061
vn 0.5681 0.6520 -0.5021
vn 0.7511 0.0182 -0.6599
vn 0.9425 0.1301 -0.3080
vn 0.1933 0.3000 -0.9341
vn 0.1544 0.3956 -0.9053
vn -0.9209 0.2363 0.3100
vn -0.5654 0.8095 0.1584
vn -0.7044 -0.7098 0.0003
vn -0.7323 -0.6721 -0.1094
vn -0.7116 -0.6809 -0.1731
vn -0.5656 0.4577 -0.6861
vn -0.8168 -0.5615 0.1324
vn -0.8464 -0.5317 0.0290
vn -0.7868 -0.6154 -0.0479
vn -0.1378 -0.1327 -0.9815
vn 0.1189 -0.1174 -0.9859
vn -0.0878 -0.6882 0.7202
vn -0.2209 -0.6571 0.7207
vn -0.1383 -0.5482 -0.8248
vn -0.3822 -0.1379 -0.9138
vn -0.3279 -0.5370 -0.7772
vn -0.6075 -0.1813 -0.7734
vn -0.4921 -0.5634 -0.6636
vn -0.7679 -0.2706 -0.5806
vn -0.8489 -0.3834 -0.3638
vn -0.6719 -0.6566 -0.3426
vn -0.6021 -0.6142 -0.5102
vn 0.0699 -0.5739 -0.8159
vn 0.6295 -0.5291 0.5691
vn 0.6855 -0.2170 0.6950
vn 0.5189 -0.2741 0.8097
vn 0.4943 -0.5595 0.6652
vn 0.7026 0.0956 0.7052
vn 0.4850 0.2037 0.8504
vn 0.5492 0.0854 0.8313
vn -0.3608 -0.6384 0.6799
vn -0.5450 -0.6692 0.5051
vn -0.5234 -0.6031 0.6019
vn -0.6073 -0.5423 0.5807
vn -0.6204 -0.6095 0.4936
vn -0.7558 0.6216 0.2061
vn -0.7952 0.6027 0.0669
vn -0.8562 0.5052 0.1079
vn -0.8223 0.5215 0.2278
vn 0.7608 -0.6033 -0.2394
vn 0.4959 -0.6981 -0.5165
vn -0.9610 0.1651 0.2217
vn -0.9660 0.0318 0.2565
vn -0.9593 0.0350 0.2802
vn -0.9467 0.1719 0.2726
vn -0.9742 0.1466 0.1717
vn -0.9724 0.0227 0.2323
vn -0.9848 0.1186 0.1270
vn -0.9768 0.0116 0.2140
vn -0.9928 0.0809 0.0886
vn -0.9804 -0.0061 0.1969
vn -0.9977 0.0348 0.0583
vn -0.9831 -0.0309 0.1806
vn -0.9991 -0.0165 0.0394
vn -0.9835 -0.0558 0.1718
vn -0.9970 -0.0710 0.0322
vn -0.9823 -0.0815 0.1684
vn -0.9914 -0.1259 0.0370
vn -0.9794 -0.1079 0.1705
vn -0.9825 -0.1783 0.0531
vn -0.9752 -0.1325 0.1774
vn -0.9699 -0.1536 0.1890
vn -0.9396 -0.2964 0.1712
vn -0.9556 -0.1835 0.2304
vn -0.9639 -0.1702 0.2048
vn -0.9437 -0.1948 0.2674
vn -0.8271 0.1727 0.5348
vn -0.8487 0.2265 0.4779
vn -0.9000 0.1240 0.4179
vn -0.8856 0.0870 0.4562
vn -0.8721 0.2660 0.4108
vn -0.9155 0.1510 0.3729
vn 0.8673 0.1980 0.4567
vn -0.8960 0.2895 0.3368
vn -0.9314 0.1671 0.3233
vn -0.9187 0.2961 0.2613
vn -0.9594 0.2589 0.1116
vn -0.9401 0.2859 0.1858
vn -0.9753 0.2163 0.0442
vn -0.9870 0.1603 -0.0130
vn -0.9940 0.0935 -0.0574
vn -0.9932 -0.0605 -0.0992
vn -0.9961 0.0188 -0.0867
vn -0.9856 -0.1406 -0.0937
vn -0.9301 0.3639 0.0510
vn -0.9049 0.3992 0.1478
vn -0.9506 0.3081 -0.0369
vn -0.9656 0.2351 -0.1113
vn -0.9770 0.0508 -0.2072
vn -0.9745 0.1478 -0.1690
vn -0.9732 -0.0517 -0.2243
vn -0.9630 -0.1559 -0.2198
vn -0.9452 -0.2636 -0.1928
vn -0.9183 -0.3674 -0.1471
vn -0.9729 -0.2204 -0.0702
vn -0.7819 -0.2088 0.5874
vn -0.6947 -0.2442 0.6766
vn -0.6934 -0.1350 0.7078
vn -0.7815 -0.1267 0.6109
vn -0.7001 -0.3601 0.6166
vn -0.7859 -0.2935 0.5443
vn -0.9046 -0.4128 0.1068
vn -0.8845 -0.4603 -0.0763
vn 0.7690 0.3941 -0.5033
vn 0.7560 0.3527 -0.5515
vn 0.7117 0.4487 -0.5405
vn 0.7525 0.4955 -0.4339
vn -0.7482 0.4733 0.4650
vn -0.7862 0.5109 0.3477
vn -0.8474 0.4038 0.3449
vn -0.8161 0.3731 0.4414
vn -0.7109 0.4104 0.5712
vn -0.7855 0.3215 0.5289
vn -0.6763 0.3256 0.6608
vn -0.7571 0.2518 0.6029
vn -0.6463 0.2228 0.7298
vn -0.7325 0.1673 0.6599
vn -0.6224 0.1071 0.7754
vn -0.7128 0.0720 0.6976
vn -0.6057 -0.0163 0.7955
vn -0.6994 -0.0302 0.7140
vn -0.5975 -0.1421 0.7892
vn 0.5234 0.4527 -0.7219
vn 0.4850 0.4948 -0.7211
vn -0.6056 -0.4220 0.6746
vn -0.5990 -0.2734 0.7526
vn -0.7061 -0.4536 0.5437
vn -0.7236 -0.5104 0.4646
vn -0.1194 0.5715 -0.8119
vn -0.0555 0.7177 -0.6942
vn -0.8306 0.5525 -0.0697
vn -0.8867 0.4622 -0.0097
vn -0.8593 0.4736 -0.1934
vn -0.9115 0.3943 -0.1165
vn -0.8799 0.3700 -0.2980
vn -0.9295 0.3053 -0.2068
vn -0.8920 0.2468 -0.3786
vn -0.9401 0.1992 -0.2766
vn -0.8952 0.1102 -0.4318
vn -0.9429 0.0813 -0.3229
vn -0.8896 -0.0338 -0.4555
vn -0.9382 -0.0429 -0.3434
vn -0.8754 -0.1819 -0.4478
vn -0.9255 -0.1708 -0.3380
vn -0.8527 -0.3311 -0.4041
vn -0.9030 -0.3032 -0.3044
vn -0.8198 -0.4731 -0.3227
vn -0.8691 -0.4311 -0.2425
vn -0.7732 -0.5974 -0.2129
vn -0.8256 -0.5427 -0.1545
vn -0.5897 -0.7124 0.3805
vn -0.6374 -0.6727 0.3758
vn -0.5824 0.6482 0.4905
vn -0.6321 0.6974 0.3378
vn -0.7140 0.6092 0.3452
vn -0.6698 0.5654 0.4814
vn -0.5339 0.5658 0.6284
vn -0.6264 0.4922 0.6044
vn -0.4890 0.4548 0.7443
vn -0.5863 0.3935 0.7081
vn -0.4502 0.3208 0.8333
vn -0.5515 0.2742 0.7878
vn -0.4194 0.1704 0.8917
vn -0.5239 0.1400 0.8402
vn -0.3978 0.0104 0.9174
vn -0.5046 -0.0029 0.8633
vn -0.3868 -0.1522 0.9095
vn -0.4947 -0.1481 0.8564
vn -0.4969 -0.2967 0.8156
vn -0.3888 -0.3146 0.8659
vn -0.5112 -0.4704 0.7194
vn -0.4168 -0.4976 0.7607
vn -0.4610 -0.6259 0.6290
vn 0.5971 0.7992 -0.0688
vn 0.7130 0.6921 -0.1120
vn 0.6752 0.7060 -0.2137
vn 0.5554 0.8116 -0.1812
vn -0.7574 -0.5462 0.3577
vn -0.6631 -0.6489 0.3732
vn -0.4879 0.7207 0.4925
vn -0.5420 0.7748 0.3256
vn -0.4350 0.6303 0.6430
vn -0.3861 0.5088 0.7695
vn -0.3438 0.3623 0.8663
vn -0.3103 0.1979 0.9298
vn -0.2870 0.0232 0.9576
vn -0.2749 -0.1541 0.9490
vn -0.2742 -0.3305 0.9031
vn -0.3018 -0.5146 0.8026
vn -0.0713 -0.5369 0.8406
vn -0.1833 -0.5271 0.8298
vn 0.4966 0.8675 -0.0272
vn 0.4582 0.8753 -0.1543
vn -0.5004 0.8566 0.1260
vn -0.5522 0.8318 -0.0569
vn -0.6419 0.7666 -0.0161
vn -0.5935 0.7898 0.1548
vn -0.5988 0.7653 -0.2360
vn -0.6852 0.7049 -0.1835
vn -0.6364 0.6609 -0.3978
vn -0.7204 0.6074 -0.3348
vn -0.6636 0.5241 -0.5338
vn -0.7456 0.4799 -0.4623
vn -0.6836 0.1834 -0.7065
vn -0.7641 0.1615 -0.6245
vn -0.7603 0.3288 -0.5602
vn -0.6794 0.3623 -0.6381
vn -0.6763 -0.0047 -0.7366
vn -0.7572 -0.0145 -0.6530
vn -0.6581 -0.1937 -0.7276
vn -0.7406 -0.1918 -0.6439
vn -0.5397 -0.6699 -0.5098
vn -0.6336 -0.6665 -0.3928
vn -0.6732 -0.5395 -0.5057
vn -0.5732 -0.5676 -0.5910
vn 0.4225 0.8615 -0.2815
vn 0.2988 0.9139 -0.2748
vn 0.3557 0.9261 -0.1255
vn 0.3441 -0.5594 0.7541
vn 0.3459 -0.3213 0.8815
vn 0.2086 -0.3424 0.9161
vn 0.2084 -0.5484 0.8098
vn 0.0449 -0.7069 0.7059
vn 0.1776 -0.7261 0.6642
vn 0.0666 -0.5431 0.8371
vn -0.2828 0.8327 0.4761
vn -0.3434 0.8939 0.2882
vn -0.4454 0.8404 0.3089
vn -0.3876 0.7823 0.4876
vn -0.2236 0.7305 0.6453
vn -0.3309 0.6854 0.6486
vn -0.1695 0.5932 0.7870
vn -0.2790 0.5551 0.7836
vn -0.1227 0.4281 0.8953
vn -0.2342 0.3981 0.8869
vn -0.0857 0.2434 0.9661
vn -0.1986 0.2223 0.9545
vn -0.0604 0.0475 0.9970
vn -0.1740 0.0356 0.9841
vn 0.2889 0.9531 0.0904
vn 0.3881 0.9211 0.0313
vn 0.2490 0.9638 -0.0953
vn 0.2183 -0.1130 0.9693
vn 0.3574 -0.0409 0.9331
vn 0.3801 0.1469 0.9132
vn 0.2372 0.0888 0.9674
vn -0.1616 -0.3419 0.9257
vn -0.2799 0.9582 0.0593
vn -0.3366 0.9311 -0.1407
vn -0.4557 0.8849 -0.0966
vn -0.4013 0.9109 0.0958
vn -0.3876 0.8583 -0.3364
vn -0.5049 0.8149 -0.2848
vn -0.4297 0.7434 -0.5125
vn -0.5447 0.7047 -0.4546
vn -0.4778 0.4166 -0.7734
vn -0.5904 0.3905 -0.7063
vn -0.5736 0.5607 -0.5972
vn -0.4598 0.5936 -0.6604
vn -0.4827 0.2212 -0.8474
vn -0.5949 0.2025 -0.7779
vn 0.3895 0.2800 0.8774
vn 0.2819 0.4662 0.8385
vn 0.1729 0.4753 0.8627
vn 0.2246 0.2865 0.9314
vn -0.0482 -0.1510 0.9874
vn -0.1611 -0.1538 0.9749
vn 0.0826 -0.3465 0.9344
vn 0.0880 -0.1417 0.9860
vn -0.2460 0.8885 -0.3875
vn -0.1934 0.9630 -0.1879
vn -0.2888 0.7706 -0.5681
vn 0.1400 0.9881 -0.0640
vn 0.0808 0.9621 -0.2606
vn -0.0469 0.9720 -0.2302
vn 0.0107 0.9996 -0.0266
vn -0.1644 0.7835 -0.5992
vn -0.2183 0.6438 -0.7334
vn -0.3170 0.6170 -0.7203
vn -0.2200 0.4269 -0.8771
vn -0.3244 0.4356 -0.8397
vn 0.0470 0.2628 0.9637
vn 0.0077 0.4556 0.8902
vn 0.0766 0.0591 0.9953
vn -0.0511 -0.3468 0.9365
vn 0.3318 -0.7407 0.5842
vn -0.1038 0.8990 -0.4255
vn -0.1891 0.0912 -0.9777
vn -0.1961 -0.1380 -0.9708
vn -0.3176 -0.1817 -0.9306
vn -0.3262 0.0412 -0.9444
vn -0.4753 0.0161 -0.8797
vn -0.3204 0.2488 -0.9140
vn -0.2197 0.9405 0.2593
vn -0.1086 0.8005 -0.5894
vn -0.0044 0.8973 -0.4413
vn 0.0603 0.8930 -0.4461
vn 0.0879 0.8010 -0.5922
vn -0.4721 -0.5887 -0.6562
vn -0.6250 -0.3855 -0.6788
vn -0.5317 -0.3993 -0.7469
vn -0.4383 -0.6637 -0.6061
vn 0.0243 -0.6405 -0.7676
vn -0.0688 -0.6267 -0.7762
vn -0.1585 -0.3960 -0.9045
vn -0.0553 -0.3768 -0.9246
vn -0.2795 -0.4043 -0.8709
vn -0.4180 -0.4060 -0.8127
vn -0.4553 -0.1898 -0.8699
vn 0.3767 0.5744 -0.7267
vn 0.2747 0.8169 -0.5072
vn 0.4387 0.7715 -0.4607
vn 0.4561 0.5432 -0.7049
vn 0.5491 0.6846 -0.4794
vn 0.4862 -0.7170 0.4996
vn -0.7121 -0.6407 -0.2870
vn -0.7576 -0.5072 -0.4108
vn 0.1830 0.9446 -0.2726
vn 0.2533 0.8917 -0.3751
vn 0.2696 -0.6277 -0.7303
vn 0.4189 -0.0851 -0.9040
vn 0.5937 -0.6931 0.4089
vn 0.4163 0.8396 -0.3490
vn 0.6079 0.7851 0.1187
vn 0.5281 0.8485 0.0338
vn 0.4041 0.9038 0.1411
vn 0.4941 0.8345 0.2441
vn 0.5304 0.7938 -0.2976
vn -0.3080 -0.6666 -0.6788
vn 0.6792 -0.6599 0.3214
vn 0.6524 0.6877 -0.3184
vn 0.6589 0.6426 -0.3910
vn 0.5405 0.7593 -0.3625
vn 0.9279 0.3622 0.0884
vn 0.9061 0.4229 -0.0092
vn 0.9185 0.3911 0.0584
vn 0.9151 -0.1431 0.3771
vn 0.5889 -0.2003 -0.7830
vn 0.7583 0.5484 -0.3526
vn 0.8820 0.4672 0.0612
vn 0.8574 0.5114 -0.0571
vn 0.7600 0.6479 -0.0506
vn 0.8153 0.5749 0.0684
vn 0.6712 0.3650 0.6452
vn -0.9247 -0.0270 0.3796
vn -0.9307 -0.0056 0.3658
vn -0.9376 0.0122 0.3476
vn -0.9550 -0.0869 0.2835
vn -0.9522 0.0326 0.3036
vn -0.9139 -0.1041 0.3923
vn -0.9159 -0.0781 0.3938
vn -0.0004 -1.0000 -0.0002
vn 0.6167 0.4844 -0.6205
vn 0.4013 0.5408 0.7393
vn 0.4588 0.4194 0.7833
vn 0.4089 0.4389 0.8001
vn 0.3385 0.5476 0.7653
vn 0.6658 0.4126 -0.6216
vn 0.6502 0.6874 0.3236
vn 0.5509 0.7670 0.3290
vn 0.5503 0.6624 0.5084
vn 0.5926 0.0767 0.8018
vn 0.6798 -0.0040 0.7334
vn 0.6436 -0.0445 0.7640
vn 0.1726 0.0529 -0.9836
vn 0.0740 0.0474 -0.9961
vn 0.1848 -0.0469 -0.9817
vn -0.9958 -0.0760 0.0519
vn -0.9663 -0.2530 0.0481
vn -0.9404 -0.2633 0.2152
vn 0.7519 -0.0715 0.6554
vn 0.6965 -0.1608 0.6993
vn 0.5387 0.6129 -0.5781
vn 0.4375 0.7230 -0.5347
vn 0.5114 0.6906 -0.5114
vn 0.4886 0.2959 0.8208
vn 0.5254 0.1754 0.8326
vn 0.4580 0.3365 0.8228
vn 0.8458 0.2030 0.4934
vn 0.9384 0.1916 0.2876
vn 0.3724 0.8691 0.3254
vn 0.3207 0.8574 0.4024
vn 0.2851 0.8275 0.4837
vn 0.3909 0.8469 0.3605
vn 0.8036 -0.1303 0.5807
vn 0.8051 0.0241 0.5926
vn 0.5200 -0.1648 -0.8381
vn 0.5938 -0.2203 -0.7738
vn -0.0303 0.8022 -0.5962
vn 0.0431 0.8351 -0.5485
vn 0.1280 0.8493 -0.5122
vn 0.1252 0.8255 -0.5503
vn 0.0393 0.3226 -0.9457
vn -0.0389 0.3812 -0.9237
vn -0.0302 0.2662 -0.9634
vn 0.8573 -0.1752 0.4842
vn 0.8366 -0.2930 0.4630
vn 0.7537 -0.2593 0.6039
vn 0.4479 0.5739 0.6855
vn 0.3398 0.6734 0.6566
vn 0.2386 0.7049 0.6680
vn 0.7573 0.6305 0.1704
vn 0.7358 0.6012 0.3117
vn 0.8474 0.5030 0.1700
vn 0.7471 -0.0606 0.6620
vn 0.7164 0.0897 0.6919
vn 0.8786 0.0237 0.4771
vn 0.6473 0.7399 0.1835
vn 0.9199 0.3447 0.1872
vn 0.9647 0.1413 0.2222
vn 0.0677 0.7640 -0.6417
vn 0.4771 0.4078 -0.7785
vn 0.1273 0.6262 -0.7692
vn 0.5207 0.8232 0.2263
vn 0.4866 -0.0034 -0.8736
vn 0.4458 0.1726 -0.8783
vn 0.6340 0.1671 -0.7551
vn 0.6457 -0.0389 -0.7626
vn 0.1218 0.7315 -0.6709
vn -0.0196 0.7440 -0.6679
vn -0.0771 0.8162 -0.5727
vn 0.3331 0.7725 0.5407
vn 0.4542 0.7582 0.4679
vn 0.2325 0.8410 0.4884
vn 0.8807 -0.1109 0.4606
vn 0.9139 -0.1631 0.3719
vn 0.0207 0.2122 -0.9770
vn -0.0029 0.1540 -0.9881
vn 0.0477 0.4331 -0.9001
vn -0.0664 0.5033 -0.8616
vn 0.9589 -0.0519 0.2790
vn 0.9547 -0.0153 0.2973
vn 0.9168 -0.1997 0.3459
vn 0.3829 0.5351 -0.7530
vn 0.4890 0.4263 -0.7611
vn 0.7985 0.5896 -0.1218
vn 0.4282 0.5166 -0.7415
vn 0.7755 0.1130 0.6212
vn 0.7189 0.2572 0.6458
vn 0.7737 0.3123 0.5512
vn 0.8133 0.2463 0.5272
vn 0.6158 -0.2514 0.7467
vn 0.5309 -0.0445 0.8463
vn 0.9201 0.2623 0.2909
vn 0.8569 0.2613 0.4444
vn 0.9982 0.0560 0.0235
vn -0.0008 -1.0000 -0.0077
vn -0.0458 -0.4784 -0.8769
vn -0.0606 -0.5265 -0.8480
vn 0.1603 0.9210 -0.3550
vn 0.6940 0.5917 0.4102
vn 0.7257 0.5620 0.3969
vn -0.8304 -0.4188 0.3675
vn 0.4939 0.1216 0.8610
vn 0.2227 -0.1896 -0.9563
vn 0.2840 -0.0852 -0.9550
vn 0.8281 -0.2305 0.5110
vn 0.8877 -0.1423 0.4378
vn 0.5394 0.2279 0.8106
vn 0.0125 0.5342 -0.8453
vn -0.0863 0.6590 -0.7472
vn 0.0129 0.5339 -0.8454
vn 0.4591 0.5698 0.6816
vn 0.3208 0.6915 0.6472
vn 0.5360 0.3571 0.7650
vn 0.3614 0.7370 0.5711
vn 0.3613 0.7371 0.5712
vn 0.4240 -0.0916 -0.9010
vn 0.3717 -0.1745 -0.9118
vn 0.4736 -0.2091 -0.8555
vn 0.8380 -0.0420 0.5440
vn 0.7628 -0.1994 0.6151
vn 0.0737 0.1219 -0.9898
vn 0.8140 0.5662 0.1301
vn 0.5790 0.8007 0.1538
vn 0.5792 0.8005 0.1540
vn 0.5975 -0.1310 -0.7911
vn 0.5773 -0.1885 -0.7945
vn 0.6594 -0.0748 -0.7481
vn 0.6704 0.1051 0.7345
vn 0.3404 0.9078 -0.2449
vn 0.0390 0.9730 0.2273
vn 0.0390 0.9731 0.2270
vn -0.4472 0.0963 -0.8892
vn 0.6030 0.5386 0.5885
vn 0.7524 0.3231 0.5741
vn 0.3765 0.7235 -0.5787
vn -0.2133 0.6746 0.7067
vn -0.2132 0.6746 0.7067
vn 0.9644 0.2298 0.1308
vn 0.8403 -0.5403 0.0454
vn -0.5266 0.2629 -0.8085
vn -0.1024 0.4821 0.8701
vn 0.9343 0.1155 -0.3374
vn 0.6381 -0.2534 -0.7271
vn 0.1582 0.7139 -0.6821
vn -0.3781 -0.0927 -0.9211
vn 0.6493 0.0727 -0.7571
vn 0.6152 0.1443 -0.7750
vn 0.7903 0.3477 0.5045
vn 0.8625 0.4962 -0.0997
vn 0.8790 0.4734 -0.0575
vn 0.8182 0.5163 -0.2529
vn 0.8067 0.5367 -0.2474
vn -0.2982 -0.2949 -0.9078
vn 0.4685 0.0487 -0.8821
vn 0.8295 0.4727 0.2975
vn 0.7918 0.5186 0.3227
vn 0.8638 0.4425 0.2410
vn -0.6405 -0.7278 0.2450
vn -0.7094 -0.6572 0.2548
vn 0.9512 0.1026 0.2912
vn 0.9893 -0.1088 0.0972
vn 0.5262 0.2968 0.7969
vn 0.7567 0.5674 0.3248
vn 0.7011 0.6004 0.3846
vn -0.0030 -0.9999 0.0146
vn 0.5721 -0.6820 0.4556
vn 0.5787 -0.7598 0.2964
vn 0.6391 0.5671 -0.5196
vn 0.3825 0.8246 0.4169
vn 0.6361 0.5974 0.4883
vn 0.3720 -0.2749 -0.8866
vn 0.3535 0.0176 -0.9353
vn 0.5686 0.0148 -0.8225
vn 0.5860 0.4184 -0.6939
vn 0.8930 0.4014 0.2034
vn 0.7133 0.6964 0.0786
vn 0.3069 0.8058 -0.5064
vn 0.2329 0.8419 -0.4869
vn 0.2329 0.8418 -0.4869
vn 0.4471 0.8594 0.2480
vn -0.1568 -0.6825 -0.7139
vn 0.1022 0.0134 -0.9947
vn -0.0474 -0.0052 -0.9989
vn 0.2023 0.6775 0.7072
vn -0.8770 0.4125 0.2464
vn 0.7825 0.5740 -0.2413
vn 0.4318 0.3089 -0.8474
vn 0.6125 0.2068 -0.7630
vn 0.2886 0.9504 -0.1163
vn 0.0816 0.8457 -0.5274
vn 0.0732 0.8246 -0.5610
vn 0.2864 0.9510 -0.1161
vn 0.4661 -0.7608 -0.4516
vn 0.9726 0.0188 -0.2318
vn 0.6312 0.7543 -0.1807
vn 0.6382 0.7498 -0.1750
vn 0.9659 0.0064 -0.2588
vn 0.2901 0.9514 -0.1035
vn 0.2969 0.9534 -0.0548
vn 0.6045 -0.7734 -0.1909
vn 0.6202 -0.7677 -0.1613
vn 0.6275 -0.7608 -0.1654
vn 0.7477 -0.6390 -0.1808
vn 0.4963 -0.8623 -0.1010
vn 0.4863 -0.8659 -0.1175
vn 0.7499 -0.6394 -0.1696
vn -0.2509 0.6733 -0.6955
vn -0.1279 0.9029 -0.4103
vn -0.2079 0.8481 -0.4873
vn 0.1367 -0.9793 0.1490
vn 0.1242 -0.9733 0.1933
vn 0.0332 -0.7900 -0.6122
vn -0.0044 -0.9806 -0.1958
vn 0.7352 0.5028 0.4546
vn 0.3457 0.9286 0.1348
vn -0.0920 0.0897 -0.9917
vn -0.0726 -0.3531 -0.9328
vn 0.3414 0.6066 0.7180
vn 0.4541 0.1458 0.8789
vn 0.5130 0.6569 0.5526
vn 0.2309 0.7458 0.6249
vn 0.3164 0.7580 0.5704
vn -0.2188 0.7284 -0.6493
vn -0.2771 0.7483 -0.6027
vn -0.2544 0.7558 -0.6034
vn -0.1550 0.7431 -0.6510
vn -0.2097 0.8064 -0.5529
vn -0.1127 0.6032 -0.7896
vn 0.0646 0.9961 -0.0597
vn -0.0525 0.8361 -0.5461
vn -0.2887 0.8997 -0.3275
vn 0.1562 -0.8430 0.5148
vn 0.1958 -0.4708 0.8602
vn 0.0174 -0.9811 -0.1926
vn 0.0670 -0.9850 -0.1589
vn 0.7184 -0.6826 -0.1341
vn 0.8390 -0.4588 -0.2926
vn 0.8645 -0.4406 -0.2420
vn -0.2619 -0.3998 -0.8784
vn -0.3299 -0.2568 -0.9084
vn 0.1139 -0.9711 0.2095
vn 0.3672 -0.7632 0.5317
vn 0.1832 -0.9826 -0.0304
vn 0.0552 -0.9857 -0.1595
vn 0.0676 -0.9977 0.0037
vn 0.1622 -0.9865 -0.0228
vn 0.0788 0.8752 -0.4772
vn -0.1359 0.7831 -0.6069
vn -0.1431 0.7311 -0.6671
vn -0.1105 0.6866 -0.7186
vn 0.0507 0.0658 -0.9965
vn 0.5112 -0.5971 -0.6182
vn 0.4155 -0.4424 -0.7947
vn 0.6042 0.1400 -0.7845
vn 0.7899 0.0370 -0.6121
vn 0.0539 -0.9277 -0.3693
vn 0.1522 -0.7965 -0.5852
vn 0.6032 -0.6991 -0.3839
vn 0.9174 -0.0163 -0.3976
vn 0.0802 -0.9968 0.0003
vn 0.0295 -0.9800 -0.1966
vn -0.1912 0.2297 -0.9543
vn -0.1716 0.2184 -0.9607
vn 0.2380 -0.4041 -0.8832
vn 0.0801 -0.4765 -0.8755
vn 0.3246 -0.3352 -0.8845
vn -0.1774 0.2558 -0.9503
vn 0.4733 -0.7050 -0.5282
vn 0.5022 -0.8417 -0.1981
vn 0.6647 -0.6913 -0.2832
vn 0.4706 -0.8457 0.2517
vn 0.6400 -0.7517 0.1590
vn 0.7719 0.6213 -0.1350
vn -0.1770 -0.9594 -0.2197
vn 0.1535 -0.8666 -0.4749
vn 0.1945 0.9434 -0.2687
vn 0.2884 0.9338 -0.2118
vn -0.9528 0.2996 0.0497
vn 0.2975 0.9547 0.0023
vn 0.1993 0.9799 0.0037
vn 0.5645 0.8088 -0.1651
vn 0.2672 0.9570 -0.1133
vn 0.2068 0.9648 -0.1624
vn 0.1108 0.9760 -0.1877
vn 0.1576 0.9774 -0.1407
vn -0.5803 0.7846 -0.2183
vn -0.6521 0.7462 -0.1343
vn -0.6111 0.6889 -0.3898
vn -0.6044 0.7026 -0.3755
vn 0.7963 -0.5237 0.3026
vn 0.4741 -0.7347 0.4852
vn 0.2886 -0.7179 -0.6335
vn 0.6392 -0.7300 -0.2421
vn 0.4646 -0.7505 -0.4700
vn 0.2709 -0.8607 -0.4310
vn 0.5050 0.3402 0.7933
vn 0.7312 -0.3738 0.5707
vn 0.7563 -0.6462 0.1020
vn 0.7535 -0.3008 0.5846
vn 0.6806 -0.3687 0.6331
vn 0.6534 -0.7359 0.1776
vn -0.0748 0.0103 -0.9971
vn 0.4357 -0.7527 -0.4936
vn 0.4538 -0.8772 -0.1569
vn 0.5527 -0.8199 -0.1494
vn 0.4591 -0.7362 -0.4973
vn -0.5823 0.7768 0.2398
vn -0.6390 0.7504 0.1690
vn -0.7041 0.6844 0.1895
vn -0.6891 0.6957 0.2030
vn -0.4974 0.6211 -0.6057
vn -0.4499 0.6620 -0.5994
vn 0.6830 -0.6825 -0.2603
vn 0.7710 -0.5712 -0.2815
vn 0.9163 -0.3953 -0.0640
vn 0.8183 -0.5736 0.0365
vn 0.2514 0.9624 -0.1031
vn 0.2457 0.9635 -0.1063
vn 0.1873 0.9782 -0.0901
vn 0.6498 -0.6703 -0.3583
vn 0.3700 -0.8062 -0.4616
vn -0.0307 -0.9506 0.3089
vn 0.4001 -0.8461 0.3522
vn 0.1448 -0.9785 0.1472
vn 0.0350 -0.9817 0.1872
vn -0.0259 -0.9689 0.2461
vn 0.9617 -0.2577 -0.0936
vn 0.9329 0.2520 0.2572
vn 0.9011 0.0626 0.4290
vn 0.8400 -0.4880 -0.2373
vn 0.6511 0.7556 0.0713
vn 0.5024 0.8589 0.0995
vn 0.5168 -0.5465 -0.6590
vn 0.1377 -0.7614 -0.6335
vn 0.0308 -0.6421 -0.7660
vn 0.4899 -0.4230 -0.7623
vn -0.6302 0.7578 -0.1691
vn -0.6971 0.7117 -0.0869
vn -0.6989 0.6949 0.1696
vn -0.6297 0.7729 0.0776
vn -0.4483 0.7503 -0.4859
vn -0.2992 0.7113 -0.6360
vn -0.0210 0.7765 0.6298
vn 0.1333 0.7308 0.6695
vn -0.0489 0.6924 0.7198
vn -0.2674 0.7367 0.6211
vn 0.2865 -0.8078 -0.5151
vn 0.4286 -0.7551 -0.4962
vn -0.9825 0.1806 0.0467
vn -0.9804 0.1807 -0.0784
vn 0.6807 -0.6733 0.2887
vn 0.7041 -0.6670 0.2438
vn 0.6375 -0.7383 0.2201
vn 0.6655 -0.7183 0.2028
vn -0.4285 0.8085 -0.4034
vn -0.3443 0.9225 -0.1746
vn 0.7504 -0.6608 -0.0165
vn 0.8418 -0.4878 -0.2309
vn 0.7627 -0.6455 0.0394
vn -0.8281 0.5579 0.0545
vn -0.9528 0.2996 0.0498
vn 0.3117 -0.4061 -0.8590
vn -0.0158 0.2986 -0.9543
vn 0.2124 -0.9680 0.1339
vn -0.9388 -0.2601 -0.2260
vn 0.3959 -0.7713 0.4984
vn 0.3226 -0.2888 -0.9014
vn 0.0755 -0.7970 -0.5992
vn 0.2407 -0.1822 -0.9533
vn 0.7540 -0.2696 0.5990
vn 0.7097 -0.1647 0.6849
vn -0.9935 0.0851 -0.0752
vn -0.0942 -0.9725 0.2129
vn -0.0319 -0.9598 0.2787
vn 0.4530 -0.7724 0.4453
vn 0.2996 0.9532 -0.0406
vn -0.2303 -0.9707 -0.0688
vn -0.1647 -0.9705 -0.1761
vn -0.1447 -0.9638 0.2240
vn 0.2268 0.9632 -0.1442
vn 0.2384 0.9539 -0.1824
vn 0.8115 0.3457 0.4712
vn 0.9286 0.1561 0.3367
vn -0.1344 -0.9889 0.0627
vn -0.1813 -0.9796 -0.0865
vn -0.2019 -0.9760 0.0823
vn -0.3578 0.9274 -0.1092
vn -0.0936 0.9351 -0.3419
vn 0.1502 0.9854 -0.0800
vn -0.1603 0.9869 0.0200
vn -0.3702 0.8239 -0.4291
vn -0.3244 0.8233 0.4659
vn -0.2211 0.9466 0.2345
vn 0.1372 0.9540 0.2666
vn 0.0040 0.8603 0.5098
vn 0.2757 0.9539 -0.1183
vn 0.3109 0.9057 0.2882
vn 0.3568 -0.9109 -0.2074
vn 0.3949 -0.9004 -0.1827
vn 0.4463 -0.8666 -0.2233
vn 0.3691 0.2618 0.8918
vn 0.3583 0.2987 0.8845
vn -0.7029 0.7054 -0.0913
vn -0.6421 0.6704 -0.3719
vn -0.6383 0.6715 -0.3764
vn -0.6207 0.6816 -0.3876
vn 0.1883 0.8632 -0.4684
vn 0.0111 0.7145 -0.6995
vn -0.1239 0.5266 -0.8410
vn -0.1681 0.3827 -0.9085
vn -0.5273 0.6351 -0.5644
vn -0.4994 0.6732 -0.5454
vn -0.5391 0.6092 -0.5816
vn 0.1546 0.3824 -0.9110
vn 0.2990 0.8681 0.3962
vn 0.4772 0.7189 0.5055
vn 0.2606 0.5846 -0.7683
vn 0.0166 0.6744 -0.7382
vn 0.5458 -0.4401 0.7130
vn -0.1420 -0.9782 -0.1515
vn -0.0584 -0.9892 -0.1341
vn -0.0402 -0.9986 0.0352
vn 0.2054 -0.0264 -0.9783
vn 0.3496 0.8708 0.3458
vn 0.3336 0.8852 0.3241
vn 0.2626 0.7868 0.5586
vn 0.2490 0.8180 0.5185
vn 0.2103 0.7635 0.6106
vn 0.2992 0.7364 0.6068
vn -0.4499 0.7722 0.4486
vn -0.1547 0.8304 0.5352
vn -0.2080 0.9334 0.2923
vn -0.3012 0.9513 0.0656
vn 0.3219 0.9396 -0.1160
vn 0.2849 0.5221 -0.8039
vn 0.3988 0.5004 -0.7685
vn 0.2184 0.9180 -0.3309
vn 0.1784 0.9051 -0.3860
vn 0.8643 -0.2656 -0.4271
vn 0.8825 -0.1872 -0.4316
vn 0.8704 -0.4562 -0.1849
vn 0.6504 -0.7419 0.1631
vn 0.6193 -0.7676 -0.1648
vn 0.4673 -0.8808 -0.0764
vn 0.6154 -0.7474 0.2503
vn 0.6483 -0.7307 0.2141
vn 0.5555 -0.8203 -0.1361
vn 0.3882 -0.9213 -0.0224
vn 0.4923 -0.7833 0.3797
vn 0.5642 -0.7594 0.3240
vn 0.4236 -0.9051 -0.0368
vn 0.3782 -0.9212 -0.0914
vn 0.3963 -0.9133 -0.0944
vn 0.5362 0.7206 -0.4396
vn 0.6312 0.6902 -0.3538
vn 0.7168 0.6511 -0.2495
vn 0.7349 0.3615 -0.5738
vn 0.6450 0.2289 -0.7291
vn 0.4196 0.3324 -0.8447
vn 0.7777 -0.4218 0.4661
vn 0.3643 0.8171 -0.4469
vn 0.6771 0.5184 0.5224
vn 0.7607 -0.2319 0.6062
vn 0.3503 0.2738 0.8957
vn 0.3261 -0.2569 -0.9098
vn 0.3561 0.9250 0.1321
vn 0.1133 -0.9776 -0.1776
vn -0.3136 0.5668 -0.7619
vn 0.8086 -0.5682 -0.1529
vn 0.7244 -0.6791 -0.1186
vn 0.8149 -0.1594 0.5573
vn 0.2556 -0.9116 0.3221
vn -0.0535 0.9981 0.0295
vn -0.0942 0.9196 0.3814
vn 0.3510 0.8663 0.3554
vn 0.7285 -0.0846 -0.6798
vn 0.6515 -0.1354 -0.7464
vn 0.6812 -0.7045 -0.1990
vn 0.9885 0.0459 -0.1444
vn -0.5288 0.8380 0.1347
vn -0.5907 0.8016 0.0926
vn -0.6990 0.6934 0.1748
vn -0.6901 0.6997 0.1850
vn -0.3874 0.1990 -0.9002
vn -0.5118 -0.0337 -0.8584
vn -0.9958 -0.0760 0.0518
vn -0.9942 -0.0778 -0.0737
vn 0.5054 0.8582 -0.0896
vn 0.9794 0.1254 -0.1581
vn 0.9323 0.1800 -0.3139
vn 0.7629 0.4554 -0.4589
vn 0.6482 0.3578 -0.6722
vn 0.4371 0.3585 -0.8249
vn 0.1782 0.5116 -0.8406
vn 0.8830 0.1575 -0.4421
vn 0.7535 0.1918 -0.6289
vn -0.5159 0.8552 0.0496
vn -0.0308 -0.9506 0.3089
vn 0.2396 0.2824 -0.9289
vn 0.9801 0.1881 -0.0627
vn 0.9801 0.1882 -0.0627
vn -0.2135 0.9742 0.0727
vn 0.9213 -0.0014 -0.3889
vn 0.8448 0.0948 -0.5267
vn -0.1064 0.7504 -0.6523
vn -0.8005 -0.5641 0.2022
vn 0.3783 -0.5074 -0.7742
vn 0.1518 -0.6147 -0.7740
vn 0.1148 -0.3383 -0.9340
vn 0.3527 0.5705 -0.7417
vn -0.9448 0.0251 0.3266
vn -0.8734 0.0423 0.4852
vn -0.8637 -0.0101 0.5040
vn -0.9197 -0.0519 0.3892
vn -0.8571 -0.0645 0.5112
vn -0.8542 -0.1170 0.5067
vn -0.9137 -0.1302 0.3850
vn -0.8542 -0.1707 0.4910
vn -0.9152 -0.1548 0.3720
vn -0.8570 -0.2248 0.4638
vn -0.8627 -0.2714 0.4268
vn -0.9186 -0.1755 0.3541
vn -0.9243 -0.1910 0.3303
vn -0.9308 -0.1999 0.3060
vn -0.8906 -0.3197 0.3235
vn -0.8747 -0.3028 0.3785
vn -0.8086 0.1075 0.5785
vn -0.7943 0.0329 0.6066
vn -0.7853 -0.0469 0.6173
vn -0.7939 -0.3612 0.4891
vn -0.8110 -0.4035 0.4236
vn -0.8352 -0.4306 0.3421
vn 0.0058 0.2819 -0.9594
vn -0.0823 0.3840 -0.9197
vn 0.3956 0.8477 -0.3534
vn -0.6791 0.7112 0.1816
vn -0.7232 0.6901 0.0253
vn -0.7630 0.6337 -0.1278
vn -0.7950 0.5449 -0.2665
vn -0.8317 0.2902 -0.4734
vn -0.8182 0.4284 -0.3834
vn -0.8351 0.1370 -0.5328
vn -0.8288 -0.0242 -0.5590
vn -0.8137 -0.1882 -0.5499
vn -0.7910 -0.3504 -0.5014
vn -0.7135 -0.3682 -0.5962
vn -0.5874 0.0050 -0.8093
vn -0.5682 -0.1934 -0.7998
vn -0.3536 -0.6042 -0.7141
vn -0.1567 0.8768 0.4546
vn -0.0958 0.7703 0.6305
vn -0.0402 0.6273 0.7777
vn 0.1961 0.9713 0.1345
vn -0.2133 -0.6145 -0.7595
vn -0.0742 0.9725 0.2207
vn -0.1356 0.9906 0.0164
vn -0.0102 0.9074 0.4202
vn 0.0522 0.7981 0.6002
vn 0.1123 0.6514 0.7504
vn -0.1634 0.2578 -0.9523
vn 0.0115 -0.7028 -0.7113
vn 0.0723 0.9815 0.1771
vn 0.1306 0.9177 0.3751
vn 0.1738 0.8107 0.5591
vn 0.2223 0.9156 0.3352
vn 0.2152 0.8265 0.5201
vn 0.1227 -0.7463 -0.6542
vn 0.2794 0.9106 0.3046
vn 0.2475 -0.7895 -0.5616
vn 0.6416 0.7668 -0.0177
vn 0.3864 -0.7301 -0.5636
vn 0.6221 -0.7704 0.1398
vn 0.8204 0.5552 -0.1366
vn -0.9364 -0.2009 0.2878
vn -0.9349 -0.2020 0.2919
vn -0.0944 0.9196 0.3814
vn -0.0906 0.3993 -0.9123
vn -0.1329 0.5098 -0.8500
vn 0.2780 0.7450 -0.6064
vn 0.3655 0.6646 -0.6517
vn 0.2754 0.5065 -0.8170
vn 0.1420 -0.0707 -0.9873
vn 0.2842 -0.1195 -0.9513
vn 0.5058 -0.1466 -0.8501
vn 0.6975 0.7054 0.1257
vn 0.9518 0.2318 0.2009
vn 0.9642 0.0211 0.2644
vn 0.3955 0.7859 -0.4753
vn -0.1667 0.6723 -0.7213
vn -0.0749 0.6399 -0.7648
vn 0.4452 0.5779 -0.6840
vn 0.2359 0.0611 -0.9698
vn 0.1731 0.2097 -0.9623
vn -0.0116 0.7071 -0.7070
vn 0.9301 -0.1065 0.3515
vn 0.4216 0.5844 -0.6933
vn 0.4142 0.5776 -0.7035
vn 0.3906 0.5911 -0.7057
vn 0.3077 0.4641 -0.8306
vn 0.1776 -0.0482 0.9829
vn -0.3804 0.8181 0.4312
vn -0.2281 0.9197 0.3197
vn 0.6089 0.5494 -0.5722
vn 0.3573 -0.0323 -0.9334
vn 0.5193 0.4709 0.7132
vn 0.5199 0.4708 0.7128
vn -0.0114 0.7071 -0.7071
vn 0.7621 0.0606 0.6446
vn 0.0431 0.8351 -0.5484
vn 0.0383 0.9470 0.3189
vn -0.0674 0.9121 0.4044
vn 0.2964 -0.0007 -0.9551
vn 0.4341 0.7293 0.5289
vn 0.7530 0.4842 0.4455
vn -0.2771 0.8804 0.3849
vn -0.1848 0.4794 -0.8579
vn -0.2285 0.2696 -0.9355
vn 0.6148 -0.7749 -0.1466
vn -0.0048 -1.0000 0.0035
vn -0.0046 -1.0000 0.0037
vn -0.0035 -1.0000 0.0079
vn -0.5736 0.6486 -0.5003
vn -0.2638 0.4886 -0.8317
vn 0.3487 -0.8453 -0.4048
vn -0.5725 0.4448 -0.6887
vn -0.5726 0.4448 -0.6887
vn 0.3273 0.9185 0.2221
vn 0.3211 -0.4497 0.8334
vn 0.5155 0.8542 0.0671
vn 0.4316 0.5760 -0.6942
vn -0.4911 0.8235 0.2838
vn 0.1682 0.2542 -0.9524
vn 0.7745 0.4810 -0.4108
vn 0.8901 0.4309 0.1486
vn 0.5927 0.1473 0.7918
vn 0.7160 -0.2042 -0.6676
vn 0.4130 -0.7013 0.5810
vn -0.3234 0.7054 0.6307
vn -0.1362 0.7024 0.6987
vn 0.3419 0.4237 0.8388
vn 0.3411 0.5639 0.7521
vn 0.9559 0.0744 -0.2842
vn 0.6067 0.7866 -0.1148
vn 0.4347 -0.8943 -0.1060
vn 0.1645 0.8144 0.5566
vn 0.6700 -0.0023 -0.7423
vn 0.9370 0.1422 0.3191
vn 0.3604 0.9319 0.0403
vn 0.5157 0.8542 0.0671
vn 0.7096 0.7014 0.0674
vn 0.6010 0.7498 0.2767
vn 0.3274 0.9184 0.2221
vn 0.5794 0.6548 0.4853
vn 0.1972 0.7873 0.5842
vn -0.0362 0.9397 0.3400
vn -0.0735 0.7697 -0.6341
vn -0.0564 0.8169 -0.5740
vn -0.0549 0.7438 -0.6662
vn 0.1739 0.7654 0.6196
vn -0.0536 0.9981 0.0295
vn 0.9959 0.0444 0.0784
vn 0.7692 -0.5791 0.2704
vn -0.2533 0.1147 -0.9606
vn -0.2286 0.2696 -0.9354
vn 0.3764 0.7439 0.5523
vn 0.9235 0.3767 0.0724
vn 0.3997 0.8802 0.2559
vn 0.3166 0.3071 -0.8974
vn 0.9107 0.1327 0.3912
vn 0.4457 0.8947 -0.0291
vn 0.1977 0.9776 -0.0716
vn -0.1014 0.6529 0.7507
vn -0.3141 0.7128 0.6271
vn -0.1494 0.6404 0.7533
vn -0.3442 0.6951 0.6312
vn -0.0880 0.7020 -0.7067
vn 0.6325 -0.6902 0.3517
vn 0.5908 -0.6594 -0.4649
vn 0.5629 -0.7235 0.3996
vn 0.6775 -0.5848 -0.4461
vn 0.8119 -0.4036 -0.4218
vn -0.1639 -0.4645 -0.8703
vn -0.5499 0.7235 0.4173
vn -0.6921 0.6938 0.1988
vn -0.5522 0.7176 0.4244
vn -0.3498 0.6938 0.6295
vn 0.8837 -0.3910 0.2572
vn 0.9996 0.0197 0.0204
vn 0.9541 0.0244 0.2984
vn 0.1430 -0.9708 0.1924
vn 0.5283 0.0326 -0.8484
vn 0.9505 -0.1464 -0.2740
vn 0.5420 -0.8288 -0.1388
vn 0.3894 -0.1936 -0.9005
vn -0.1490 0.6655 0.7314
vn -0.1388 -0.6723 0.7272
vn -0.5578 0.8043 0.2051
vn 0.8647 0.4282 -0.2625
vn 0.9784 -0.1794 -0.1030
vn 0.7203 0.6878 -0.0899
vn -0.3720 -0.0836 -0.9245
vn 0.2097 0.8460 0.4902
vn -0.9663 -0.2530 0.0480
vn -0.9642 -0.2560 -0.0691
vn -0.4867 0.7595 0.4316
vn 0.2406 -0.2515 0.9375
vn 0.2407 -0.2514 0.9375
vn 0.8731 -0.1771 -0.4542
vn 0.8436 -0.3720 -0.3872
vn 0.2679 0.9004 0.3428
vn 0.2677 0.9005 0.3426
vn 0.0316 -0.1839 0.9824
vn -0.1771 -0.9594 -0.2197
vn -0.3545 0.3720 -0.8579
vn 0.8831 0.1575 -0.4421
vn -0.0995 0.9612 -0.2572
vn -0.0990 0.9613 -0.2571
vn 0.6422 0.7027 0.3062
vn 0.8406 -0.1392 -0.5235
vn -0.0735 0.7697 -0.6342
vn 0.9092 -0.4081 -0.0826
vn 0.9093 -0.4078 -0.0827
vn 0.3730 -0.6817 0.6293
vn -0.7851 -0.5613 0.2618
vn -0.0535 0.9981 0.0294
vn -0.0012 -1.0000 -0.0025
vn -0.0029 -1.0000 0.0033
vn 0.9994 -0.0348 -0.0072
vn -0.0035 -1.0000 -0.0060
vn -0.0042 -1.0000 -0.0049
vn -0.0029 -1.0000 -0.0059
vn -0.2747 0.1352 0.9520
vn -0.2570 -0.1234 0.9585
vn -0.1991 -0.3032 0.9319
vn -0.1258 -0.4514 0.8834
vn -0.0541 0.7367 0.6741
vn 0.0375 0.8084 0.5874
vn 0.0614 -0.5357 0.8422
vn -0.0377 -0.5195 0.8536
vn 0.1708 -0.4907 -0.8544
vn 0.9774 0.1241 -0.1709
vt 0.861966 0.401526
vt 0.867731 0.405188
vt 0.870657 0.401504
vt 0.866236 0.398834
vt 0.874160 0.398826
vt 0.871384 0.397619
vt 0.878048 0.397558
vt 0.873951 0.397664
vt 0.877975 0.397658
vt 0.866060 0.397625
vt 0.856321 0.399060
vt 0.860570 0.399008
vt 0.855482 0.401642
vt 0.851008 0.401767
vt 0.848050 0.401779
vt 0.853776 0.399148
vt 0.939709 0.408955
vt 0.943792 0.414167
vt 0.931618 0.414911
vt 0.921769 0.409549
vt 0.939488 0.398861
vt 0.927974 0.398901
vt 0.931632 0.401375
vt 0.944496 0.401457
vt 0.863781 0.409841
vt 0.858360 0.405349
vt 0.862287 0.401557
vt 0.867250 0.404976
vt 0.866606 0.398924
vt 0.870712 0.401462
vt 0.851030 0.405417
vt 0.846214 0.405443
vt 0.842460 0.405195
vt 0.842115 0.409869
vt 0.837426 0.409453
vt 0.847079 0.410021
vt 0.951158 0.401375
vt 0.945500 0.398818
vt 0.948546 0.405179
vt 0.955535 0.405156
vt 0.942950 0.414410
vt 0.931211 0.415109
vt 0.936762 0.420698
vt 0.945887 0.420220
vt 0.954198 0.510416
vt 0.953318 0.510638
vt 0.953444 0.508317
vt 0.954352 0.507334
vt 0.866307 0.415598
vt 0.859425 0.421874
vt 0.858319 0.415536
vt 0.854469 0.410101
vt 0.858112 0.415702
vt 0.863906 0.410047
vt 0.858121 0.405363
vt 0.834209 0.413908
vt 0.838159 0.409243
vt 0.836758 0.409301
vt 0.832578 0.414030
vt 0.854503 0.429219
vt 0.852464 0.422383
vt 0.953600 0.414936
vt 0.955100 0.420509
vt 0.958188 0.405089
vt 0.953466 0.401386
vt 0.951482 0.401365
vt 0.955814 0.405156
vt 0.948825 0.405179
vt 0.944998 0.401429
vt 0.958091 0.405199
vt 0.961862 0.409747
vt 0.961860 0.409791
vt 0.958875 0.409842
vt 0.947818 0.426423
vt 0.955942 0.426574
vt 0.955415 0.438781
vt 0.956270 0.432802
vt 0.948355 0.432791
vt 0.947179 0.438896
vt 0.941415 0.433124
vt 0.940295 0.426582
vt 0.948394 0.426244
vt 0.949156 0.432796
vt 0.939916 0.426757
vt 0.940895 0.433027
vt 0.956416 0.432776
vt 0.955188 0.438695
vt 0.947821 0.439136
vt 0.933038 0.520604
vt 0.934851 0.520311
vt 0.934434 0.519715
vt 0.932552 0.520045
vt 0.944309 0.444589
vt 0.953464 0.444290
vt 0.960647 0.444424
vt 0.962550 0.439010
vt 0.952013 0.507755
vt 0.951135 0.508840
vt 0.952698 0.512701
vt 0.953215 0.511264
vt 0.929579 0.519229
vt 0.931248 0.520284
vt 0.930710 0.519671
vt 0.929093 0.518640
vt 0.929033 0.449192
vt 0.918742 0.452460
vt 0.933669 0.453285
vt 0.939730 0.449457
vt 0.946319 0.453375
vt 0.950281 0.449152
vt 0.868771 0.453598
vt 0.877353 0.455968
vt 0.890577 0.455047
vt 0.875777 0.450429
vt 0.870949 0.459563
vt 0.865831 0.459946
vt 0.869348 0.456995
vt 0.875073 0.458463
vt 0.944291 0.491984
vt 0.945497 0.488606
vt 0.943599 0.487511
vt 0.942329 0.491435
vt 0.925289 0.504712
vt 0.917172 0.505296
vt 0.920962 0.508150
vt 0.925069 0.509715
vt 0.955458 0.508799
vt 0.954691 0.513093
vt 0.954069 0.512878
vt 0.955064 0.510040
vt 0.865825 0.458435
vt 0.865391 0.460791
vt 0.869977 0.459728
vt 0.871446 0.458982
vt 0.951345 0.484260
vt 0.954030 0.483685
vt 0.952251 0.480529
vt 0.949756 0.480976
vt 0.955922 0.489330
vt 0.955142 0.488211
vt 0.954263 0.484425
vt 0.955335 0.486204
vt 0.869597 0.456984
vt 0.875200 0.458466
vt 0.882269 0.458025
vt 0.932985 0.522196
vt 0.935057 0.521760
vt 0.877063 0.460000
vt 0.889224 0.462652
vt 0.890358 0.462714
vt 0.880928 0.460060
vt 0.245158 0.423975
vt 0.148569 0.498875
vt 0.143764 0.429085
vt 0.235580 0.359702
vt 0.874570 0.258357
vt 0.870232 0.260129
vt 0.870642 0.262514
vt 0.874321 0.260529
vt 0.870234 0.270504
vt 0.864805 0.270607
vt 0.863904 0.253791
vt 0.870498 0.254293
vt 0.772884 0.721001
vt 0.841154 0.721344
vt 0.842749 0.767471
vt 0.769128 0.766819
vt 0.840872 0.722297
vt 0.842467 0.768423
vt 0.908209 0.760544
vt 0.901226 0.710448
vt 0.134156 0.320572
vt 0.224027 0.289653
vt 0.699610 0.756109
vt 0.709069 0.706824
vt 0.214240 0.228892
vt 0.272238 0.213152
vt 0.288073 0.263566
vt 0.342229 0.232442
vt 0.316583 0.183819
vt 0.302841 0.416173
vt 0.302959 0.373132
vt 0.355112 0.336459
vt 0.346805 0.380154
vt 0.409212 0.301844
vt 0.393776 0.367451
vt 0.353643 0.285267
vt 0.416748 0.239090
vt 0.371257 0.129527
vt 0.412385 0.174765
vt 0.278107 0.146712
vt 0.312010 0.090946
vt 0.901508 0.709495
vt 0.908491 0.759591
vt 0.641706 0.289174
vt 0.572701 0.325840
vt 0.554780 0.242428
vt 0.636546 0.210325
vt 0.852976 0.399065
vt 0.859393 0.397599
vt 0.860024 0.397676
vt 0.843668 0.414845
vt 0.838646 0.414482
vt 0.856026 0.399014
vt 0.861954 0.397568
vt 0.860159 0.397664
vt 0.853853 0.399094
vt 0.139091 0.770988
vt 0.233372 0.762934
vt 0.238410 0.805793
vt 0.148083 0.821618
vt 0.339502 0.673242
vt 0.260986 0.672117
vt 0.283208 0.642063
vt 0.345064 0.636086
vt 0.843291 0.414792
vt 0.839885 0.419736
vt 0.846514 0.420792
vt 0.850618 0.415218
vt 0.838869 0.430451
vt 0.834481 0.428371
vt 0.839445 0.430603
vt 0.847163 0.420560
vt 0.843659 0.433436
vt 0.869857 0.416948
vt 0.879341 0.412694
vt 0.876099 0.410269
vt 0.865754 0.416146
vt 0.850892 0.415208
vt 0.830666 0.418987
vt 0.834732 0.419195
vt 0.837981 0.414182
vt 0.830662 0.427303
vt 0.827717 0.426976
vt 0.326898 0.757163
vt 0.241009 0.715530
vt 0.331126 0.714598
vt 0.918588 0.439240
vt 0.915514 0.443200
vt 0.920523 0.444350
vt 0.924243 0.439743
vt 0.863516 0.455972
vt 0.860982 0.459109
vt 0.942699 0.519730
vt 0.943600 0.520352
vt 0.943213 0.518650
vt 0.942484 0.518080
vt 0.782072 0.622983
vt 0.800562 0.614675
vt 0.800560 0.599400
vt 0.770358 0.607692
vt 0.858128 0.362290
vt 0.862423 0.349295
vt 0.847322 0.346695
vt 0.845891 0.359181
vt 0.875883 0.460032
vt 0.870463 0.459645
vt 0.876379 0.459992
vt 0.949100 0.511191
vt 0.948005 0.505607
vt 0.946118 0.511811
vt 0.902808 0.455334
vt 0.892317 0.457757
vt 0.902670 0.458019
vt 0.911682 0.460937
vt 0.913434 0.458571
vt 0.902677 0.460467
vt 0.927944 0.506963
vt 0.928377 0.510114
vt 0.915797 0.455832
vt 0.942931 0.511155
vt 0.943959 0.505926
vt 0.945738 0.508370
vt 0.944979 0.511457
vt 0.933215 0.462650
vt 0.936971 0.460171
vt 0.924520 0.459410
vt 0.919955 0.462087
vt 0.927195 0.515710
vt 0.927597 0.518520
vt 0.928441 0.517467
vt 0.928211 0.515165
vt 0.910929 0.462701
vt 0.902819 0.462828
vt 0.902038 0.460510
vt 0.911051 0.461039
vt 0.853855 0.205189
vt 0.856654 0.209577
vt 0.849440 0.210845
vt 0.844542 0.206031
vt 0.757075 0.288915
vt 0.749567 0.262372
vt 0.704143 0.312403
vt 0.701364 0.364720
vt 0.887336 0.211472
vt 0.882303 0.208527
vt 0.869343 0.207181
vt 0.874322 0.212263
vt 0.892209 0.224715
vt 0.891627 0.223783
vt 0.890567 0.213820
vt 0.889642 0.217102
vt 0.250110 0.468112
vt 0.890889 0.214313
vt 0.885027 0.212810
vt 0.240207 0.064107
vt 0.220228 0.127313
vt 0.258385 0.177707
vt 0.895142 0.343144
vt 0.892951 0.350759
vt 0.894607 0.344154
vt 0.896265 0.333541
vt 0.775513 0.183818
vt 0.853165 0.100422
vt 0.815355 0.094326
vt 0.970242 0.681277
vt 0.939570 0.629718
vt 0.920299 0.645594
vt 0.945964 0.693526
vt 0.298228 0.319321
vt 0.803506 0.201004
vt 0.767751 0.813767
vt 0.840491 0.814502
vt 0.836470 0.858222
vt 0.770203 0.857847
vt 0.832541 0.895317
vt 0.836187 0.859175
vt 0.769921 0.858800
vt 0.776292 0.895678
vt 0.133514 0.241035
vt 0.056512 0.244825
vt 0.056323 0.176259
vt 0.132836 0.176022
vt 0.209620 0.176711
vt 0.946933 0.482758
vt 0.942421 0.479379
vt 0.939215 0.484123
vt 0.878803 0.485988
vt 0.877999 0.489197
vt 0.877479 0.490730
vt 0.878045 0.488251
vt 0.927854 0.512845
vt 0.926885 0.512910
vt 0.926179 0.516255
vt 0.920833 0.464349
vt 0.920890 0.466118
vt 0.912450 0.466086
vt 0.911763 0.464455
vt 0.904647 0.464520
vt 0.879976 0.487255
vt 0.879572 0.487300
vt 0.881189 0.483034
vt 0.881748 0.482959
vt 0.879235 0.487423
vt 0.880652 0.483253
vt 0.936263 0.528363
vt 0.934831 0.524989
vt 0.939919 0.523165
vt 0.940778 0.525984
vt 0.926753 0.519573
vt 0.939868 0.519641
vt 0.939267 0.518807
vt 0.937153 0.520570
vt 0.937547 0.521739
vt 0.930891 0.521821
vt 0.928964 0.520607
vt 0.928350 0.521984
vt 0.930534 0.523359
vt 0.941696 0.517149
vt 0.940898 0.516619
vt 0.933851 0.397545
vt 0.924135 0.397565
vt 0.929152 0.439726
vt 0.930838 0.433902
vt 0.925801 0.434263
vt 0.939896 0.502018
vt 0.936447 0.501609
vt 0.936534 0.504088
vt 0.939071 0.504531
vt 0.911927 0.397463
vt 0.913998 0.398826
vt 0.887934 0.397535
vt 0.886084 0.398748
vt 0.873711 0.398813
vt 0.883077 0.401373
vt 0.885568 0.398789
vt 0.877506 0.397514
vt 0.904610 0.407951
vt 0.915613 0.412200
vt 0.921344 0.409650
vt 0.918631 0.404656
vt 0.902111 0.398787
vt 0.902897 0.401138
vt 0.916553 0.401268
vt 0.904419 0.404260
vt 0.903345 0.401161
vt 0.914428 0.398827
vt 0.947588 0.398916
vt 0.953337 0.401538
vt 0.947500 0.399036
vt 0.916139 0.401275
vt 0.880927 0.404722
vt 0.876573 0.409920
vt 0.936567 0.505592
vt 0.936317 0.506456
vt 0.938070 0.506748
vt 0.938594 0.505926
vt 0.428561 0.633258
vt 0.517366 0.634965
vt 0.510699 0.676291
vt 0.424042 0.673740
vt 0.505796 0.719121
vt 0.418623 0.715141
vt 0.903361 0.441071
vt 0.909872 0.442542
vt 0.908067 0.444769
vt 0.903210 0.444063
vt 0.955136 0.505085
vt 0.956376 0.507194
vt 0.593633 0.724091
vt 0.595916 0.679782
vt 0.413463 0.796679
vt 0.328393 0.797118
vt 0.414763 0.757000
vt 0.904076 0.437412
vt 0.911884 0.438770
vt 0.904780 0.433190
vt 0.913199 0.433998
vt 0.152917 0.714025
vt 0.188039 0.660899
vt 0.251002 0.622891
vt 0.910791 0.422281
vt 0.905844 0.421559
vt 0.905474 0.425025
vt 0.912006 0.425106
vt 0.912357 0.424967
vt 0.913340 0.429138
vt 0.905294 0.428912
vt 0.905488 0.424961
vt 0.902496 0.453271
vt 0.902093 0.455956
vt 0.890333 0.455013
vt 0.889827 0.451740
vt 0.902850 0.452456
vt 0.955477 0.513065
vt 0.956562 0.510151
vt 0.956687 0.508947
vt 0.955509 0.511632
vt 0.894230 0.460211
vt 0.886684 0.460112
vt 0.892541 0.462593
vt 0.897291 0.462545
vt 0.919848 0.462088
vt 0.966314 0.439008
vt 0.964406 0.444378
vt 0.964510 0.444202
vt 0.966427 0.438883
vt 0.939489 0.439171
vt 0.935553 0.444785
vt 0.945299 0.511731
vt 0.946664 0.509365
vt 0.946775 0.509925
vt 0.945612 0.512005
vt 0.964391 0.415022
vt 0.964499 0.415028
vt 0.876435 0.450731
vt 0.877438 0.456074
vt 0.869445 0.454182
vt 0.866399 0.449489
vt 0.924570 0.397524
vt 0.928618 0.398828
vt 0.912366 0.397543
vt 0.938847 0.409148
vt 0.935431 0.404681
vt 0.859693 0.446280
vt 0.855666 0.441340
vt 0.859086 0.440054
vt 0.862632 0.444730
vt 0.643061 0.366324
vt 0.576570 0.399149
vt 0.852102 0.422532
vt 0.937546 0.507578
vt 0.937081 0.507438
vt 0.938351 0.508298
vt 0.938901 0.508422
vt 0.857993 0.434235
vt 0.853866 0.435555
vt 0.859205 0.428005
vt 0.849189 0.444410
vt 0.846009 0.439206
vt 0.853635 0.449316
vt 0.859396 0.453185
vt 0.883515 0.397651
vt 0.891034 0.397645
vt 0.255441 0.838224
vt 0.174218 0.860862
vt 0.127886 0.880246
vt 0.093256 0.834193
vt 0.951437 0.409790
vt 0.863290 0.455790
vt 0.869662 0.416377
vt 0.879532 0.412275
vt 0.333860 0.602351
vt 0.624566 0.605374
vt 0.529124 0.594060
vt 0.543475 0.557405
vt 0.655545 0.572596
vt 0.501279 0.762876
vt 0.703370 0.314326
vt 0.703499 0.366966
vt 0.644363 0.422582
vt 0.083907 0.774978
vt 0.056643 0.778851
vt 0.072436 0.710311
vt 0.099669 0.709478
vt 0.114209 0.644610
vt 0.137030 0.645509
vt 0.865522 0.397455
vt 0.871595 0.397671
vt 0.868659 0.397671
vt 0.905101 0.407893
vt 0.916008 0.412068
vt 0.903601 0.410265
vt 0.275714 0.857682
vt 0.232830 0.882474
vt 0.869211 0.447456
vt 0.878828 0.448367
vt 0.904075 0.404332
vt 0.862926 0.421743
vt 0.318062 0.571086
vt 0.304302 0.551225
vt 0.429259 0.535162
vt 0.429051 0.559095
vt 0.929882 0.445604
vt 0.935730 0.445715
vt 0.928783 0.450398
vt 0.922595 0.449614
vt 0.919962 0.434273
vt 0.925060 0.428584
vt 0.919641 0.429082
vt 0.955605 0.489791
vt 0.956413 0.492938
vt 0.956425 0.492794
vt 0.890006 0.449500
vt 0.936295 0.433481
vt 0.939896 0.439756
vt 0.934525 0.439972
vt 0.927320 0.434037
vt 0.932331 0.433786
vt 0.930432 0.440034
vt 0.925669 0.439922
vt 0.927682 0.421785
vt 0.931209 0.427509
vt 0.926515 0.428111
vt 0.923547 0.422692
vt 0.933786 0.439455
vt 0.929479 0.444749
vt 0.914012 0.420577
vt 0.917730 0.418674
vt 0.910336 0.415321
vt 0.907779 0.418347
vt 0.089131 0.901460
vt 0.047197 0.849027
vt 0.067488 0.842396
vt 0.105635 0.892789
vt 0.918892 0.404595
vt 0.948386 0.485293
vt 0.945966 0.489086
vt 0.948560 0.486751
vt 0.921836 0.416936
vt 0.918257 0.418305
vt 0.922517 0.423241
vt 0.917709 0.424320
vt 0.924944 0.416332
vt 0.939772 0.507879
vt 0.940713 0.507314
vt 0.335539 0.859065
vt 0.318561 0.890705
vt 0.410040 0.927663
vt 0.412205 0.900441
vt 0.503730 0.914675
vt 0.515560 0.943140
vt 0.529717 0.959537
vt 0.412647 0.940987
vt 0.858856 0.422274
vt 0.863033 0.422095
vt 0.414169 0.832004
vt 0.333511 0.830512
vt 0.948316 0.508687
vt 0.948503 0.507957
vt 0.217381 0.600094
vt 0.916084 0.443813
vt 0.911345 0.446349
vt 0.919487 0.439514
vt 0.920879 0.434155
vt 0.918293 0.424021
vt 0.920590 0.428770
vt 0.883770 0.401252
vt 0.176891 0.924466
vt 0.194162 0.909528
vt 0.914417 0.420366
vt 0.911087 0.422154
vt 0.892803 0.398753
vt 0.893101 0.397518
vt 0.414872 0.864697
vt 0.858947 0.427844
vt 0.854080 0.429250
vt 0.298575 0.918513
vt 0.495808 0.877438
vt 0.494669 0.842655
vt 0.497144 0.804816
vt 0.579229 0.819401
vt 0.570764 0.860428
vt 0.587548 0.772055
vt 0.600870 0.640918
vt 0.429426 0.594048
vt 0.557800 0.533271
vt 0.950009 0.507096
vt 0.949608 0.507910
vt 0.909883 0.449686
vt 0.918464 0.448158
vt 0.914720 0.447235
vt 0.907300 0.448560
vt 0.947235 0.504116
vt 0.949823 0.503295
vt 0.948360 0.506655
vt 0.892300 0.404278
vt 0.892667 0.401108
vt 0.568980 0.893979
vt 0.590033 0.923870
vt 0.685834 0.551732
vt 0.921412 0.444811
vt 0.910530 0.415402
vt 0.907910 0.418325
vt 0.193334 0.589335
vt 0.915126 0.447877
vt 0.901567 0.397461
vt 0.901249 0.397670
vt 0.894099 0.397656
vt 0.892774 0.397499
vt 0.618068 0.949096
vt 0.289302 0.932026
vt 0.912942 0.429219
vt 0.913047 0.433844
vt 0.647404 0.965201
vt 0.955396 0.420505
vt 0.953940 0.414936
vt 0.961426 0.415077
vt 0.962774 0.420748
vt 0.961147 0.415077
vt 0.963347 0.426902
vt 0.962495 0.420748
vt 0.967242 0.433135
vt 0.963455 0.433109
vt 0.956245 0.426562
vt 0.963626 0.426902
vt 0.963377 0.433055
vt 0.961584 0.449120
vt 0.957836 0.449233
vt 0.928106 0.516928
vt 0.927841 0.514787
vt 0.954103 0.453514
vt 0.958267 0.453722
vt 0.941689 0.463136
vt 0.945768 0.460575
vt 0.944108 0.496015
vt 0.942070 0.497013
vt 0.949389 0.475505
vt 0.954052 0.482326
vt 0.951415 0.480527
vt 0.953154 0.485389
vt 0.939027 0.397536
vt 0.935263 0.523209
vt 0.920682 0.464371
vt 0.930828 0.464538
vt 0.893798 0.464342
vt 0.889055 0.462590
vt 0.889107 0.462568
vt 0.893773 0.464335
vt 0.898046 0.468336
vt 0.897930 0.466107
vt 0.901270 0.466162
vt 0.901761 0.468217
vt 0.906026 0.466148
vt 0.906461 0.468060
vt 0.891985 0.469369
vt 0.893807 0.467247
vt 0.894211 0.467377
vt 0.892528 0.469525
vt 0.885970 0.475436
vt 0.885135 0.475926
vt 0.888116 0.472377
vt 0.888962 0.472096
vt 0.893304 0.464316
vt 0.894093 0.464377
vt 0.935440 0.520327
vt 0.940031 0.519157
vt 0.901883 0.471147
vt 0.897020 0.472125
vt 0.903757 0.462585
vt 0.899694 0.464496
vt 0.904992 0.464496
vt 0.894343 0.465793
vt 0.894385 0.465571
vt 0.912592 0.467918
vt 0.912253 0.470089
vt 0.906501 0.470456
vt 0.911714 0.462545
vt 0.912260 0.464434
vt 0.944265 0.522893
vt 0.945389 0.523190
vt 0.945370 0.524785
vt 0.944125 0.524447
vt 0.896238 0.464476
vt 0.951641 0.517475
vt 0.952777 0.515115
vt 0.953314 0.515413
vt 0.952001 0.518020
vt 0.943125 0.523168
vt 0.943363 0.521760
vt 0.943577 0.465237
vt 0.941527 0.466697
vt 0.942800 0.466896
vt 0.945008 0.465414
vt 0.942275 0.468514
vt 0.942757 0.470744
vt 0.937020 0.468441
vt 0.930869 0.464578
vt 0.929700 0.466322
vt 0.901128 0.451294
vt 0.930972 0.421500
vt 0.892744 0.398811
vt 0.894812 0.397645
vt 0.891335 0.407994
vt 0.905419 0.428922
vt 0.905052 0.432984
vt 0.904990 0.446728
vt 0.847065 0.401675
vt 0.841270 0.405026
vt 0.836433 0.409343
vt 0.945825 0.398800
vt 0.965926 0.420729
vt 0.966120 0.420717
vt 0.967305 0.426924
vt 0.962074 0.438861
vt 0.967388 0.433074
vt 0.961861 0.448940
vt 0.957210 0.449055
vt 0.959891 0.444199
vt 0.958944 0.453645
vt 0.954246 0.453493
vt 0.891902 0.457826
vt 0.881771 0.458050
vt 0.875386 0.460071
vt 0.890696 0.462723
vt 0.889158 0.462546
vt 0.880020 0.459819
vt 0.847118 0.363087
vt 0.857019 0.363938
vt 0.882529 0.397650
vt 0.877003 0.397658
vt 0.870971 0.397493
vt 0.699423 0.809253
vt 0.767468 0.814720
vt 0.768846 0.767772
vt 0.699329 0.757062
vt 0.957956 0.256418
vt 0.951181 0.247570
vt 0.949719 0.251412
vt 0.953024 0.257866
vt 0.865490 0.397668
vt 0.867889 0.397674
vt 0.830596 0.418889
vt 0.829240 0.419624
vt 0.832317 0.414141
vt 0.833434 0.414204
vt 0.745969 0.267070
vt 0.711355 0.231084
vt 0.772502 0.189202
vt 0.861843 0.462560
vt 0.946775 0.463400
vt 0.950530 0.460750
vt 0.943537 0.514246
vt 0.944004 0.514141
vt 0.720595 0.147032
vt 0.134162 0.116701
vt 0.937502 0.466649
vt 0.939147 0.464980
vt 0.941970 0.463070
vt 0.948132 0.463506
vt 0.932933 0.523788
vt 0.952472 0.498024
vt 0.950271 0.497772
vt 0.940912 0.397604
vt 0.950340 0.483450
vt 0.953490 0.491089
vt 0.950689 0.490156
vt 0.893563 0.467166
vt 0.894526 0.465626
vt 0.947570 0.475109
vt 0.931406 0.509225
vt 0.930964 0.509008
vt 0.932573 0.508007
vt 0.932940 0.508196
vt 0.850561 0.401575
vt 0.855096 0.401600
vt 0.860032 0.398872
vt 0.859402 0.397672
vt 0.852987 0.399150
vt 0.936097 0.404570
vt 0.932361 0.401286
vt 0.850751 0.405417
vt 0.579657 0.457140
vt 0.845766 0.405198
vt 0.868707 0.397667
vt 0.867711 0.397671
vt 0.841440 0.405030
vt 0.842791 0.404957
vt 0.841603 0.409572
vt 0.846800 0.410021
vt 0.939922 0.398832
vt 0.941088 0.509726
vt 0.942269 0.509491
vt 0.941943 0.506311
vt 0.951716 0.409790
vt 0.870831 0.397671
vt 0.862375 0.397683
vt 0.829542 0.419704
vt 0.959154 0.409842
vt 0.946551 0.419988
vt 0.967068 0.426923
vt 0.944673 0.445101
vt 0.952905 0.444195
vt 0.949616 0.449137
vt 0.939469 0.450342
vt 0.952538 0.512757
vt 0.952220 0.514880
vt 0.951461 0.514432
vt 0.951791 0.512457
vt 0.933041 0.454385
vt 0.945196 0.453364
vt 0.940767 0.456994
vt 0.928445 0.457630
vt 0.950166 0.457401
vt 0.865611 0.460368
vt 0.902160 0.458193
vt 0.893433 0.460126
vt 0.912969 0.458780
vt 0.928411 0.512543
vt 0.928823 0.512781
vt 0.945351 0.507568
vt 0.944335 0.512165
vt 0.936759 0.519402
vt 0.938667 0.517973
vt 0.940099 0.516090
vt 0.920236 0.301846
vt 0.909052 0.301920
vt 0.909931 0.293440
vt 0.920410 0.293444
vt 0.305266 0.371658
vt 0.300813 0.317790
vt 0.242536 0.354324
vt 0.253473 0.420340
vt 0.908311 0.265315
vt 0.906809 0.256103
vt 0.917237 0.255133
vt 0.919494 0.264606
vt 0.911476 0.283360
vt 0.922157 0.283218
vt 0.917143 0.326675
vt 0.921166 0.335346
vt 0.932584 0.333273
vt 0.925584 0.327014
vt 0.175067 0.711347
vt 0.212659 0.665019
vt 0.160452 0.654158
vt 0.111374 0.707428
vt 0.343946 0.231017
vt 0.319456 0.180460
vt 0.275739 0.211488
vt 0.290984 0.262458
vt 0.304409 0.414784
vt 0.348371 0.378515
vt 0.356783 0.335152
vt 0.399643 0.347472
vt 0.414764 0.292810
vt 0.943442 0.249961
vt 0.941774 0.243180
vt 0.903082 0.242361
vt 0.895682 0.256287
vt 0.893306 0.241625
vt 0.879862 0.246326
vt 0.876212 0.265675
vt 0.886742 0.266822
vt 0.891813 0.248223
vt 0.233880 0.878659
vt 0.191556 0.905473
vt 0.296111 0.916924
vt 0.317203 0.888741
vt 0.877097 0.301439
vt 0.881706 0.320824
vt 0.893556 0.318638
vt 0.887564 0.300041
vt 0.854643 0.410095
vt 0.139391 0.505963
vt 0.140772 0.546375
vt 0.201641 0.514357
vt 0.198325 0.471074
vt 0.333265 0.830744
vt 0.254385 0.836095
vt 0.274272 0.857068
vt 0.334347 0.859927
vt 0.826451 0.427416
vt 0.826856 0.427241
vt 0.545104 0.178866
vt 0.627672 0.148444
vt 0.800674 0.205793
vt 0.816816 0.093012
vt 0.840709 0.419570
vt 0.835601 0.419062
vt 0.835030 0.428579
vt 0.831257 0.427506
vt 0.431719 0.596003
vt 0.433166 0.635493
vt 0.519216 0.636196
vt 0.528987 0.594894
vt 0.600135 0.641640
vt 0.623018 0.605621
vt 0.878346 0.448288
vt 0.868619 0.446935
vt 0.921258 0.417307
vt 0.912790 0.413538
vt 0.954279 0.457569
vt 0.955428 0.457592
vt 0.949874 0.457416
vt 0.924400 0.459418
vt 0.936505 0.460001
vt 0.932799 0.462552
vt 0.954947 0.512890
vt 0.941124 0.514785
vt 0.940392 0.509704
vt 0.914853 0.457033
vt 0.945951 0.460521
vt 0.941724 0.514237
vt 0.940867 0.513981
vt 0.715991 0.092651
vt 0.956684 0.496896
vt 0.956754 0.495687
vt 0.957323 0.498901
vt 0.957401 0.500104
vt 0.909419 0.273405
vt 0.920571 0.273041
vt 0.167912 0.306331
vt 0.188981 0.401339
vt 0.230885 0.286168
vt 0.247515 0.059560
vt 0.230266 0.122298
vt 0.282902 0.142155
vt 0.313385 0.086563
vt 0.855305 0.094200
vt 0.955141 0.271935
vt 0.956107 0.282705
vt 0.953976 0.282879
vt 0.952943 0.272204
vt 0.355397 0.284532
vt 0.753820 0.293297
vt 0.086444 0.767612
vt 0.154113 0.763611
vt 0.223314 0.226619
vt 0.162858 0.235961
vt 0.220575 0.173418
vt 0.166908 0.113803
vt 0.162066 0.173298
vt 0.897685 0.323309
vt 0.900908 0.335596
vt 0.911043 0.336295
vt 0.907054 0.325968
vt 0.943613 0.471998
vt 0.940652 0.473783
vt 0.945342 0.476815
vt 0.920682 0.467923
vt 0.920674 0.470154
vt 0.950071 0.519673
vt 0.950291 0.520481
vt 0.920438 0.466178
vt 0.912549 0.466198
vt 0.895401 0.465971
vt 0.894732 0.465707
vt 0.893748 0.464327
vt 0.893628 0.467665
vt 0.928789 0.526502
vt 0.925731 0.524779
vt 0.929300 0.468129
vt 0.897673 0.466070
vt 0.906001 0.466171
vt 0.918142 0.453706
vt 0.912845 0.451737
vt 0.929895 0.427930
vt 0.902477 0.398810
vt 0.950161 0.508443
vt 0.951005 0.508659
vt 0.950283 0.508511
vt 0.949456 0.508269
vt 0.887707 0.397486
vt 0.939158 0.397548
vt 0.934172 0.397517
vt 0.934420 0.427304
vt 0.935453 0.433435
vt 0.880245 0.404983
vt 0.948096 0.509397
vt 0.949207 0.508705
vt 0.948517 0.508521
vt 0.947425 0.509189
vt 0.429773 0.675932
vt 0.513483 0.677706
vt 0.039161 0.517280
vt 0.039555 0.560029
vt 0.904305 0.436885
vt 0.903445 0.440313
vt 0.909903 0.441649
vt 0.911907 0.438227
vt 0.595108 0.724198
vt 0.595756 0.680499
vt 0.509018 0.719971
vt 0.925679 0.257542
vt 0.928513 0.249010
vt 0.921110 0.249824
vt 0.916745 0.259188
vt 0.131454 0.436403
vt 0.035514 0.442488
vt 0.937248 0.318798
vt 0.930312 0.318902
vt 0.934373 0.326359
vt 0.943791 0.324629
vt 0.933960 0.504385
vt 0.933078 0.501722
vt 0.908124 0.443775
vt 0.903203 0.443238
vt 0.889824 0.451480
vt 0.941755 0.511888
vt 0.940774 0.511818
vt 0.953996 0.503048
vt 0.953029 0.505660
vt 0.951792 0.505283
vt 0.952034 0.502955
vt 0.954272 0.512902
vt 0.953969 0.514386
vt 0.937084 0.420446
vt 0.922618 0.448568
vt 0.913071 0.450609
vt 0.797949 0.022112
vt 0.843430 0.433385
vt 0.853622 0.434905
vt 0.857612 0.433475
vt 0.855252 0.440105
vt 0.845714 0.439016
vt 0.848700 0.443676
vt 0.852614 0.447663
vt 0.858958 0.445110
vt 0.352720 0.639241
vt 0.339791 0.607004
vt 0.294558 0.645659
vt 0.274212 0.673847
vt 0.348213 0.675519
vt 0.858176 0.451853
vt 0.865577 0.448677
vt 0.944633 0.521012
vt 0.945409 0.521595
vt 0.944404 0.521338
vt 0.943487 0.520694
vt 0.951263 0.516984
vt 0.950530 0.516413
vt 0.411737 0.936637
vt 0.528694 0.953445
vt 0.513713 0.938992
vt 0.407594 0.925155
vt 0.647892 0.957038
vt 0.617347 0.944413
vt 0.887306 0.257140
vt 0.886107 0.251776
vt 0.173642 0.917872
vt 0.285563 0.930752
vt 0.903128 0.410252
vt 0.951237 0.271687
vt 0.951697 0.282445
vt 0.924927 0.444695
vt 0.940897 0.397660
vt 0.321928 0.578317
vt 0.428450 0.560105
vt 0.426262 0.535529
vt 0.305300 0.558373
vt 0.952323 0.510866
vt 0.935120 0.427050
vt 0.901960 0.397532
vt 0.909465 0.397642
vt 0.918684 0.448912
vt 0.909842 0.450414
vt 0.925340 0.416062
vt 0.892481 0.401195
vt 0.900452 0.338160
vt 0.888714 0.341972
vt 0.931494 0.421140
vt 0.926792 0.422268
vt 0.955336 0.498108
vt 0.956255 0.501869
vt 0.946164 0.510225
vt 0.946866 0.510467
vt 0.915596 0.322974
vt 0.905082 0.324826
vt 0.907714 0.311836
vt 0.918749 0.311513
vt 0.053832 0.770468
vt 0.059040 0.833261
vt 0.085639 0.828171
vt 0.930583 0.312153
vt 0.925040 0.320904
vt 0.264355 0.628942
vt 0.897963 0.301935
vt 0.896958 0.311973
vt 0.241492 0.801977
vt 0.154483 0.814520
vt 0.178893 0.855096
vt 0.253789 0.714174
vt 0.339072 0.715472
vt 0.891421 0.410387
vt 0.232092 0.611555
vt 0.911088 0.445577
vt 0.905906 0.421495
vt 0.889956 0.306147
vt 0.880254 0.303450
vt 0.887892 0.312338
vt 0.904388 0.314564
vt 0.952587 0.508900
vt 0.951647 0.507843
vt 0.952296 0.507042
vt 0.119561 0.876603
vt 0.241562 0.759109
vt 0.568900 0.884732
vt 0.493370 0.874734
vt 0.500784 0.908814
vt 0.588358 0.917245
vt 0.409219 0.897533
vt 0.412456 0.865776
vt 0.571758 0.851938
vt 0.493564 0.840197
vt 0.498249 0.802950
vt 0.581926 0.813498
vt 0.413517 0.832907
vt 0.415303 0.797177
vt 0.330569 0.796358
vt 0.419030 0.758087
vt 0.503982 0.762367
vt 0.332348 0.756954
vt 0.540600 0.554531
vt 0.552741 0.532581
vt 0.951744 0.509448
vt 0.890498 0.397656
vt 0.891880 0.404459
vt 0.914901 0.241090
vt 0.918617 0.232270
vt 0.908475 0.231470
vt 0.905360 0.242289
vt 0.964661 0.269455
vt 0.957575 0.269677
vt 0.960033 0.284154
vt 0.968029 0.284169
vt 0.653253 0.571690
vt 0.682275 0.551691
vt 0.913091 0.413541
vt 0.907361 0.448978
vt 0.938515 0.283177
vt 0.937580 0.293425
vt 0.925747 0.445329
vt 0.904848 0.446138
vt 0.897745 0.228849
vt 0.885826 0.225344
vt 0.261679 0.175104
vt 0.847027 0.401638
vt 0.848094 0.401586
vt 0.944871 0.499392
vt 0.955302 0.484788
vt 0.885457 0.459788
vt 0.893089 0.462870
vt 0.950775 0.284138
vt 0.949440 0.298819
vt 0.958291 0.298597
vt 0.105327 0.324975
vt 0.827802 0.427141
vt 0.459246 0.232082
vt 0.456894 0.171519
vt 0.936336 0.518792
vt 0.951844 0.460785
vt 0.944472 0.514036
vt 0.470583 0.402538
vt 0.468306 0.320445
vt 0.932269 0.241398
vt 0.935522 0.249090
vt 0.923487 0.240784
vt 0.912117 0.251402
vt 0.936418 0.466469
vt 0.935282 0.468257
vt 0.940364 0.468392
vt 0.922597 0.517761
vt 0.923484 0.521848
vt 0.895819 0.465909
vt 0.894646 0.464377
vt 0.891535 0.469419
vt 0.886828 0.474331
vt 0.890751 0.471053
vt 0.901142 0.466120
vt 0.882641 0.479405
vt 0.881623 0.480314
vt 0.883909 0.477310
vt 0.912382 0.468058
vt 0.919770 0.468076
vt 0.912585 0.472851
vt 0.907654 0.473824
vt 0.911527 0.470316
vt 0.906138 0.467954
vt 0.905385 0.470181
vt 0.901291 0.467913
vt 0.900442 0.470186
vt 0.897653 0.467915
vt 0.895086 0.467874
vt 0.893376 0.470550
vt 0.896513 0.470318
vt 0.918635 0.470453
vt 0.946239 0.481893
vt 0.947164 0.489068
vt 0.941521 0.487989
vt 0.940371 0.480184
vt 0.947066 0.497764
vt 0.937335 0.506755
vt 0.941235 0.498334
vt 0.902975 0.475040
vt 0.892842 0.475169
vt 0.894205 0.478779
vt 0.890395 0.481066
vt 0.889190 0.477958
vt 0.885807 0.522719
vt 0.884336 0.522030
vt 0.881911 0.518172
vt 0.883170 0.518762
vt 0.940762 0.470517
vt 0.935209 0.471328
vt 0.877848 0.505182
vt 0.877652 0.500582
vt 0.877915 0.500707
vt 0.878376 0.505430
vt 0.877370 0.504506
vt 0.877412 0.500243
vt 0.876974 0.503437
vt 0.877218 0.499703
vt 0.876680 0.502023
vt 0.877063 0.498994
vt 0.876501 0.500330
vt 0.876979 0.498142
vt 0.876446 0.498438
vt 0.876960 0.497191
vt 0.876522 0.496436
vt 0.877006 0.496186
vt 0.876728 0.494420
vt 0.877115 0.495174
vt 0.877054 0.492488
vt 0.877281 0.494204
vt 0.877498 0.493320
vt 0.878719 0.487808
vt 0.878144 0.491879
vt 0.877767 0.492546
vt 0.878402 0.491725
vt 0.882719 0.505470
vt 0.881951 0.507469
vt 0.880077 0.503685
vt 0.880596 0.502336
vt 0.881118 0.508941
vt 0.879515 0.504678
vt 0.942465 0.520831
vt 0.880259 0.509816
vt 0.878935 0.505269
vt 0.879427 0.510054
vt 0.877934 0.508686
vt 0.878643 0.509686
vt 0.877348 0.507101
vt 0.876912 0.505005
vt 0.876647 0.502497
vt 0.876669 0.496727
vt 0.876565 0.499694
vt 0.876956 0.493734
vt 0.879075 0.512727
vt 0.880004 0.514038
vt 0.878307 0.510649
vt 0.877736 0.507903
vt 0.877280 0.500942
vt 0.877388 0.504616
vt 0.877417 0.497054
vt 0.877793 0.493132
vt 0.878389 0.489360
vt 0.879214 0.485947
vt 0.877416 0.490859
vt 0.884524 0.491438
vt 0.887702 0.490113
vt 0.887677 0.493924
vt 0.884501 0.494341
vt 0.887496 0.486645
vt 0.884373 0.488781
vt 0.879891 0.483890
vt 0.880199 0.482989
vt 0.947806 0.516062
vt 0.945354 0.516015
vt 0.943896 0.519878
vt 0.946600 0.520277
vt 0.885883 0.516979
vt 0.884506 0.518380
vt 0.882124 0.514208
vt 0.883251 0.513061
vt 0.887217 0.514621
vt 0.884343 0.511133
vt 0.888447 0.511419
vt 0.885349 0.508513
vt 0.889514 0.507521
vt 0.886222 0.505324
vt 0.890369 0.503109
vt 0.886921 0.501715
vt 0.890971 0.498390
vt 0.887414 0.497854
vt 0.891293 0.493586
vt 0.940839 0.521447
vt 0.938229 0.524222
vt 0.891054 0.484665
vt 0.891320 0.488919
vt 0.886980 0.483610
vt 0.885938 0.480910
vt 0.918305 0.523665
vt 0.921702 0.527196
vt 0.883011 0.520159
vt 0.880775 0.516569
vt 0.881915 0.517195
vt 0.879836 0.514030
vt 0.881100 0.513276
vt 0.879138 0.510673
vt 0.880604 0.508586
vt 0.878713 0.506655
vt 0.880450 0.503344
vt 0.878582 0.502165
vt 0.880646 0.497795
vt 0.878749 0.497412
vt 0.881181 0.492199
vt 0.879208 0.492618
vt 0.882059 0.486840
vt 0.879955 0.488021
vt 0.883257 0.482017
vt 0.881001 0.483899
vt 0.884772 0.477872
vt 0.882310 0.480367
vt 0.891068 0.473073
vt 0.894053 0.470321
vt 0.892483 0.523982
vt 0.890668 0.525829
vt 0.887367 0.522273
vt 0.888975 0.520637
vt 0.894241 0.520876
vt 0.890533 0.517885
vt 0.895861 0.516656
vt 0.891968 0.514147
vt 0.897267 0.511520
vt 0.893214 0.509596
vt 0.898394 0.505707
vt 0.894212 0.504446
vt 0.899187 0.499489
vt 0.894915 0.498938
vt 0.899612 0.493158
vt 0.895291 0.493329
vt 0.895322 0.487882
vt 0.899646 0.487009
vt 0.895000 0.482915
vt 0.899286 0.481354
vt 0.898411 0.476638
vt 0.943023 0.530074
vt 0.946464 0.527065
vt 0.944898 0.527510
vt 0.941256 0.530577
vt 0.884878 0.479558
vt 0.887817 0.476052
vt 0.896354 0.526965
vt 0.894359 0.528996
vt 0.898288 0.523550
vt 0.900069 0.518911
vt 0.901615 0.513263
vt 0.902854 0.506872
vt 0.903726 0.500036
vt 0.904193 0.493075
vt 0.904231 0.486314
vt 0.903834 0.480100
vt 0.913460 0.478418
vt 0.908572 0.479151
vt 0.939209 0.532632
vt 0.937267 0.533185
vt 0.896302 0.532323
vt 0.894335 0.531403
vt 0.890594 0.528694
vt 0.892421 0.529549
vt 0.892565 0.528905
vt 0.888949 0.526372
vt 0.891102 0.524947
vt 0.887589 0.522693
vt 0.890014 0.519714
vt 0.886578 0.517830
vt 0.889146 0.506453
vt 0.885771 0.505504
vt 0.885962 0.512009
vt 0.889351 0.513452
vt 0.889407 0.499043
vt 0.886014 0.498617
vt 0.890122 0.491571
vt 0.886678 0.491672
vt 0.894695 0.473363
vt 0.891005 0.474124
vt 0.889161 0.478945
vt 0.892815 0.477978
vt 0.935435 0.532330
vt 0.931019 0.534378
vt 0.932989 0.535298
vt 0.933206 0.478784
vt 0.934333 0.486371
vt 0.926493 0.485583
vt 0.925762 0.478045
vt 0.917870 0.471971
vt 0.924764 0.471485
vt 0.918440 0.478006
vt 0.904960 0.531679
vt 0.902694 0.533986
vt 0.898388 0.531728
vt 0.900534 0.529543
vt 0.907157 0.527799
vt 0.902614 0.525869
vt 0.909181 0.522528
vt 0.904531 0.520877
vt 0.910937 0.516111
vt 0.906194 0.514801
vt 0.912345 0.508850
vt 0.907527 0.507925
vt 0.913336 0.501084
vt 0.908466 0.500570
vt 0.930691 0.536256
vt 0.935078 0.534703
vt 0.928485 0.536884
vt 0.926227 0.493754
vt 0.933977 0.494768
vt 0.932692 0.502839
vt 0.925585 0.502224
vt 0.909009 0.485806
vt 0.904927 0.536388
vt 0.902769 0.535380
vt 0.898413 0.533643
vt 0.900491 0.534614
vt 0.900829 0.532640
vt 0.896544 0.531004
vt 0.899224 0.528300
vt 0.894999 0.526825
vt 0.897305 0.515695
vt 0.893151 0.514687
vt 0.893850 0.521300
vt 0.898031 0.522562
vt 0.897079 0.508020
vt 0.892934 0.507295
vt 0.933283 0.512932
vt 0.931620 0.519674
vt 0.923047 0.518239
vt 0.924546 0.510502
vt 0.913866 0.493175
vt 0.908967 0.493081
vt 0.918947 0.485357
vt 0.918854 0.493342
vt 0.907707 0.534109
vt 0.909699 0.536920
vt 0.906061 0.529655
vt 0.923820 0.537920
vt 0.921660 0.536911
vt 0.916854 0.537360
vt 0.919062 0.538392
vt 0.913230 0.530122
vt 0.914164 0.524465
vt 0.904836 0.523767
vt 0.913164 0.518196
vt 0.904091 0.516721
vt 0.917237 0.509635
vt 0.915776 0.517175
vt 0.918266 0.501570
vt 0.913909 0.485494
vt 0.931863 0.472204
vt 0.914870 0.534559
vt 0.911330 0.501080
vt 0.912131 0.492703
vt 0.904958 0.492099
vt 0.904153 0.500507
vt 0.897366 0.499895
vt 0.903860 0.508844
vt 0.907215 0.535736
vt 0.919170 0.529284
vt 0.919719 0.534172
vt 0.924828 0.532245
vt 0.925959 0.529352
vt 0.896860 0.477387
vt 0.891258 0.484384
vt 0.895164 0.483992
vt 0.898865 0.473076
vt 0.922380 0.479225
vt 0.915130 0.477830
vt 0.913405 0.484646
vt 0.920904 0.486229
vt 0.906237 0.484012
vt 0.899396 0.483821
vt 0.898150 0.491701
vt 0.932116 0.527039
vt 0.930309 0.529931
vt 0.934537 0.528948
vt 0.935271 0.526189
vt 0.938552 0.526478
vt 0.938481 0.473907
vt 0.887771 0.475644
vt 0.885976 0.480334
vt 0.926405 0.535913
vt 0.929686 0.531880
vt 0.926488 0.470872
vt 0.927835 0.468189
vt 0.944283 0.476284
vt 0.934387 0.530379
vt 0.943743 0.529685
vt 0.941919 0.530982
vt 0.938368 0.532576
vt 0.941028 0.530790
vt 0.939590 0.529799
vt 0.903819 0.472976
vt 0.948203 0.478162
vt 0.943421 0.526821
vt 0.942722 0.524593
vt 0.938848 0.527798
vt 0.955436 0.512282
vt 0.953780 0.516679
vt 0.953571 0.516724
vt 0.955494 0.492270
vt 0.937731 0.490249
vt 0.947564 0.521395
vt 0.951882 0.520410
vt 0.951775 0.520708
vt 0.948879 0.525086
vt 0.949863 0.523920
vt 0.953344 0.512779
vt 0.879273 0.498323
vt 0.879041 0.499148
vt 0.878776 0.499827
vt 0.878125 0.495997
vt 0.878197 0.500625
vt 0.879673 0.495381
vt 0.879595 0.496393
vt 0.900103 0.397679
vt 0.957487 0.749588
vt 0.706983 0.910753
vt 0.670460 0.860010
vt 0.710393 0.859091
vt 0.732575 0.902022
vt 0.983064 0.742705
vt 0.893987 0.860506
vt 0.876480 0.901039
vt 0.832824 0.894364
vt 0.665169 0.685443
vt 0.692510 0.641696
vt 0.726035 0.663915
vt 0.647916 0.672373
vt 0.664887 0.686395
vt 0.692228 0.642648
vt 0.678001 0.627321
vt 0.056343 0.115320
vt 0.057144 0.041836
vt 0.137886 0.045291
vt 0.725600 0.608173
vt 0.747389 0.629544
vt 0.952947 0.809219
vt 0.934213 0.864462
vt 0.961861 0.871181
vt 0.978343 0.807461
vt 0.652167 0.800156
vt 0.650715 0.739559
vt 0.699705 0.808301
vt 0.835351 0.679466
vt 0.885190 0.664947
vt 0.866017 0.939324
vt 0.819304 0.969461
vt 0.815782 0.955298
vt 0.850764 0.928355
vt 0.761516 0.586356
vt 0.715348 0.591757
vt 0.756739 0.569509
vt 0.821200 0.622722
vt 0.833192 0.607478
vt 0.815494 0.955807
vt 0.820182 0.969676
vt 0.865735 0.940277
vt 0.850482 0.929308
vt 0.648988 0.865355
vt 0.669688 0.860514
vt 0.651885 0.801109
vt 0.628526 0.797321
vt 0.801211 0.578120
vt 0.800842 0.598447
vt 0.770640 0.606739
vt 0.776574 0.894725
vt 0.781351 0.919619
vt 0.767445 0.930389
vt 0.953229 0.808266
vt 0.905321 0.811872
vt 0.957769 0.748636
vt 0.781976 0.645207
vt 0.777571 0.679447
vt 0.826927 0.645008
vt 0.934495 0.863509
vt 0.946246 0.692573
vt 0.920582 0.644640
vt 0.859181 0.350621
vt 0.852822 0.359205
vt 0.865713 0.330422
vt 0.872916 0.327332
vt 0.904941 0.908789
vt 0.826645 0.645961
vt 0.835069 0.680418
vt 0.884907 0.665900
vt 0.861399 0.630223
vt 0.832833 0.919627
vt 0.808275 0.929049
vt 0.810883 0.940213
vt 0.808557 0.928096
vt 0.833115 0.918674
vt 0.811165 0.939260
vt 0.801790 0.560389
vt 0.849419 0.567507
vt 0.843418 0.585771
vt 0.650433 0.740512
vt 0.627590 0.729278
vt 0.693916 0.922274
vt 0.706453 0.911484
vt 0.884582 0.608278
vt 0.861681 0.629270
vt 0.833474 0.606525
vt 0.930239 0.508053
vt 0.929178 0.510430
vt 0.929980 0.510746
vt 0.930823 0.508639
vt 0.946704 0.522693
vt 0.948260 0.521460
vt 0.948367 0.522605
vt 0.946766 0.524131
vt 0.946642 0.521256
vt 0.948152 0.520315
vt 0.943036 0.516979
vt 0.942508 0.517563
vt 0.955539 0.486154
vt 0.955045 0.487387
vt 0.901603 0.397646
vt 0.890897 0.408138
vt 0.891059 0.410492
vt 0.936067 0.507320
vt 0.950679 0.507606
vt 0.951195 0.506751
vt 0.895591 0.467749
vt 0.949848 0.518868
vt 0.747107 0.630497
vt 0.781693 0.646160
vt 0.800844 0.613722
vt 0.821482 0.621769
vt 0.628808 0.796368
vt 0.627873 0.728326
vt 0.753635 0.961316
vt 0.757688 0.947696
vt 0.753465 0.960832
vt 0.694447 0.921544
vt 0.756778 0.947206
vt 0.648584 0.866073
vt 0.756457 0.570463
vt 0.761234 0.587309
vt 0.800928 0.579073
vt 0.801508 0.561342
vt 0.878442 0.952645
vt 0.782354 0.622030
vt 0.983346 0.741752
vt 0.978626 0.806509
vt 0.962143 0.870229
vt 0.925282 0.919811
vt 0.896636 0.591965
vt 0.849136 0.568460
vt 0.843136 0.586725
vt 0.884300 0.609231
vt 0.648199 0.671421
vt 0.678283 0.626368
vt 0.934517 0.507536
vt 0.934161 0.507367
vt 0.935671 0.507169
vt 0.940113 0.513519
vt 0.939405 0.515521
vt 0.929515 0.510546
vt 0.941589 0.457208
vt 0.950990 0.509314
vt 0.951552 0.510694
vt 0.957528 0.506237
vt 0.940079 0.511519
vt 0.943564 0.516394
vt 0.942852 0.515989
vt 0.928866 0.456683
vt 0.938116 0.517377
vt 0.946155 0.498790
vt 0.943089 0.503744
vt 0.950380 0.505668
vt 0.952605 0.518141
vt 0.954470 0.515316
vt 0.952742 0.516616
vt 0.950886 0.519379
vt 0.943731 0.513771
vt 0.950358 0.522206
vt 0.948237 0.525023
vt 0.952106 0.519194
vt 0.889758 0.472115
vt 0.886811 0.475429
vt 0.942839 0.519741
vt 0.937487 0.514053
vt 0.946042 0.527051
vt 0.944080 0.527997
vt 0.909614 0.397666
vt 0.938213 0.470896
vt 0.942835 0.472365
vt 0.941809 0.523283
vt 0.938515 0.530358
vt 0.942236 0.527579
vt 0.933232 0.488977
vt 0.932764 0.496065
vt 0.936964 0.496523
vt 0.942769 0.518413
vt 0.953563 0.516187
vt 0.946965 0.527152
vt 0.904659 0.909742
vt 0.878160 0.953598
vt 0.925000 0.920764
vt 0.910034 0.473198
vt 0.927599 0.495894
vt 0.919838 0.496406
vt 0.930338 0.525761
vt 0.881033 0.514520
vt 0.949187 0.522238
vt 0.942911 0.511998
vt 0.943638 0.508965
vt 0.887924 0.285532
vt 0.888147 0.300674
vt 0.879516 0.300927
vt 0.877377 0.285736
vt 0.897103 0.344536
vt 0.875282 0.284248
vt 0.879128 0.284194
vt 0.878977 0.293033
vt 0.876295 0.294136
vt 0.888292 0.284017
vt 0.887878 0.292930
vt 0.948714 0.269472
vt 0.940805 0.269454
vt 0.942494 0.284121
vt 0.882198 0.297454
vt 0.893175 0.297687
vt 0.893101 0.284420
vt 0.879947 0.284131
vt 0.860381 0.359999
vt 0.865817 0.349629
vt 0.849901 0.240235
vt 0.863194 0.266321
vt 0.867315 0.244511
vt 0.911146 0.334819
vt 0.904541 0.316598
vt 0.897122 0.224227
vt 0.900909 0.229617
vt 0.872015 0.364197
vt 0.872907 0.361011
vt 0.870975 0.210424
vt 0.868038 0.204565
vt 0.869772 0.241647
vt 0.877309 0.242158
vt 0.879852 0.254050
vt 0.880252 0.326495
vt 0.888479 0.326114
vt 0.897047 0.325511
vt 0.888262 0.347411
vt 0.878301 0.348969
vt 0.874655 0.358691
vt 0.870581 0.286403
vt 0.871305 0.301562
vt 0.865658 0.301152
vt 0.864795 0.285932
vt 0.859409 0.218500
vt 0.855354 0.205901
vt 0.869257 0.322943
vt 0.864055 0.301093
vt 0.965388 0.298807
vt 0.969751 0.300159
vt 0.973686 0.284223
vt 0.203545 0.598866
vt 0.126019 0.649524
vt 0.370421 0.125545
vt 0.902892 0.249987
vt 0.908596 0.231834
vt 0.890434 0.283337
vt 0.898554 0.296744
vt 0.902191 0.283202
vt 0.880423 0.283451
vt 0.898715 0.300283
vt 0.898830 0.315390
vt 0.890480 0.315686
vt 0.881998 0.315802
vt 0.708787 0.707777
vt 0.949521 0.305533
vt 0.937705 0.320863
vt 0.942171 0.318343
vt 0.952900 0.304272
vt 0.937122 0.307590
vt 0.931259 0.318903
vt 0.951772 0.293299
vt 0.955735 0.293528
vt 0.941535 0.282520
vt 0.940544 0.294181
vt 0.907379 0.350402
vt 0.920283 0.347817
vt 0.919853 0.347075
vt 0.907260 0.349181
vt 0.932318 0.343421
vt 0.931529 0.345055
vt 0.896396 0.245174
vt 0.898452 0.232315
vt 0.893935 0.234459
vt 0.905103 0.223634
vt 0.894105 0.223477
vt 0.895710 0.326063
vt 0.852819 0.327816
vt 0.875903 0.346079
vt 0.884880 0.259333
vt 0.875205 0.262091
vt 0.028360 0.327681
vt 0.887703 0.301029
vt 0.898883 0.293285
vt 0.879812 0.300399
vt 0.887363 0.275119
vt 0.885952 0.267220
vt 0.897217 0.265981
vt 0.898524 0.274248
vt 0.913653 0.315103
vt 0.919598 0.314755
vt 0.918259 0.323025
vt 0.911791 0.324251
vt 0.886769 0.216308
vt 0.872985 0.215718
vt 0.901578 0.253513
vt 0.930136 0.234395
vt 0.919699 0.342662
vt 0.908088 0.344187
vt 0.892821 0.216321
vt 0.894785 0.217728
vt 0.929446 0.228394
vt 0.929372 0.224433
vt 0.916725 0.220767
vt 0.916786 0.225007
vt 0.424284 0.717135
vt 0.931993 0.256855
vt 0.927598 0.269904
vt 0.934262 0.269581
vt 0.938091 0.256867
vt 0.935431 0.270899
vt 0.936388 0.284960
vt 0.930758 0.284928
vt 0.929776 0.270263
vt 0.916863 0.340467
vt 0.906991 0.342485
vt 0.941395 0.236759
vt 0.953028 0.242625
vt 0.954848 0.237908
vt 0.942151 0.230847
vt 0.923110 0.245509
vt 0.929369 0.253983
vt 0.913562 0.243735
vt 0.875496 0.265391
vt 0.888081 0.264217
vt 0.872817 0.221463
vt 0.897889 0.269881
vt 0.907454 0.269025
vt 0.912735 0.252197
vt 0.963568 0.250138
vt 0.963770 0.246708
vt 0.955224 0.234835
vt 0.961307 0.253711
vt 0.940372 0.249840
vt 0.925227 0.239763
vt 0.890112 0.351330
vt 0.876360 0.352039
vt 0.877923 0.355511
vt 0.890921 0.356254
vt 0.934410 0.310774
vt 0.929283 0.311724
vt 0.930502 0.299579
vt 0.936126 0.298969
vt 0.905567 0.324686
vt 0.896731 0.344468
vt 0.903384 0.244263
vt 0.893557 0.224473
vt 0.904117 0.226402
vt 0.909834 0.245212
vt 0.905292 0.260920
vt 0.945703 0.257403
vt 0.027041 0.244825
vt 0.099637 0.242841
vt 0.945126 0.317960
vt 0.951332 0.316568
vt 0.947027 0.310849
vt 0.939442 0.311396
vt 0.946483 0.315703
vt 0.950981 0.300512
vt 0.959326 0.311738
vt 0.962811 0.314479
vt 0.952983 0.320359
vt 0.048040 0.442488
vt 0.055194 0.327681
vt 0.898106 0.350443
vt 0.896265 0.352186
vt 0.866718 0.283089
vt 0.175872 0.043369
vt 0.920062 0.238863
vt 0.923469 0.332076
vt 0.922253 0.327378
vt 0.909045 0.340214
vt 0.921052 0.234472
vt 0.906240 0.226903
vt 0.099208 0.173793
vt 0.916487 0.269043
vt 0.922114 0.255039
vt 0.929477 0.246937
vt 0.934974 0.302503
vt 0.925817 0.296140
vt 0.923496 0.310879
vt 0.925160 0.269608
vt 0.934895 0.263753
vt 0.937386 0.272947
vt 0.923775 0.235380
vt 0.940502 0.247339
vt 0.919593 0.282900
vt 0.917180 0.297035
vt 0.927988 0.282737
vt 0.916398 0.300537
vt 0.907706 0.300101
vt 0.908672 0.285115
vt 0.917425 0.284957
vt 0.907277 0.314776
vt 0.912156 0.254648
vt 0.915624 0.269303
vt 0.906903 0.269654
vt 0.905634 0.254510
vt 0.898823 0.285311
vt 0.897865 0.269734
vt 0.909165 0.270372
vt 0.919312 0.270264
vt 0.892287 0.271326
vt 0.917128 0.220406
vt 0.928512 0.223212
vt 0.924262 0.313255
vt 0.929162 0.318872
vt 0.924036 0.321254
vt 0.933051 0.316658
vt 0.964624 0.302435
vt 0.957594 0.320997
vt 0.950951 0.332759
vt 0.941044 0.340685
vt 0.933826 0.332572
vt 0.941158 0.325550
vt 0.925629 0.337191
vt 0.888629 0.355800
vt 0.722678 0.141004
vt 0.714664 0.225413
vt 0.866118 0.317194
vt 0.872679 0.316230
vt 0.904032 0.218825
vt 0.914268 0.314088
vt 0.908155 0.297332
vt 0.911531 0.283044
vt 0.886097 0.359632
vt 0.878645 0.270230
vt 0.887267 0.269985
vt 0.888486 0.253806
vt 0.897003 0.253871
vt 0.894641 0.243235
vt 0.884908 0.221559
vt 0.933130 0.259066
vt 0.944953 0.253898
vt 0.950208 0.269278
vt 0.952837 0.284936
vt 0.967867 0.284724
vt 0.910827 0.338483
vt 0.900043 0.343367
vt 0.903260 0.337983
vt 0.914170 0.333036
vt 0.965254 0.318221
vt 0.972463 0.301867
vt 0.968960 0.268209
vt 0.954323 0.310334
vt 0.941532 0.298832
vt 0.928305 0.298442
vt 0.927049 0.310818
vt 0.933344 0.311407
vt 0.934984 0.298714
vt 0.909927 0.298243
vt 0.907871 0.308374
vt 0.918398 0.309598
vt 0.920004 0.298182
vt 0.910111 0.284292
vt 0.920968 0.284223
vt 0.941871 0.316003
vt 0.950828 0.303658
vt 0.953466 0.293583
vt 0.972337 0.302695
vt 0.965634 0.321964
vt 0.925923 0.331262
vt 0.935827 0.245027
vt 0.927312 0.326701
vt 0.908607 0.228742
vt 0.894850 0.221810
vt 0.904100 0.217973
vt 0.897918 0.345703
vt 0.568016 0.514851
vt 0.425296 0.517534
vt 0.912068 0.234085
vt 0.096090 0.886393
vt 0.955075 0.325269
vt 0.943727 0.330971
vt 0.942787 0.227016
vt 0.935892 0.257903
vt 0.484696 0.402538
vt 0.483058 0.467543
vt 0.595914 0.442419
vt 0.595493 0.387203
vt 0.894065 0.354129
vt 0.894383 0.353795
vt 0.879196 0.270887
vt 0.874180 0.274349
vt 0.922914 0.284906
vt 0.921992 0.300554
vt 0.925922 0.300164
vt 0.926665 0.284912
vt 0.419941 0.236001
vt 0.413771 0.173263
vt 0.027211 0.115320
vt 0.027231 0.176259
vt 0.100779 0.113050
vt 0.876451 0.268146
vt 0.871760 0.267630
vt 0.951324 0.514898
vt 0.943880 0.515430
vt 0.942674 0.514592
vt 0.944874 0.511783
vt 0.950868 0.504414
vt 0.950400 0.504692
vt 0.044392 0.517280
vt 0.844951 0.221286
vt 0.923231 0.513349
vt 0.957541 0.505830
vt 0.944681 0.492183
vt 0.952907 0.485943
vt 0.883359 0.479059
vt 0.934736 0.482159
vt 0.929366 0.480734
vt 0.927970 0.487724
vt 0.929084 0.466249
vt 0.878490 0.500327
vt 0.881050 0.500691
vt 0.881414 0.498833
vt 0.879461 0.497390
vt 0.881685 0.496848
vt 0.881831 0.494834
vt 0.879688 0.494400
vt 0.881855 0.492886
vt 0.879641 0.493495
vt 0.881754 0.491093
vt 0.881496 0.489502
vt 0.879517 0.492692
vt 0.879256 0.491990
vt 0.878985 0.491764
vt 0.880441 0.487544
vt 0.880966 0.488128
vt 0.883385 0.503037
vt 0.883918 0.500283
vt 0.884295 0.497337
vt 0.883999 0.486461
vt 0.883210 0.484429
vt 0.882394 0.483424
vt 0.918385 0.512520
vt 0.917212 0.518867
vt 0.938505 0.464915
vt 0.888906 0.526332
vt 0.887245 0.525554
vt 0.885749 0.523442
vt 0.884512 0.520096
vt 0.883032 0.510379
vt 0.883592 0.515673
vt 0.882858 0.504462
vt 0.883079 0.498199
vt 0.883683 0.491882
vt 0.884656 0.485819
vt 0.887734 0.484992
vt 0.893209 0.499472
vt 0.893965 0.491581
vt 0.901449 0.477074
vt 0.909569 0.533340
vt 0.911850 0.529311
vt 0.913952 0.523838
vt 0.926110 0.537268
vt 0.908008 0.477129
vt 0.914263 0.537286
vt 0.911914 0.537955
vt 0.916678 0.534827
vt 0.919019 0.530693
vt 0.921175 0.525076
vt 0.913437 0.511340
vt 0.916994 0.473623
vt 0.921403 0.537724
vt 0.923810 0.535275
vt 0.926142 0.531156
vt 0.928464 0.534872
vt 0.932388 0.530343
vt 0.924263 0.474614
vt 0.934789 0.533043
vt 0.931925 0.475167
vt 0.945589 0.528338
vt 0.937602 0.476887
vt 0.945693 0.473082
vt 0.950577 0.521636
vt 0.878531 0.491695
vt 0.878724 0.491679
vt 0.150442 0.543685
vt 0.710111 0.860044
vt 0.732293 0.902975
vt 0.876198 0.901993
vt 0.893705 0.861459
vt 0.840209 0.815454
vt 0.725753 0.664868
vt 0.725318 0.609127
vt 0.939853 0.628765
vt 0.970524 0.680324
vt 0.896919 0.591012
vt 0.767163 0.931342
vt 0.781069 0.920572
vt 0.905039 0.812825
vt 0.777288 0.680400
vt 0.772602 0.721954
vt 0.934510 0.506707
vt 0.932657 0.507439
vt 0.932374 0.506682
vt 0.931029 0.505302
vt 0.949207 0.518265
vt 0.899670 0.464526
vt 0.896594 0.462992
vt 0.715065 0.592710
vt 0.720188 0.090411
vt 0.798670 0.019963
vt 0.855575 0.218438
vt 0.862432 0.239621
vt 0.861743 0.443993
vt 0.858451 0.439034
vt 0.925845 0.397644
vt 0.929610 0.397643
vt 0.918784 0.397657
vt 0.939400 0.509723
vt 0.940036 0.509880
vt 0.861778 0.461251
vt 0.947604 0.519694
vt 0.946034 0.520645
vt 0.861810 0.461905
vt 0.934502 0.505878
vt 0.896490 0.464450
vt 0.929349 0.502508
vt 0.949518 0.517928
vt 0.946032 0.497811
vt 0.931475 0.252998
vt 0.939132 0.243721
vt 0.938248 0.227770
vt 0.948554 0.235961
vt 0.876175 0.301094
vt 0.878088 0.275377
vt 0.929809 0.284158
vt 0.862255 0.219399
vt 0.888936 0.316243
vt 0.887647 0.308911
vt 0.498386 0.171519
vt 0.496033 0.232082
vt 0.591566 0.221736
vt 0.586596 0.164171
vt 0.874780 0.219802
vt 0.412382 0.948959
vt 0.543555 0.965760
vt 0.159929 0.926191
vt 0.274953 0.941360
vt 0.885819 0.242521
vt 0.043999 0.560029
vt 0.952135 0.261243
vt 0.948386 0.259727
vt 0.029763 0.775258
vt 0.039682 0.837587
vt 0.955791 0.248173
vt 0.971434 0.266214
vt 0.963745 0.266939
vt 0.879346 0.309871
vt 0.879007 0.306407
vt 0.899782 0.283788
vt 0.914088 0.228391
vt 0.916363 0.246441
vt 0.923018 0.231732
vt 0.922229 0.248254
vt 0.257191 0.464291
vt 0.923285 0.318080
vt 0.932192 0.339300
vt 0.915184 0.316034
vt 0.944776 0.336887
vt 0.957129 0.330060
vt 0.286715 0.542233
vt 0.174568 0.589926
vt 0.927955 0.258098
vt 0.925166 0.269641
vt 0.922857 0.256527
vt 0.927474 0.250713
vt 0.590769 0.769750
vt 0.878641 0.308129
vt 0.875833 0.306046
vt 0.875654 0.308144
vt 0.939971 0.271031
vt 0.957663 0.333351
vt 0.976556 0.284338
vt 0.936182 0.284123
vt 0.945607 0.340893
vt 0.931448 0.236491
vt 0.844126 0.209259
vt 0.921216 0.269224
vt 0.976161 0.284497
vt 0.971593 0.266723
vt 0.950019 0.262148
vt 0.045546 0.712112
vt 0.074711 0.707898
vt 0.026409 0.041836
vt 0.103269 0.042003
vt 0.918118 0.254988
vt 0.954877 0.485325
vt 0.944606 0.494766
vt 0.486973 0.320445
vt 0.594393 0.311859
vt 0.889967 0.448966
vt 0.901060 0.450464
vt 0.929876 0.470181
vt 0.884054 0.478968
vt 0.472222 0.467543
vt 0.931273 0.397662
vt 0.931235 0.397655
vt 0.918562 0.397639
vt 0.925482 0.397634
vt 0.929288 0.397637
vt 0.034269 0.783775
vt 0.048602 0.713913
vt 0.544365 0.975068
vt 0.412839 0.954955
vt 0.092604 0.643694
vt 0.172265 0.583534
vt 0.288973 0.537530
vt 0.280654 0.942250
vt 0.166927 0.932027
vt 0.682918 0.980037
vt 0.573602 0.514995
vt 0.720327 0.535205
vt 0.429574 0.516361
vt 0.093871 0.647648
vt 0.078614 0.893197
vt 0.685594 0.967391
vt 0.715649 0.536695
s 1
usemtl blinn3-fx
f 490/1/1 494/2/2 489/3/3 473/4/4
f 3/5/5 2/6/6 4/7/7
f 2330/8/8 2328/9/9 2/6/6 5/10/10
f 7/11/11 6/12/12 19/13/13 23/14/14
f 23/14/14 24/15/15 10/16/16 7/11/11
f 30/17/17 32/18/18 243/19/19 244/20/20
f 487/21/21 488/22/22 486/23/23 484/24/24
f 35/25/25 20/26/26 17/27/27 22/28/28
f 1/29/29 6/12/12 5/10/10 2/6/6
f 17/27/27 19/13/13 6/12/12 1/29/29
f 18/30/30 1/29/29 2/6/6 3/5/5
f 23/14/14 19/13/13 21/31/31 25/32/32
f 25/32/32 26/33/33 24/15/15 23/14/14
f 114/34/34 115/35/35 26/33/33 25/32/32
f 25/32/32 21/31/31 36/36/36 114/34/34
f 484/24/24 500/37/37 499/38/38 487/21/21
f 483/39/39 501/40/40 500/37/37 484/24/24
f 504/41/41 715/42/42 714/43/43 515/44/44
f 1195/45/45 1190/46/46 1191/47/47 1296/48/48
f 247/49/49 248/50/50 39/51/51 35/25/25
f 507/52/52 511/53/53 506/54/54 493/55/55
f 588/56/56 587/57/57 845/58/58 442/59/59
f 248/50/50 249/60/60 129/61/61 39/51/51
f 502/62/62 504/41/41 515/44/44 514/63/63
f 501/40/40 413/64/64 412/65/65 500/37/37
f 27/66/66 29/67/67 14/68/68 12/69/69
f 366/70/70 413/64/64 415/71/71 368/72/72
f 512/73/73 415/71/71 413/64/64 501/40/40
f 514/63/63 515/44/44 517/74/74 516/75/75
f 521/76/76 523/77/77 522/78/78 520/79/79
f 240/80/80 241/81/81 44/82/82 49/83/83
f 517/74/74 713/84/84 712/85/85 522/78/78
f 49/83/83 51/86/86 50/87/87 48/88/88
f 1945/89/89 1940/90/90 2014/91/91 2013/92/91
f 520/79/79 528/93/92 529/94/93 521/76/76
f 521/76/76 529/94/93 530/95/94 525/96/95
f 2303/97/96 2282/98/97 2280/99/98 2302/100/96
f 1900/101/99 1946/102/100 2006/103/101 2005/104/102
f 709/105/103 708/106/104 534/107/105 526/108/106
f 526/108/106 534/107/105 535/109/107 527/110/108
f 616/111/109 538/112/110 540/113/111 612/114/112
f 76/115/113 78/116/114 77/117/115 75/118/116
f 2291/119/117 2289/120/118 1818/121/119 1816/122/120
f 2052/123/121 1789/124/122 2053/125/123 2033/126/124
f 1317/127/125 1299/128/126 1193/129/127 1297/130/128
f 547/131/129 428/132/130 426/133/131 548/134/132
f 2292/135/133 1604/136/134 1606/137/135 1821/138/136
f 1601/139/137 1081/140/138 1082/141/139 1611/142/140
f 538/112/110 549/143/141 550/144/142 539/145/143
f 1945/89/89 1944/146/144 1941/147/145 1940/90/90
f 551/148/146 554/149/147 553/150/148 552/151/149
f 84/152/150 86/153/151 99/154/152 97/155/153
f 1341/156/154 1344/157/155 1342/158/156 1340/159/157
f 1372/160/158 1374/161/159 1373/162/159 1369/163/160
f 1106/164/161 1129/165/162 1136/166/163 1108/167/164
f 1863/168/165 1867/169/166 1866/170/167 1862/171/168
f 97/155/153 99/154/152 98/172/169 96/173/170
f 1106/164/161 1108/167/164 1107/174/171 1105/175/172
f 175/176/173 113/177/174 101/178/175 96/173/170
f 102/179/176 101/178/175 113/177/174 109/180/177
f 94/181/178 95/182/179 104/183/180 174/184/181
f 174/184/181 104/183/180 105/185/182 173/186/183
f 103/187/184 106/188/185 105/185/182 104/183/180
f 108/189/186 107/190/187 102/179/176 109/180/177
f 109/180/177 111/191/188 110/192/189 108/189/186
f 1129/165/162 1131/193/190 1138/194/191 1136/166/163
f 102/179/176 107/190/187 106/188/185 103/187/184
f 636/195/192 455/196/193 449/197/194 621/198/195
f 10/16/16 409/199/196 408/200/197 9/201/198
f 114/34/34 36/36/36 38/202/199 116/203/200
f 479/204/201 480/205/202 482/206/203 481/207/204
f 330/208/205 136/209/206 137/210/207 329/211/208
f 119/212/209 121/213/210 120/214/211 118/215/212
f 509/216/213 597/217/214 596/218/215 510/219/216
f 599/220/217 596/218/215 597/217/214 598/221/218
f 126/222/219 124/223/220 128/224/187
f 742/225/221 760/226/222 718/227/223 719/228/224
f 124/223/220 37/229/225 129/61/61
f 588/56/56 603/230/226 602/231/227 589/232/228
f 605/233/229 602/231/227 603/230/226 604/234/230
f 598/221/218 597/217/214 602/231/227 605/233/229
f 589/232/228 602/231/227 597/217/214 509/216/213
f 134/235/231 136/209/206 123/236/232 122/237/233
f 122/237/233 123/236/232 121/213/210 119/212/209
f 811/238/234 816/239/235 787/240/236 772/241/237
f 547/131/129 549/143/141 615/242/238 614/243/239
f 1273/244/240 1168/245/241 1167/246/242 1272/247/240
f 1849/248/243 1851/249/244 1850/250/245 1848/251/246
f 2113/252/247 2116/253/248 2299/254/249 2298/255/249
f 429/256/250 425/257/251 76/115/113 79/258/252
f 2070/259/253 2282/98/97 2067/260/254 2050/261/255
f 546/262/256 540/113/111 541/263/257 545/264/258
f 629/265/259 628/266/260 545/264/258 544/267/261
f 2032/268/262 2052/123/121 2033/126/124 1889/269/263
f 546/262/256 545/264/258 628/266/260 627/270/264
f 1302/271/265 1322/272/266 1301/273/267 1157/274/268
f 624/275/269 626/276/270 625/277/271 623/278/272
f 1903/279/273 1899/280/274 1898/281/275 1905/282/276
f 183/283/277 161/284/278 73/285/279 157/286/280
f 1381/287/281 1383/288/282 1546/289/283 1545/290/283
f 92/291/284 93/292/285 91/293/286 89/294/287
f 1404/295/288 1385/296/289 1387/297/290 1547/298/291
f 1449/299/292 1450/300/293 1403/301/294 1579/302/295
f 84/152/150 95/182/179 94/181/178 85/303/296
f 1385/296/289 1403/301/294 1402/304/297 1386/305/298
f 165/306/299 110/192/189 111/191/188 166/307/300
f 109/180/177 113/177/174 112/308/301 111/191/188
f 2168/309/302 2267/310/303 2169/311/304 2149/312/305
f 162/313/306 172/314/307 147/315/308
f 1975/316/309 1976/317/309 1865/318/310 1864/319/311
f 103/187/184 100/320/312 101/178/175 102/179/176
f 92/291/284 171/321/313 93/292/285
f 1097/322/314 1135/323/315 1142/324/316 1099/325/317
f 1875/326/318 1873/327/319 1830/328/320 1835/329/321
f 176/330/322 459/331/323 458/332/324 170/333/325
f 175/176/173 169/334/326 112/308/301 113/177/174
f 1818/121/119 1819/335/327 1813/336/328 1812/337/329
f 1666/338/330 1650/339/331 1649/340/332 1665/341/333
f 1903/279/273 1888/342/334 1887/343/335 1902/344/336
f 186/345/337 187/346/338 185/347/339 181/348/340
f 182/349/341 161/284/278 183/283/277 181/348/340
f 900/350/342 2318/351/343 2319/352/344 2324/353/345
f 2318/351/343 1654/354/346 1668/355/347 2319/352/344
f 1327/356/348 1328/357/349 1307/358/350 1308/359/351
f 1899/280/274 1903/279/273 1902/344/336 1901/360/352
f 1937/361/353 1935/362/354 1938/363/355 1936/364/356
f 1895/365/357 1897/366/358 1896/367/359 1894/368/360
f 1930/369/361 1932/370/362 1935/362/354 1937/361/353
f 664/371/363 665/372/364 488/22/22 487/21/21
f 773/373/365 771/374/366 770/375/367 772/241/237
f 2049/376/368 2064/377/369 2044/378/370 2029/379/371
f 665/372/364 668/380/372 669/381/373 488/22/22
f 198/382/374 199/383/375 4/7/7
f 474/384/376 677/385/377 670/386/378 476/387/379
f 716/388/380 749/389/381 717/390/382 676/391/383
f 667/392/384 673/393/385 669/381/373 668/380/372
f 201/394/386 203/395/387 202/396/388 197/397/389
f 414/398/390 412/65/65 365/399/391 367/400/392
f 488/22/22 669/381/373 674/401/393 486/23/23
f 206/402/394 246/403/395 22/28/28 18/30/30
f 1913/404/396 1914/405/397 1917/406/398 1923/407/399
f 355/408/400 209/409/401 210/410/402 354/411/403
f 354/411/403 210/410/402 212/412/404 353/413/405
f 232/414/406 234/415/407 233/416/408 231/417/409
f 1316/418/410 1336/419/411 1317/127/125 1296/48/48
f 211/420/412 212/412/404 210/410/402 208/421/413
f 351/422/414 135/423/415 134/235/231 352/424/416
f 223/425/417 225/426/418 234/415/407 232/414/406
f 224/427/419 226/428/420 225/426/418 223/425/417
f 136/209/206 330/208/205 326/429/421 123/236/232
f 121/213/210 327/430/422 328/431/423 120/214/211
f 689/432/424 690/433/425 688/434/426 686/435/427
f 214/436/428 216/437/429 215/438/412 213/439/413
f 236/440/430 74/441/431 67/442/432 261/443/433
f 627/270/264 708/106/104 707/444/434 546/262/256
f 1591/445/435 1594/446/436 1617/447/437 1616/448/437
f 543/449/438 542/450/439 555/451/440 632/452/441
f 183/283/277 157/286/280 151/453/442
f 420/454/443 421/455/444 374/456/445 373/457/446
f 711/458/447 710/459/448 528/93/92 520/79/79
f 520/79/79 522/78/78 712/85/85 711/458/447
f 1159/460/449 1177/461/450 1162/462/451 1161/463/452
f 415/71/71 416/464/453 369/465/454 368/72/72
f 140/466/455 66/467/456 144/468/457 138/469/458
f 192/470/459 16/471/460 197/397/389 195/472/461
f 505/473/462 717/390/382 715/42/42 504/41/41
f 486/23/23 674/401/393 676/391/383 485/474/463
f 254/475/464 251/476/465 272/477/466 317/478/467
f 561/479/468 437/480/469 455/196/193 636/195/192
f 510/219/216 601/481/470 511/53/53 507/52/52
f 1916/482/471 2010/483/472 2009/484/472 1918/485/473
f 271/486/474 250/487/475 249/60/60 263/488/476
f 251/476/465 253/489/182 252/490/477 250/487/475
f 255/491/183 254/475/464 256/492/478
f 2329/493/479 2337/494/480 198/382/374 4/7/7
f 137/210/207 258/495/481 345/496/482 329/211/208
f 320/497/483 274/498/484 329/211/208 345/496/482
f 483/39/39 485/474/463 505/473/462 503/499/485
f 144/468/457 66/467/456 77/117/115 143/500/486
f 270/501/487 247/49/49 246/403/395 288/502/488
f 335/503/489 118/215/212 120/214/211 328/431/423
f 331/504/490 332/505/491 279/506/492 281/507/493
f 353/413/405 212/412/404 220/508/494 352/424/416
f 561/479/468 563/509/495 562/510/496 560/511/497
f 273/512/498 275/513/499 267/514/500 265/515/501
f 265/515/501 267/514/500 266/516/502 264/517/503
f 478/518/504 2345/519/505 2346/520/506 480/205/202
f 245/521/507 277/522/508 278/523/509
f 258/495/481 260/524/510 346/525/511 345/496/482
f 139/526/512 141/527/513 140/466/455 138/469/458
f 675/528/514 716/388/380 676/391/383 674/401/393
f 262/529/515 248/50/50 247/49/49 270/501/487
f 289/530/516 290/531/517 358/532/518 357/533/519
f 314/534/520 238/535/521 237/536/522 304/537/523
f 810/538/524 770/375/367 766/539/525 809/540/526
f 1601/139/137 1603/541/527 1602/542/527 1600/543/528
f 141/527/513 407/544/529 261/443/433 140/466/455
f 297/545/530 240/80/80 239/546/531 302/547/532
f 298/548/533 299/549/534 301/550/535 300/551/536
f 293/552/537 295/553/538 294/554/539 292/555/540
f 774/556/541 786/557/542 710/459/448 711/458/447
f 673/393/385 675/528/514 674/401/393 669/381/373
f 806/558/543 756/559/544 755/560/545 805/561/546
f 2371/562/547 2379/563/548 276/564/549 321/565/550
f 204/566/551 245/521/507 203/395/387 201/394/386
f 2297/567/552 2289/120/118 2311/568/553 2310/569/553
f 286/570/554 293/552/537 292/555/540 285/571/555
f 809/540/526 766/539/525 764/572/556 808/573/557
f 717/390/382 749/389/381 759/574/558 715/42/42
f 1923/407/399 1917/406/398 1920/575/559 1922/576/560
f 260/524/510 259/577/561 347/578/562 346/525/511
f 274/498/484 276/564/549 275/513/499 273/512/498
f 22/28/28 17/27/27 1/29/29 18/30/30
f 324/579/563 348/580/564 342/581/565 309/582/566
f 309/582/566 311/583/567 325/584/568 324/579/563
f 719/228/224 720/585/569 735/586/570 742/225/221
f 273/512/498 330/208/205 329/211/208 274/498/484
f 351/422/414 350/587/571 257/588/572 135/423/415
f 258/495/481 137/210/207 135/423/415 257/588/572
f 321/565/550 276/564/549 274/498/484 320/497/483
f 1176/589/573 1162/462/451 1177/461/450 1175/590/574
f 289/530/516 335/503/489 328/431/423 268/591/575
f 234/415/407 344/592/576 340/593/577 233/416/408
f 344/592/576 234/415/407 225/426/418 339/594/578
f 226/428/420 338/595/579 339/594/578 225/426/418
f 336/596/580 337/597/581 216/437/429 214/436/428
f 205/598/582 206/402/394 18/30/30 3/5/5
f 319/599/583 321/565/550 320/497/483 318/600/584
f 334/601/585 336/596/580 214/436/428 217/602/586
f 363/603/587 199/383/375 198/382/374 364/604/588
f 259/577/561 349/605/589 348/580/564 347/578/562
f 734/606/590 735/586/570 720/585/569 721/607/591
f 322/608/592 318/600/584 346/525/511 347/578/562
f 229/609/593 342/581/565 348/580/564 349/605/589
f 345/496/482 346/525/511 318/600/584 320/497/483
f 349/605/589 350/587/571 228/610/594 229/609/593
f 228/610/594 221/611/595 222/612/417 227/613/596
f 352/424/416 134/235/231 122/237/233 353/413/405
f 219/614/597 220/508/494 212/412/404 211/420/412
f 208/421/413 210/410/402 209/409/401 207/615/598
f 354/411/403 119/212/209 118/215/212 355/408/400
f 207/615/598 209/409/401 332/505/491 331/504/490
f 118/215/212 335/503/489 356/616/599 355/408/400
f 279/506/492 357/533/519 358/532/518 280/617/600
f 1181/618/601 1180/619/602 1176/589/573 1175/590/574
f 778/620/603 780/621/604 779/622/605 777/623/606
f 1301/273/267 1331/624/607 1332/625/608 1312/626/609
f 361/627/610 362/628/611 202/396/388 203/395/387
f 362/628/611 205/598/582 199/383/375 363/603/587
f 264/517/503 327/430/422 326/429/421 265/515/501
f 260/524/510 258/495/481 257/588/572 259/577/561
f 357/533/519 356/616/599 335/503/489 289/530/516
f 268/591/575 328/431/423 327/430/422 264/517/503
f 356/616/599 332/505/491 209/409/401 355/408/400
f 265/515/501 326/429/421 330/208/205 273/512/498
f 230/629/612 343/630/613 342/581/565 229/609/593
f 357/533/519 279/506/492 332/505/491 356/616/599
f 280/617/600 282/631/614 281/507/493 279/506/492
f 315/632/615 344/592/576 339/594/578 300/551/536
f 283/633/616 285/571/555 334/601/585 333/634/490
f 268/591/575 269/635/617 290/531/517 289/530/516
f 306/636/618 340/593/577 344/592/576 315/632/615
f 300/551/536 339/594/578 338/595/579 298/548/533
f 292/555/540 294/554/539 337/597/581 336/596/580
f 336/596/580 334/601/585 285/571/555 292/555/540
f 666/637/619 2351/638/620 2354/639/621 836/640/622
f 309/582/566 342/581/565 343/630/613 310/641/623
f 325/584/568 323/642/624 322/608/592 324/579/563
f 809/540/526 685/643/625 698/644/626 810/538/524
f 310/641/623 312/645/627 311/583/567 309/582/566
f 324/579/563 322/608/592 347/578/562 348/580/564
f 503/499/485 512/73/73 501/40/40 483/39/39
f 500/37/37 412/65/65 414/398/390 499/38/38
f 42/646/628 33/647/629 41/648/630 46/649/631
f 502/62/62 513/650/632 512/73/73 503/499/485
f 516/75/75 519/651/633 518/652/634 514/63/63
f 513/650/632 416/464/453 415/71/71 512/73/73
f 420/454/443 419/653/635 524/654/636 525/96/95
f 51/86/86 45/655/637 47/656/638 52/657/639
f 422/658/640 421/455/444 530/95/94 531/659/641
f 525/96/95 530/95/94 421/455/444 420/454/443
f 1905/282/276 1898/281/275 1994/660/642 1993/661/642
f 531/659/641 536/662/643 424/663/644 422/658/640
f 631/664/645 630/665/646 626/276/270 624/275/269
f 2287/666/647 2291/119/117 1816/122/120 1817/667/648
f 1083/668/649 1084/669/650 1082/141/139 1075/670/651
f 1075/670/651 1082/141/139 1081/140/138 1074/671/652
f 487/21/21 499/38/38 672/672/653 664/371/363
f 1897/366/358 1899/280/274 1901/360/352 1896/367/359
f 1936/364/356 1938/363/355 1941/147/145 1943/673/654
f 623/278/272 659/674/655 650/675/656 624/275/269
f 463/676/657 432/677/658 431/678/659 462/679/660
f 387/680/661 190/681/662 191/682/663 394/683/664
f 394/683/664 191/682/663 184/684/665 393/685/666
f 469/686/667 467/687/668 389/688/669 390/689/670
f 2321/690/671 1694/691/672 1707/692/673 1719/693/674
f 554/149/147 851/694/675 853/695/676 553/150/148
f 432/677/658 463/676/657 851/694/675 554/149/147
f 1330/696/677 1310/697/678 1307/358/350 1328/357/349
f 394/683/664 395/698/679 392/699/680 387/680/661
f 633/700/681 632/452/441 660/701/682 653/702/683
f 852/703/684 851/694/675 463/676/657 465/704/685
f 397/705/686 398/706/687 396/707/688 393/685/666
f 623/278/272 654/708/689 655/709/690 659/674/655
f 1165/710/691 1212/711/692 1211/712/693 1163/713/694
f 661/714/695 660/701/682 632/452/441 555/451/440
f 1200/715/696 1198/716/697 1201/717/698 1199/718/699
f 1164/719/700 1166/720/701 1165/710/691 1163/713/694
f 460/721/702 461/722/703 381/723/704 380/724/705
f 405/725/706 406/726/707 403/727/708
f 186/345/337 178/728/709 180/729/710 187/346/338
f 313/730/711 236/440/430 261/443/433 407/544/529
f 67/442/432 66/467/456 140/466/455 261/443/433
f 715/42/42 759/574/558 763/731/712 714/43/43
f 666/637/619 836/640/622 835/732/713 667/392/384
f 2337/494/480 2339/733/714 364/604/588 198/382/374
f 361/627/610 203/395/387 245/521/507 360/734/715
f 685/643/625 687/735/716 697/736/717 698/644/626
f 341/737/613 231/417/409 233/416/408 340/593/577
f 264/517/503 266/516/502 269/635/617 268/591/575
f 135/423/415 137/210/207 136/209/206 134/235/231
f 351/422/414 352/424/416 220/508/494 221/611/595
f 353/413/405 122/237/233 119/212/209 354/411/403
f 219/614/597 222/612/417 221/611/595 220/508/494
f 350/587/571 351/422/414 221/611/595 228/610/594
f 227/613/596 230/629/612 229/609/593 228/610/594
f 323/642/624 319/599/583 318/600/584 322/608/592
f 24/15/15 410/738/718 409/199/196 10/16/16
f 26/33/33 411/739/719 410/738/718 24/15/15
f 115/35/35 441/740/720 411/739/719 26/33/33
f 515/44/44 714/43/43 713/84/84 517/74/74
f 27/66/66 28/741/721 367/400/392 365/399/391
f 416/464/453 417/742/722 370/743/723 369/465/454
f 412/65/65 413/64/64 366/70/70 365/399/391
f 370/743/723 371/744/724 47/656/638 46/649/631
f 518/652/634 417/742/722 416/464/453 513/650/632
f 373/457/446 53/745/725 52/657/639 372/746/726
f 516/75/75 517/74/74 522/78/78 523/77/77
f 375/747/727 59/748/728 58/749/729 374/456/445
f 374/456/445 58/749/729 53/745/725 373/457/446
f 616/111/109 615/242/238 549/143/141 538/112/110
f 376/750/730 64/751/731 59/748/728 375/747/727
f 67/442/432 69/752/732 68/753/733 66/467/456
f 548/134/132 426/133/131 430/754/734 551/148/146
f 81/755/735 82/756/736 79/258/252 80/757/737
f 2113/252/247 2294/255/738 2293/758/738 2106/759/739
f 476/387/379 2344/760/740 2343/761/741 475/762/742
f 1827/763/743 1829/764/744 1839/765/745 1837/766/746
f 1493/767/747 1468/768/748 1470/769/749 1487/770/750
f 9/201/198 408/200/197 2341/771/751 2332/772/752
f 131/773/753 445/774/754 443/775/755 117/776/756
f 564/777/757 563/509/495 635/778/758 634/779/759
f 547/131/129 614/243/239 451/780/760 428/132/130
f 453/781/761 452/782/762 630/665/646 631/664/645
f 1156/783/763 1302/271/265 1157/274/268 1158/784/764
f 636/195/192 635/778/758 563/509/495 561/479/468
f 621/198/195 620/785/765 635/778/758 636/195/192
f 1108/167/164 1136/166/163 1135/323/315 1097/322/314
f 169/334/326 170/333/325 168/786/766 166/307/300
f 175/176/173 176/330/322 170/333/325 169/334/326
f 96/173/170 98/172/169 176/330/322 175/176/173
f 381/723/704 179/787/767 177/788/768 380/724/705
f 159/789/769 379/790/770 380/724/705 177/788/768
f 1942/791/771 1944/146/144 1895/365/357 1894/368/360
f 1073/792/772 1332/625/608 1331/624/607 1065/793/773
f 499/38/38 414/398/390 466/794/774 672/672/653
f 1067/795/775 1074/671/652 1072/796/776 1066/797/777
f 468/798/778 465/704/685 464/799/779 467/687/668
f 1085/800/780 1606/137/135 1084/669/650 1083/668/649
f 405/725/706 403/727/708 179/787/767 381/723/704
f 1891/801/781 1990/802/782 1989/803/782 1911/804/783
f 475/762/742 474/384/376 476/387/379
f 475/762/742 2343/761/741 2345/519/505 478/518/504
f 479/204/201 495/805/784 491/806/785 477/807/786
f 481/207/204 482/206/203 838/808/787 837/809/788
f 12/69/69 14/68/68 13/810/789 11/811/790
f 201/394/386 197/397/389 16/471/460 11/811/790
f 473/4/4 489/3/3 474/384/376 475/762/742
f 493/55/55 490/1/1 491/806/785 492/812/791
f 473/4/4 475/762/742 478/518/504 477/807/786
f 561/479/468 560/511/497 435/813/792 437/480/469
f 492/812/791 491/806/785 495/805/784 498/814/793
f 2347/815/794 2355/816/795 838/808/787 482/206/203
f 840/817/796 845/58/58 587/57/57 497/818/797
f 498/814/793 586/819/798 508/820/799 492/812/791
f 11/811/790 16/471/460 15/821/800 12/69/69
f 1922/576/560 1921/822/801 1925/823/802 2028/824/803
f 31/825/804 33/647/629 32/18/18 30/17/17
f 30/17/17 13/810/789 14/68/68 31/825/804
f 511/53/53 720/585/569 719/228/224 506/54/54
f 2331/826/805 2330/8/8 5/10/10 8/827/806
f 443/775/755 445/774/754 444/828/807 442/59/59
f 601/481/470 721/607/591 720/585/569 511/53/53
f 31/825/804 14/68/68 29/67/67 40/829/808
f 40/829/808 41/648/630 33/647/629 31/825/804
f 43/830/809 32/18/18 33/647/629 42/646/628
f 42/646/628 45/655/637 44/82/82 43/830/809
f 368/72/72 369/465/454 41/648/630 40/829/808
f 46/649/631 47/656/638 45/655/637 42/646/628
f 240/80/80 49/83/83 48/88/88 239/546/531
f 372/746/726 52/657/639 47/656/638 371/744/724
f 519/651/633 524/654/636 419/653/635 418/831/810
f 53/745/725 50/87/87 51/86/86 52/657/639
f 55/832/811 57/833/812 56/834/813 54/835/814
f 1196/836/815 1197/837/816 1285/838/817 1284/839/817
f 48/88/88 50/87/87 57/833/812 55/832/811
f 59/748/728 56/834/813 57/833/812 58/749/729
f 61/840/818 63/841/819 62/842/820 60/843/821
f 54/835/814 56/834/813 63/841/819 61/840/818
f 64/751/731 63/841/819 56/834/813 59/748/728
f 65/844/822 62/842/820 63/841/819 64/751/731
f 425/257/251 427/845/823 78/116/114 76/115/113
f 72/846/824 73/285/279 71/847/825 69/752/732
f 157/286/280 73/285/279 72/846/824 156/848/826
f 1992/849/827 1904/850/828 1905/282/276 1991/661/827
f 2050/261/255 2067/260/254 2047/851/829 2031/852/830
f 2297/567/552 2292/135/133 1821/138/136 1819/335/327
f 2289/120/118 2297/567/552 1819/335/327 1818/121/119
f 548/134/132 550/144/142 549/143/141 547/131/129
f 1940/90/90 1941/147/145 1938/363/355 1939/853/831
f 1934/854/832 1935/362/354 1932/370/362 1933/855/833
f 2228/856/834 2226/857/835 2231/858/836 2232/859/837
f 255/491/183 253/489/182 251/476/465 254/475/464
f 477/807/786 491/806/785 490/1/1 473/4/4
f 566/860/838 572/861/839 570/862/840 556/863/841
f 1508/864/842 1506/865/843 1509/866/844 1507/867/845
f 2232/859/837 2231/858/836 1515/868/846 1517/869/847
f 2163/870/848 2254/871/849 2192/872/850 2255/873/851
f 798/874/852 799/875/853 736/876/854 738/877/855
f 574/878/856 582/879/857 585/880/858 573/881/859
f 567/882/860 646/883/861 576/884/862 566/860/838
f 576/884/862 646/883/861 645/885/863 577/886/864
f 1469/887/865 1470/769/749 1468/768/748 1466/888/866
f 1505/889/867 1506/865/843 1430/890/868 1428/891/869
f 1389/892/870 1365/893/871 1394/894/872 1393/895/873
f 818/896/874 790/897/875 794/898/876 819/899/877
f 2088/900/878 2114/901/879 2117/902/880 2119/903/881
f 2332/772/752 2331/826/805 8/827/806 9/201/198
f 37/229/225 38/202/199 36/36/36 34/904/882
f 509/216/213 508/820/799 586/819/798 589/232/228
f 510/219/216 507/52/52 508/820/799 509/216/213
f 841/905/883 842/906/884 559/907/885 557/908/886
f 730/909/887 729/910/888 732/911/889 731/912/890
f 445/774/754 2322/913/891 846/914/892 444/828/807
f 449/197/194 447/915/893 622/916/894 621/198/195
f 643/917/895 564/777/757 634/779/759 618/918/896
f 601/481/470 510/219/216 596/218/215
f 116/203/200 38/202/199 125/919/897 130/920/898
f 130/920/898 125/919/897 127/921/899 132/922/900
f 126/222/219 127/921/899 125/919/897 124/223/220
f 124/223/220 125/919/897 38/202/199 37/229/225
f 828/923/901 827/924/902 680/925/903 804/926/904
f 804/926/904 680/925/903 679/927/425 803/928/905
f 610/929/906 611/930/907 612/114/112
f 756/559/544 758/931/908 757/932/909 755/560/545
f 376/750/730 424/663/644 423/933/910 377/934/911
f 423/933/910 424/663/644 536/662/643 537/935/912
f 129/61/61 249/60/60 128/224/187 124/223/220
f 634/779/759 635/778/758 620/785/765 618/918/896
f 152/936/913 154/937/914 153/938/915 151/453/442
f 60/843/821 62/842/820 154/937/914 152/936/913
f 1317/127/125 1336/419/411 1319/939/916 1299/128/126
f 156/848/826 152/936/913 151/453/442 157/286/280
f 1303/940/917 1321/941/918 1302/271/265 1156/783/763
f 155/942/919 60/843/821 152/936/913 156/848/826
f 158/943/920 154/937/914 62/842/820 65/844/822
f 159/789/769 153/938/915 154/937/914 158/943/920
f 1933/855/833 1932/370/362 1929/944/921 1928/945/922
f 633/700/681 654/708/689 629/265/259 544/267/261
f 622/916/894 619/946/238 620/785/765 621/198/195
f 1599/947/923 1621/948/924 1620/949/924 1596/950/925
f 250/487/475 252/490/477 128/224/187 249/60/60
f 129/61/61 37/229/225 34/904/882 39/51/51
f 1514/951/926 1508/864/842 1507/867/845 1516/952/927
f 569/953/928 571/954/929 570/862/840 568/955/930
f 637/956/229 639/957/931 583/958/932 581/959/933
f 819/899/877 731/912/890 732/911/889 818/896/874
f 263/488/476 249/60/60 248/50/50 262/529/515
f 643/917/895 618/918/896 644/960/934
f 1411/961/935 1413/962/936 1577/963/937 1575/964/938
f 573/881/859 572/861/839 575/965/939 574/878/856
f 565/966/940 564/777/757 643/917/895
f 738/877/855 745/967/941 802/968/942 798/874/852
f 568/955/930 647/969/943 648/970/944 569/953/928
f 642/971/945 639/957/931 640/972/946 641/973/947
f 2145/974/948 2160/975/949 2161/976/950 2162/977/951
f 1085/800/780 1086/978/952 1822/979/953 1820/980/954
f 397/705/686 400/981/955 399/982/956 398/706/687
f 1204/983/957 1200/715/696 1199/718/699 1207/984/958
f 658/985/959 659/674/655 655/709/690 657/986/960
f 854/987/961 853/695/676 851/694/675 852/703/684
f 386/988/962 464/799/779 462/679/660 384/989/963
f 465/704/685 468/798/778 855/990/964 852/703/684
f 2040/991/965 1894/368/360 1896/367/359 2039/992/966
f 187/346/338 180/729/710 402/993/967 400/981/955
f 553/150/148 853/695/676 661/714/695 555/451/440
f 662/994/968 661/714/695 853/695/676 854/987/961
f 656/995/969 657/986/960 655/709/690 653/702/683
f 304/537/523 237/536/522 235/996/970 303/997/971
f 770/375/367 771/374/366 767/998/972 766/539/525
f 197/397/389 202/396/388 196/999/973 195/472/461
f 303/997/971 235/996/970 236/440/430 313/730/711
f 1184/1000/974 1185/1001/975 1269/1002/976 1268/1003/976
f 476/387/379 670/386/378 671/1004/977
f 200/1005/978 28/741/721 15/821/800 193/1006/979
f 244/20/20 277/522/508 245/521/507 204/566/551
f 193/1006/979 15/821/800 16/471/460 192/470/459
f 11/811/790 13/810/789 204/566/551 201/394/386
f 713/84/84 768/1007/980 769/1008/981 712/85/85
f 494/2/2 718/227/223 678/1009/982 489/3/3
f 1179/1010/983 1178/1011/984 1257/1012/985 1256/1013/985
f 827/924/902 826/1014/986 682/1015/987 680/925/903
f 2365/1016/988 2366/1017/989 842/906/884 841/905/883
f 695/1018/990 705/1019/991 706/1020/992 696/1021/993
f 2029/379/371 2044/378/370 1913/404/396 1923/407/399
f 684/1022/716 681/1023/426 682/1015/987 683/1024/994
f 1455/1025/995 1534/1026/996 1446/1027/997 1453/1028/998
f 686/435/427 688/434/426 687/735/716 685/643/625
f 696/1021/993 698/644/626 697/736/717 695/1018/990
f 844/1029/999 2364/1030/1000 2365/1016/988 841/905/883
f 2190/1031/1001 2247/1032/1002 2191/1033/1003 2186/1034/1004
f 2042/1035/1005 2044/378/370 2064/377/369 2062/1036/1006
f 704/1037/1007 706/1020/992 705/1019/991 703/1038/1008
f 707/444/434 733/1039/1009 540/113/111 546/262/256
f 235/996/970 61/840/818 60/843/821 155/942/919
f 237/536/522 54/835/814 61/840/818 235/996/970
f 1928/945/922 1929/944/921 1926/1040/1010 1927/1041/1011
f 654/708/689 623/278/272 629/265/259
f 238/535/521 55/832/811 54/835/814 237/536/522
f 1318/1042/1012 1298/1043/1013 1313/1044/1014 1333/1045/1015
f 1591/445/435 1593/448/1016 1592/1046/1016 1590/1047/1017
f 49/83/83 44/82/82 45/655/637 51/86/86
f 43/830/809 44/82/82 241/81/81 242/1048/1018
f 242/1048/1018 243/19/19 32/18/18 43/830/809
f 775/1049/1019 776/1050/1020 708/106/104 709/105/103
f 485/474/463 676/391/383 717/390/382 505/473/462
f 244/20/20 204/566/551 13/810/789 30/17/17
f 493/55/55 506/54/54 494/2/2 490/1/1
f 565/966/940 562/510/496 563/509/495 564/777/757
f 618/918/896 620/785/765 619/946/238 617/1051/1021
f 600/1052/1022 721/607/591 601/481/470
f 39/51/51 34/904/882 20/26/26 35/25/25
f 721/607/591 725/1053/1023 744/1054/1024 734/606/590
f 723/1055/1025 725/1053/1023 724/1056/1026 722/1057/864
f 726/1058/863 727/1059/1027 723/1055/1025 722/1057/864
f 590/1060/1028 827/924/902 828/923/901 807/1061/1029
f 591/1062/1030 593/1063/1031 592/1064/1032 590/1060/1028
f 728/1065/896 616/111/109 613/1066/1033
f 1281/1067/1034 1214/1068/1035 1215/1069/1036 1280/1070/1037
f 1197/837/816 1202/1071/1038 1295/1072/1039 1294/838/1039
f 327/430/422 121/213/210 123/236/232 326/429/421
f 797/1073/1040 782/1074/1041 781/1075/1042 796/1076/1043
f 782/1074/1041 784/1077/1044 783/1078/1045 781/1075/1042
f 350/587/571 349/605/589 259/577/561 257/588/572
f 728/1065/896 613/1066/1033 727/1059/1027 726/1058/863
f 1341/156/154 1340/159/157 1424/1079/1046 1423/1080/1047
f 790/897/875 792/1081/1048 795/1082/1049 794/898/876
f 441/740/720 443/775/755 442/59/59 845/58/58
f 749/389/381 716/388/380 750/1083/1050
f 1412/1084/1051 1414/1085/1052 1413/962/936 1411/961/935
f 780/621/604 788/1086/1053 787/240/236 779/622/605
f 466/794/774 414/398/390 367/400/392 382/1087/1054
f 600/1052/1022 601/481/470 596/218/215 599/220/217
f 761/1088/1055 830/1089/1056 829/1090/1057 762/1091/1058
f 302/547/532 239/546/531 238/535/521 314/534/520
f 613/1066/1033 616/111/109 612/114/112 611/930/907
f 1189/1092/1059 1190/46/46 1196/836/815 1287/839/1060
f 297/545/530 296/1093/1061 241/81/81 240/80/80
f 711/458/447 712/85/85 769/1008/981 774/556/541
f 194/1094/1062 2335/1095/1063 195/472/461 196/999/973
f 308/1096/1064 304/537/523 303/997/971 307/1097/1065
f 714/43/43 763/731/712 768/1007/980 713/84/84
f 244/20/20 243/19/19 287/1098/1066 277/522/508
f 667/392/384 835/732/713 834/1099/1067 673/393/385
f 2217/1100/1068 2117/902/880 2114/901/879 2118/1101/1069
f 776/1050/1020 775/1049/1019 780/621/604 778/620/603
f 242/1048/1018 241/81/81 296/1093/1061 291/1102/1070
f 764/572/556 765/1103/1071 758/931/908 756/559/544
f 1318/1042/1012 1079/1104/1072 1337/1105/1073 1316/418/410
f 291/1102/1070 287/1098/1066 243/19/19 242/1048/1018
f 1258/1013/1074 1259/1106/1074 1160/1107/1075 1179/1010/983
f 2269/1108/1076 2224/1109/1077 2225/1110/1078 2227/1111/1079
f 746/1112/1080 748/1113/1081 747/1114/1082 745/967/941
f 506/54/54 719/228/224 718/227/223 494/2/2
f 794/898/876 795/1082/1049 797/1073/1040 796/1076/1043
f 2227/1111/1079 2237/1115/1083 2272/1116/1084 2269/1108/1076
f 593/1063/1031 591/1062/1030 800/1117/1085 799/875/853
f 2152/1118/1086 2226/857/835 2225/1110/1078 2151/1119/1087
f 606/1120/1088 801/1121/1089 817/1122/1090 729/910/888
f 594/1123/1091 593/1063/1031 799/875/853 798/874/852
f 595/1124/1092 592/1064/1032 593/1063/1031 594/1123/1091
f 360/734/715 245/521/507 278/523/509 359/1125/1093
f 800/1117/1085 807/1061/1029 761/1088/1055 740/1126/1094
f 706/1020/992 704/1037/1007 812/1127/1095 816/239/235
f 696/1021/993 706/1020/992 816/239/235 811/238/234
f 698/644/626 696/1021/993 811/238/234 810/538/524
f 685/643/625 809/540/526 808/573/557 686/435/427
f 333/634/490 334/601/585 217/602/586 218/1128/598
f 2277/1129/1096 2080/1130/1097 2144/1131/1098 2143/1132/1099
f 806/558/543 689/432/424 686/435/427 808/573/557
f 1188/1133/1100 1186/1134/1101 1192/1135/1102 1191/47/47
f 817/1122/1090 791/1136/1103 790/897/875 818/896/874
f 608/1137/1104 594/1123/1091 798/874/852 802/968/942
f 576/884/862 575/965/939 572/861/839 566/860/838
f 702/1138/1105 701/1139/1106 815/1140/1107 814/1141/1108
f 820/1142/1109 821/1143/1110 731/912/890 819/899/877
f 701/1139/1106 702/1138/1105 699/1144/1111 700/1145/1112
f 693/1146/1113 700/1145/1112 699/1144/1111 694/1147/1114
f 730/909/887 822/1148/1115 823/1149/1116 607/1150/1117
f 824/1151/1118 823/1149/1116 693/1146/1113 692/1152/1119
f 826/1014/986 827/924/902 590/1060/1028 592/1064/1032
f 823/1149/1116 822/1148/1115 700/1145/1112 693/1146/1113
f 594/1123/1091 608/1137/1104 609/1153/1120 595/1124/1092
f 729/910/888 730/909/887 607/1150/1117 606/1120/1088
f 751/1154/1121 753/1155/1122 829/1090/1057 830/1089/1056
f 1186/1134/1101 1188/1133/1100 1187/1156/1123 1185/1001/975
f 364/604/588 194/1094/1062 196/999/973 363/603/587
f 836/640/622 2354/639/621 2352/1157/1124 671/1004/977
f 673/393/385 834/1099/1067 833/1158/1125 675/528/514
f 834/1099/1067 835/732/713 670/386/378 677/385/377
f 801/1121/1089 802/968/942 745/967/941 747/1114/1082
f 801/1121/1089 747/1114/1082 791/1136/1103 817/1122/1090
f 740/1126/1094 736/876/854 799/875/853 800/1117/1085
f 573/881/859 585/880/858 647/969/943 568/955/930
f 2161/976/950 2254/871/849 2163/870/848 2162/977/951
f 1444/1159/1126 1541/1160/1127 1443/1161/1128 1442/1162/1129
f 1494/1163/1130 1489/1164/1131 1568/1165/1132 1567/1166/1133
f 803/928/905 752/1167/1134 751/1154/1121 804/926/904
f 752/1167/1134 754/1168/1135 753/1155/1122 751/1154/1121
f 284/1169/1136 286/570/554 285/571/555 283/633/616
f 306/636/618 308/1096/1064 307/1097/1065 305/1170/1137
f 1517/869/847 1527/1171/1138 2240/1172/1139 2232/859/837
f 779/622/605 787/240/236 816/239/235 812/1127/1095
f 772/241/237 770/375/367 810/538/524 811/238/234
f 315/632/615 316/1173/1140 308/1096/1064 306/636/618
f 808/573/557 764/572/556 756/559/544 806/558/543
f 812/1127/1095 813/1174/1141 777/623/606 779/622/605
f 1393/895/873 1498/1175/1142 1392/1176/1143 1389/892/870
f 796/1076/1043 820/1142/1109 819/899/877 794/898/876
f 338/595/579 337/597/581 294/554/539 298/548/533
f 584/1177/1144 585/880/858 582/879/857 583/958/932
f 815/1140/1107 820/1142/1109 796/1076/1043 781/1075/1042
f 837/809/788 839/1178/1145 496/1179/1146 481/207/204
f 481/207/204 496/1179/1146 495/805/784 479/204/201
f 2346/520/506 2347/815/794 482/206/203 480/205/202
f 365/399/391 366/70/70 29/67/67 27/66/66
f 12/69/69 15/821/800 28/741/721 27/66/66
f 514/63/63 518/652/634 513/650/632 502/62/62
f 40/829/808 29/67/67 366/70/70 368/72/72
f 417/742/722 418/831/810 371/744/724 370/743/723
f 46/649/631 41/648/630 369/465/454 370/743/723
f 525/96/95 524/654/636 523/77/77 521/76/76
f 418/831/810 419/653/635 372/746/726 371/744/724
f 2068/1180/1147 2287/666/647 1817/667/648 2049/376/368
f 58/749/729 57/833/812 50/87/87 53/745/725
f 377/934/911 65/844/822 64/751/731 376/750/730
f 527/110/108 535/109/107 536/662/643 531/659/641
f 75/118/116 77/117/115 66/467/456 68/753/733
f 1605/1181/1148 1084/669/650 1606/137/135 1604/136/134
f 70/1182/1149 83/1183/1150 81/755/735 80/757/737
f 557/908/886 571/954/929 844/1029/999 841/905/883
f 272/477/466 251/476/465 250/487/475 271/486/474
f 1569/1184/1151 2208/1185/1152 2207/1186/1153 1568/1165/1132
f 843/1187/1154 844/1029/999 571/954/929 569/953/928
f 497/818/797 587/57/57 586/819/798 498/814/793
f 589/232/228 586/819/798 587/57/57 588/56/56
f 130/920/898 131/773/753 117/776/756 116/203/200
f 132/922/900 133/1188/1155 131/773/753 130/920/898
f 447/915/893 449/197/194 448/1189/1156 446/1190/1157
f 1940/90/90 1939/853/831 2020/1191/1158 2019/91/1158
f 379/790/770 159/789/769 158/943/920 378/1192/1159
f 1159/460/449 1173/1193/1160 1158/784/764 1157/274/268
f 455/196/193 437/480/469 438/1194/1161 454/1195/1162
f 449/197/194 455/196/193 454/1195/1162 448/1189/1156
f 641/973/947 648/970/944 647/969/943 642/971/945
f 701/1139/1106 821/1143/1110 820/1142/1109 815/1140/1107
f 1472/1196/1163 1534/1026/996 1471/1197/1164 1466/888/866
f 1446/1027/997 1542/1198/1165 1444/1159/1126 1445/1199/1166
f 652/1200/1167 871/1201/1168 472/1202/1169 461/722/703
f 1606/137/135 1085/800/780 1820/980/954 1821/138/136
f 1901/360/352 1902/344/336 2041/1203/1170 2038/1204/1171
f 393/685/666 396/707/688 395/698/679 394/683/664
f 382/1087/1054 367/400/392 28/741/721 200/1005/978
f 403/727/708 402/993/967 180/729/710 179/787/767
f 385/1205/1172 386/988/962 384/989/963 383/1206/1173
f 470/1207/1174 1707/692/673 1706/1208/1175 856/1209/1176
f 653/702/683 660/701/682 663/1210/1177 656/995/969
f 1694/691/672 1681/1211/1178 1680/1212/1179 1693/1213/1180
f 1707/692/673 1694/691/672 1693/1213/1180 1706/1208/1175
f 657/986/960 865/1214/1181 868/1215/1182 658/985/959
f 398/706/687 1006/1216/1183 994/1217/1184 396/707/688
f 866/1218/1185 865/1214/1181 861/1219/1186 864/1220/1187
f 864/1220/1187 861/1219/1186 862/1221/1188 863/1222/1189
f 662/994/968 857/1223/1190 862/1221/1188 663/1210/1177
f 656/995/969 861/1219/1186 865/1214/1181 657/986/960
f 857/1223/1190 858/1224/1191 859/1225/1192 860/1226/1193
f 859/1225/1192 858/1224/1191 855/990/964 856/1209/1176
f 854/987/961 858/1224/1191 857/1223/1190 662/994/968
f 867/1227/1194 868/1215/1182 865/1214/1181 866/1218/1185
f 1060/1228/1195 1058/1229/1196 1049/1230/1197 1050/1231/1198
f 852/703/684 855/990/964 858/1224/1191 854/987/961
f 1059/1232/1199 1322/272/266 1047/1233/1200 1048/1234/1201
f 982/1235/1202 395/698/679 396/707/688 994/1217/1184
f 957/1236/1203 956/1237/1204 942/1238/1205 943/1239/1206
f 945/1240/1207 1695/1241/1208 1682/1242/1209 931/1243/1210
f 471/1244/1211 472/1202/1169 871/1201/1168 872/1245/1212
f 1819/335/327 1821/138/136 1820/980/954 1813/336/328
f 1215/1069/1036 1165/710/691 1166/720/701 1168/245/241
f 1630/1246/1213 1631/1247/1214 875/1248/1215 876/1249/1216
f 1632/1250/1217 1633/1251/1218 1631/1247/1214 1630/1246/1213
f 1634/1252/1219 1635/1253/1220 1633/1251/1218 1632/1250/1217
f 1636/1254/1221 1637/1255/1222 1635/1253/1220 1634/1252/1219
f 1638/1256/1223 1639/1257/1224 1637/1255/1222 1636/1254/1221
f 1640/1258/1225 1641/1259/1226 1639/1257/1224 1638/1256/1223
f 1642/1260/1227 1643/1261/1228 1641/1259/1226 1640/1258/1225
f 1644/1262/1229 1645/1263/1230 1643/1261/1228 1642/1260/1227
f 1644/1262/1229 1647/1264/1231 1646/1265/1232 1645/1263/1230
f 1647/1264/1231 1649/340/332 1648/1266/1233 1646/1265/1232
f 1652/1267/1234 1653/1268/1235 1651/1269/1236 1650/339/331
f 1654/354/346 1655/1270/1237 1653/1268/1235 1652/1267/1234
f 907/1271/1238 906/1272/1239 880/1273/1240 882/1274/1241
f 906/1272/1239 905/1275/1242 878/1276/1243 880/1273/1240
f 1164/719/700 1308/359/351 1307/358/350 1170/1277/1244
f 905/1275/1242 903/1278/1245 874/1279/1246 878/1276/1243
f 903/1278/1245 904/1280/1247 876/1249/1216 874/1279/1246
f 1657/1281/1248 1632/1250/1217 1630/1246/1213 1656/1282/1249
f 1658/1283/1250 1634/1252/1219 1632/1250/1217 1657/1281/1248
f 1659/1284/1251 1636/1254/1221 1634/1252/1219 1658/1283/1250
f 1660/1285/1252 1638/1256/1223 1636/1254/1221 1659/1284/1251
f 1662/1286/1253 1642/1260/1227 1640/1258/1225 1661/1287/1254
f 1663/1288/1255 1644/1262/1229 1642/1260/1227 1662/1286/1253
f 179/787/767 180/729/710 178/728/709 177/788/768
f 1670/1289/1256 1657/1281/1248 1656/1282/1249 1669/1290/1257
f 1671/1291/1258 1658/1283/1250 1657/1281/1248 1670/1289/1256
f 1672/1292/1259 1659/1284/1251 1658/1283/1250 1671/1291/1258
f 1674/1293/1260 1661/1287/1254 1660/1285/1252 1673/1294/1261
f 1675/1295/1262 1662/1286/1253 1661/1287/1254 1674/1293/1260
f 1676/1296/1263 1663/1288/1255 1662/1286/1253 1675/1295/1262
f 1677/1297/1264 1678/1298/1265 1665/341/333 1664/1299/1266
f 912/1300/1267 926/1301/1268 925/1302/1269 911/1303/1270
f 927/1304/1271 926/1301/1268 912/1300/1267 913/1305/1272
f 1680/1212/1179 1667/1306/1273 1666/338/330 1679/1307/1274
f 1681/1211/1178 1668/355/347 1667/1306/1273 1680/1212/1179
f 2069/1308/1275 2051/1309/1276 2065/1310/1277 1824/1311/1278
f 933/1312/1279 932/1313/1280 917/1314/1281 919/1315/1282
f 934/1316/1283 933/1312/1279 919/1315/1282 920/1317/1284
f 935/1318/1285 934/1316/1283 920/1317/1284 921/1319/1286
f 936/1320/1287 935/1318/1285 921/1319/1286 922/1321/1288
f 937/1322/1289 936/1320/1287 922/1321/1288 923/1323/1290
f 938/1324/1291 937/1322/1289 923/1323/1290 924/1325/1292
f 939/1326/1293 938/1324/1291 924/1325/1292 925/1302/1269
f 2037/1327/1294 1937/361/353 1936/364/356 2036/1328/1295
f 941/1329/1296 940/1330/1297 926/1301/1268 927/1304/1271
f 942/1238/1205 941/1329/1296 927/1304/1271 928/1331/1298
f 943/1239/1206 942/1238/1205 928/1331/1298 929/1332/1299
f 2038/1204/1171 2059/1333/1300 2058/1334/1301 2039/992/966
f 1696/1335/1302 1683/1336/1303 1682/1242/1209 1695/1241/1208
f 1697/1337/1304 1684/1338/1305 1683/1336/1303 1696/1335/1302
f 1698/1339/1306 1685/1340/1307 1684/1338/1305 1697/1337/1304
f 1699/1341/1308 1686/1342/1309 1685/1340/1307 1698/1339/1306
f 1700/1343/1310 1687/1344/1311 1686/1342/1309 1699/1341/1308
f 1701/1345/1312 1688/1346/1313 1687/1344/1311 1700/1343/1310
f 1702/1347/1314 1689/1348/1315 1688/1346/1313 1701/1345/1312
f 1702/1347/1314 1703/1349/1316 1690/1350/1317 1689/1348/1315
f 1704/1351/1318 1691/1352/1319 1690/1350/1317 1703/1349/1316
f 1705/1353/1320 1692/1354/1321 1691/1352/1319 1704/1351/1318
f 1706/1208/1175 1693/1213/1180 1692/1354/1321 1705/1353/1320
f 957/1236/1203 958/1355/1322 391/1356/1323 392/699/680
f 961/1357/1324 960/1358/1325 946/1359/1326 947/1360/1327
f 962/1361/1328 961/1357/1324 947/1360/1327 948/1362/1329
f 963/1363/1330 962/1361/1328 948/1362/1329 949/1364/1331
f 964/1365/1332 963/1363/1330 949/1364/1331 950/1366/1333
f 965/1367/1334 964/1365/1332 950/1366/1333 951/1368/1335
f 966/1369/1336 965/1367/1334 951/1368/1335 952/1370/1337
f 967/1371/1338 966/1369/1336 952/1370/1337 953/1372/1339
f 954/1373/1340 968/1374/1341 967/1371/1338 953/1372/1339
f 955/1375/1342 969/1376/1343 968/1374/1341 954/1373/1340
f 970/1377/1344 969/1376/1343 955/1375/1342 956/1237/1204
f 1070/1378/1345 1077/1379/1346 1076/1380/1347 1069/1381/1348
f 929/1332/1299 930/1382/1349 944/1383/1350 943/1239/1206
f 973/1384/1351 972/1385/1352 960/1358/1325 961/1357/1324
f 974/1386/1353 973/1384/1351 961/1357/1324 962/1361/1328
f 975/1387/1354 974/1386/1353 962/1361/1328 963/1363/1330
f 976/1388/1355 975/1387/1354 963/1363/1330 964/1365/1332
f 977/1389/1356 976/1388/1355 964/1365/1332 965/1367/1334
f 978/1390/1357 977/1389/1356 965/1367/1334 966/1369/1336
f 979/1391/1358 978/1390/1357 966/1369/1336 967/1371/1338
f 968/1374/1341 980/1392/1359 979/1391/1358 967/1371/1338
f 969/1376/1343 981/1393/1360 980/1392/1359 968/1374/1341
f 1006/1216/1183 1005/1394/1361 993/1395/1362 994/1217/1184
f 1063/1396/1363 1070/1378/1345 1069/1381/1348 1062/1397/1364
f 983/1398/1365 1731/1399/1366 1720/1400/1367 971/1401/1368
f 1732/1402/1369 1721/1403/1370 1720/1400/1367 1731/1399/1366
f 1733/1404/1371 1722/1405/1372 1721/1403/1370 1732/1402/1369
f 1734/1406/1373 1723/1407/1374 1722/1405/1372 1733/1404/1371
f 1736/1408/1375 1725/1409/1376 1724/1410/1377 1735/1411/1378
f 1737/1412/1379 1726/1413/1380 1725/1409/1376 1736/1408/1375
f 1738/1414/1381 1727/1415/1382 1726/1413/1380 1737/1412/1379
f 1741/1416/1383 1730/1417/1384 1729/1418/1385 1740/1419/1386
f 1062/1397/1364 1802/1420/1387 1796/1421/1388 1055/1422/1389
f 1041/1423/1390 1040/1424/1391 1028/1425/1392 1029/1426/1393
f 1018/1427/1394 1030/1428/1395 1029/1426/1393 1017/1429/1396
f 997/1430/1397 996/1431/1398 984/1432/1399 985/1433/1400
f 998/1434/1401 997/1430/1397 985/1433/1400 986/1435/1402
f 999/1436/1403 998/1434/1401 986/1435/1402 987/1437/1404
f 1000/1438/1405 999/1436/1403 987/1437/1404 988/1439/1406
f 1001/1440/1407 1000/1438/1405 988/1439/1406 989/1441/1408
f 1002/1442/1409 1001/1440/1407 989/1441/1408 990/1443/1410
f 1053/1444/1411 1056/1445/1412 1055/1422/1389 1052/1446/1413
f 1027/1447/1414 1039/1448/1415 1038/1449/1416 1026/1450/1417
f 1040/1424/1391 1039/1448/1415 1027/1447/1414 1028/1425/1392
f 981/1393/1360 993/1395/1362 992/1451/1418 980/1392/1359
f 1006/1216/1183 1018/1427/1394 1017/1429/1396 1005/1394/1361
f 1007/1452/1419 1753/1453/1420 1742/1454/1421 995/1455/1422
f 1754/1456/1423 1743/1457/1424 1742/1454/1421 1753/1453/1420
f 1755/1458/1425 1744/1459/1426 1743/1457/1424 1754/1456/1423
f 1757/1460/1427 1746/1461/1428 1745/1462/1429 1756/1463/1430
f 1758/1464/1431 1747/1465/1432 1746/1461/1428 1757/1460/1427
f 1037/1466/1433 1036/1467/1434 1024/1468/1435 1025/1469/1436
f 1038/1449/1416 1037/1466/1433 1025/1469/1436 1026/1450/1417
f 1003/1470/1437 1002/1442/1409 990/1443/1410 991/1471/1438
f 1016/1472/1439 1028/1425/1392 1027/1447/1414 1015/1473/1440
f 1029/1426/1393 1028/1425/1392 1016/1472/1439 1017/1429/1396
f 994/1217/1184 993/1395/1362 981/1393/1360 982/1235/1202
f 1765/1474/1441 1754/1456/1423 1753/1453/1420 1764/1475/1442
f 1766/1476/1443 1755/1458/1425 1754/1456/1423 1765/1474/1441
f 1043/1477/1444 1786/1478/1445 1775/1479/1446 1031/1480/1447
f 1777/1481/1448 1778/1482/1449 1767/1483/1450 1766/1476/1443
f 1779/1484/1451 1768/1485/1452 1767/1483/1450 1778/1482/1449
f 1013/1486/1453 1012/1487/1454 1000/1438/1405 1001/1440/1407
f 1014/1488/1455 1013/1486/1453 1001/1440/1407 1002/1442/1409
f 1003/1470/1437 1015/1473/1440 1014/1488/1455 1002/1442/1409
f 992/1451/1418 1004/1489/1456 1003/1470/1437 991/1471/1438
f 993/1395/1362 1005/1394/1361 1004/1489/1456 992/1451/1418
f 1042/1490/1457 1041/1423/1390 1029/1426/1393 1030/1428/1395
f 1775/1479/1446 1776/1491/1458 1765/1474/1441 1764/1475/1442
f 1776/1491/1458 1777/1481/1448 1766/1476/1443 1765/1474/1441
f 1781/1492/1459 1782/1493/1460 1771/1494/1461 1770/1495/1462
f 1770/1495/1462 1759/1496/1463 1758/1464/1431 1769/1497/1464
f 996/1431/1398 1008/1498/1465 1007/1452/1419 995/1455/1422
f 1788/1499/1466 1787/1500/1467 1795/1501/1468 2060/1502/1469
f 1751/1503/1470 1740/1419/1386 1739/1504/1471 1750/1505/1472
f 2058/1334/1301 1788/1499/1466 2060/1502/1469 2039/992/966
f 1752/1506/1473 1741/1416/1383 1740/1419/1386 1751/1503/1470
f 1792/1507/1474 1784/1508/1475 1783/1509/1476 1791/1510/1477
f 982/1235/1202 981/1393/1360 969/1376/1343 970/1377/1344
f 1786/1478/1445 1787/1500/1467 1776/1491/1458 1775/1479/1446
f 1787/1500/1467 1788/1499/1466 1777/1481/1448 1776/1491/1458
f 1771/1494/1461 1772/1511/1478 1761/1512/1479 1760/1513/1480
f 2046/1514/1481 2066/1515/1482 2056/1516/1483 2035/1517/1484
f 2035/1517/1484 2056/1516/1483 2055/1518/1485 2036/1328/1295
f 1050/1231/1198 1049/1230/1197 1040/1424/1391 1041/1423/1390
f 1051/1519/1486 1050/1231/1198 1041/1423/1390 1042/1490/1457
f 1718/1520/1487 1705/1353/1320 1704/1351/1318 1717/1521/1488
f 1052/1446/1413 1794/1522/1489 1786/1478/1445 1043/1477/1444
f 1025/1469/1436 1024/1468/1435 1012/1487/1454 1013/1486/1453
f 1055/1422/1389 1796/1421/1388 1794/1522/1489 1052/1446/1413
f 1797/1523/1490 1795/1501/1468 1794/1522/1489 1796/1421/1388
f 869/1524/1491 870/1525/1492 868/1215/1182 867/1227/1194
f 1061/1526/1493 1060/1228/1195 1050/1231/1198 1051/1519/1486
f 1059/1232/1199 1048/1234/1201 1049/1230/1197 1058/1229/1196
f 1803/1527/1494 1797/1523/1490 1796/1421/1388 1802/1420/1387
f 1325/1528/1495 1064/1529/1496 1057/1530/1497 1335/1531/1498
f 1331/624/607 1322/272/266 1059/1232/1199 1065/793/773
f 1059/1232/1199 1058/1229/1196 1066/797/777 1065/793/773
f 1060/1228/1195 1067/795/775 1066/797/777 1058/1229/1196
f 1069/1381/1348 1808/1532/1499 1802/1420/1387 1062/1397/1364
f 1763/1533/1500 864/1220/1187 863/1222/1189 1752/1506/1473
f 465/704/685 463/676/657 462/679/660 464/799/779
f 1075/670/651 1074/671/652 1067/795/775 1068/1534/1501
f 1073/792/772 1065/793/773 1066/797/777 1072/796/776
f 1076/1380/1347 1814/1535/1502 1808/1532/1499 1069/1381/1348
f 1814/1535/1502 1815/1536/1503 1809/1537/1504 1808/1532/1499
f 1338/1538/1505 1339/1539/1506 1320/1540/1507 1319/939/916
f 1072/796/776 1080/1541/1508 1079/1104/1072 1073/792/772
f 1074/671/652 1081/140/138 1080/1541/1508 1072/796/776
f 453/781/761 460/721/702 380/724/705 379/790/770
f 1816/122/120 1818/121/119 1812/337/329 1810/1542/1509
f 1823/1543/1510 1824/1311/1278 1815/1536/1503 1814/1535/1502
f 1334/1544/1511 1090/1545/1512 1078/1546/1513 1326/1547/1514
f 1198/716/697 1194/1548/1515 1193/129/127 1201/717/698
f 883/1549/1516 881/1550/1517 879/1551/1518 1095/1552/1519
f 1631/1247/1214 1095/1552/1519 873/1553/1520 875/1248/1215
f 1646/1265/1232 1095/1552/1519 1643/1261/1228 1645/1263/1230
f 1643/1261/1228 1095/1552/1519 1639/1257/1224 1641/1259/1226
f 889/1554/1521 887/1555/1522 1095/1552/1519
f 1637/1255/1222 1095/1552/1519 1633/1251/1218 1635/1253/1220
f 2344/760/740 2352/1157/1124 2356/1556/1523 2343/761/741
f 2346/520/506 2345/519/505 2343/761/741 2356/1556/1523
f 1871/1557/1524 1864/319/311 1862/171/168 1866/170/167
f 1103/1558/1525 1100/1559/1526 1098/1560/1527 1102/1561/1528
f 1864/319/311 1871/1557/1524 1986/1562/1529 1985/316/1529
f 1142/324/316 1144/1563/1530 1143/1564/1531 1141/1565/1532
f 96/173/170 101/178/175 100/320/312 97/155/153
f 1110/1566/1533 1115/1567/1534 1113/1568/1535 1105/175/172
f 1950/1569/1536 1841/1570/1537 1846/1571/1538 1949/1572/1536
f 168/786/766 457/1573/1539 456/1574/1540 167/1575/1541
f 1115/1567/1534 1116/1576/1542 1111/1577/1543 1113/1568/1535
f 1870/1578/1544 1877/1579/1545 1982/1580/1546 1981/1581/1546
f 1101/1582/1547 1109/1583/1548 1107/174/171 1096/1584/1549
f 1130/1585/1550 1132/1586/1551 1131/193/190 1129/165/162
f 1151/1587/1552 1240/1588/1553 1152/1589/1554 1150/1590/1555
f 1121/1591/1556 1116/1576/1542 1231/1592/1557 1230/1593/1557
f 1851/249/244 1858/1594/1558 1856/1595/1559 1850/250/245
f 1882/1596/1560 1971/1597/1561 1883/1598/1562 1878/1599/1563
f 1952/1600/1564 1831/1601/1565 1832/1602/1566 1951/1603/1564
f 1121/1591/1556 1122/1604/1567 1119/1605/1568 1120/1606/1569
f 1104/1607/1570 1154/1608/1571 1153/1609/1572 1102/1561/1528
f 166/307/300 111/191/188 112/308/301 169/334/326
f 1140/1610/1573 1137/1611/1574 1138/194/191 1139/1612/1575
f 1112/1613/1576 1114/1614/1577 1113/1568/1535 1111/1577/1543
f 1128/1615/1578 1130/1585/1550 1114/1614/1577 1112/1613/1576
f 1135/323/315 1137/1611/1574 1144/1563/1530 1142/324/316
f 1145/1616/1579 1144/1563/1530 1137/1611/1574 1140/1610/1573
f 1134/1617/1580 1131/193/190 1132/1586/1551 1133/1618/1581
f 1136/166/163 1138/194/191 1137/1611/1574 1135/323/315
f 1130/1585/1550 1129/165/162 1106/164/161 1114/1614/1577
f 2082/1619/1582 2087/1620/1583 2086/1621/1583 2083/1622/1584
f 1146/1623/1585 1143/1564/1531 1144/1563/1530 1145/1616/1579
f 1859/1624/1586 1861/1625/1587 1860/1626/1588 1854/1627/1589
f 1879/1628/1590 1875/326/318 1881/1629/1591 1880/1630/1592
f 1147/1631/1593 1141/1565/1532 1148/1632/1594 1149/1633/1595
f 1122/1604/1567 1239/1634/1596 1238/1635/1596 1123/1636/1597
f 1958/1603/1598 1832/1602/1566 1840/1637/1599 1957/1638/1598
f 1954/1639/1600 1834/1640/1601 1831/1601/1565 1953/1600/1600
f 1147/1631/1593 1154/1608/1571 1104/1607/1570 1141/1565/1532
f 1124/1641/1602 1126/1642/1603 1125/1643/1604 1123/1636/1597
f 1296/48/48 1317/127/125 1297/130/128 1195/45/45
f 1153/1609/1572 1154/1608/1571 1149/1633/1595 1152/1589/1554
f 1149/1633/1595 1154/1608/1571 1147/1631/1593
f 1099/325/317 1104/1607/1570 1102/1561/1528 1098/1560/1527
f 452/782/762 423/933/910 537/935/912 630/665/646
f 65/844/822 377/934/911 378/1192/1159 158/943/920
f 1160/1107/1075 1161/463/452 1162/462/451
f 1907/1644/1605 1890/1645/1606 1893/1646/1607 1892/1647/1608
f 1210/1648/1609 1206/1649/1610 1205/1650/1611 1213/1651/1612
f 1206/1649/1610 1210/1648/1609 1209/1652/1613 1208/1653/1614
f 1156/783/763 1158/784/764 1172/1654/1615 1171/1655/1616
f 1194/1548/1515 1198/716/697 1197/837/816 1196/836/815
f 1177/461/450 1301/273/267 1312/626/609 1175/590/574
f 1605/1181/1148 1627/1656/1617 1626/1657/1617 1611/142/140
f 2339/733/714 2336/1658/1618 194/1094/1062 364/604/588
f 831/1659/1619 832/1660/1620 750/1083/1050 716/388/380
f 1916/482/471 1917/406/398 1914/405/397 1915/1661/1621
f 788/1086/1053 773/373/365 772/241/237 787/240/236
f 1186/1134/1101 1183/1662/1622 1182/1663/1623 1192/1135/1102
f 539/145/143 541/263/257 540/113/111 538/112/110
f 426/133/131 428/132/130 427/845/823 425/257/251
f 82/756/736 431/678/659 429/256/250 79/258/252
f 389/688/669 386/988/962 385/1205/1172 388/1664/1624
f 1198/716/697 1200/715/696 1202/1071/1038 1197/837/816
f 185/347/339 187/346/338 400/981/955 397/705/686
f 1204/983/957 1206/1649/1610 1208/1653/1614 1203/1665/1625
f 388/1664/1624 391/1356/1323 390/689/670 389/688/669
f 1210/1648/1609 1212/711/692 1214/1068/1035 1209/1652/1613
f 1151/1587/1552 1150/1590/1555 1143/1564/1531 1146/1623/1585
f 1842/1666/1626 1844/1667/1627 1849/248/243 1848/251/246
f 1112/1613/1576 1117/1668/1628 1127/1669/1629 1128/1615/1578
f 1109/1583/1548 1101/1582/1547 1227/1670/1630 1226/1671/1630
f 1116/1576/1542 1121/1591/1556 1120/1606/1569 1111/1577/1543
f 1964/1672/1631 1886/1673/1632 1834/1640/1601 1963/1639/1633
f 1232/1674/1634 1233/1675/1634 1103/1558/1525 1155/1676/1635
f 1220/1677/1636 1221/1670/1636 1101/1582/1547 1100/1559/1526
f 93/292/285 171/321/313 172/314/307 162/313/306
f 1234/1674/1637 1155/1676/1635 1235/1588/1638
f 1960/1678/1639 1852/1679/1640 1853/1680/1641 1959/1681/1639
f 1228/1593/1642 1229/1634/1642 1122/1604/1567 1121/1591/1556
f 1240/1588/1553 1151/1587/1552 1241/1682/1553
f 1118/1683/1643 1120/1606/1569 1119/1605/1568 1117/1668/1628
f 1956/1638/1644 1840/1637/1599 1841/1570/1537 1955/1569/1644
f 1139/1612/1575 1253/1684/1645 1252/1685/1645 1140/1610/1573
f 1155/1676/1635 1103/1558/1525 1102/1561/1528 1153/1609/1572
f 1145/1616/1579 1249/1686/1646 1248/1687/1647 1146/1623/1585
f 1967/1688/1648 1968/1689/1648 1857/1690/1649 1855/1691/1650
f 1115/1567/1534 1110/1566/1533 1219/1692/1651 1218/1693/1651
f 199/383/375 205/598/582 3/5/5 4/7/7
f 1909/1694/1652 2002/1695/1653 2001/1696/1654 1915/1661/1621
f 1177/461/450 1159/460/449 1157/274/268 1301/273/267
f 1928/945/922 2026/1697/1655 2025/1698/1655 1933/855/833
f 1996/802/1656 1891/801/781 1893/1646/1607 1995/1699/1656
f 1904/850/828 1998/849/1657 1997/1699/1657 1893/1646/1607
f 138/469/458 144/468/457 256/492/478 254/475/464
f 360/734/715 359/1125/1093 288/502/488 246/403/395
f 733/1039/1009 610/929/906 612/114/112 540/113/111
f 537/935/912 536/662/643 535/109/107 533/1700/1658
f 1276/1701/1659 1187/1156/1123 1277/1702/1660
f 1596/950/925 1595/1703/1661 1336/419/411 1337/1105/1073
f 1898/281/275 1900/101/99 2004/104/1662 2003/660/1662
f 421/455/444 422/658/640 375/747/727 374/456/445
f 2016/1697/1663 1928/945/922 1927/1041/1011 2015/1704/1663
f 1286/1702/1664 1189/1092/1059 1287/839/1060
f 1191/47/47 1190/46/46 1189/1092/1059 1188/1133/1100
f 1174/1705/1665 1263/1706/1666 1262/247/1666 1167/246/242
f 532/1707/1667 625/277/271 626/276/270 533/1700/1658
f 2024/1708/1668 1934/854/832 1933/855/833 2023/1698/1668
f 533/1700/1658 535/109/107 534/107/105 532/1707/1667
f 484/24/24 486/23/23 485/474/463 483/39/39
f 2067/260/254 2286/1709/1669 2068/1180/1147 2048/1710/1670
f 1333/1045/1015 1313/1044/1014 1311/1711/1671 1332/625/608
f 1092/1712/1672 1094/1713/1673 1093/1714/1674 1091/1715/1675
f 1939/853/831 1934/854/832 2022/1708/1676 2021/1191/1676
f 1590/1047/1017 1093/1714/1674 1094/1713/1673 1591/445/435
f 1174/1705/1665 1173/1193/1160 1261/1716/1677 1260/1706/1677
f 1889/269/263 1890/1645/1606 1907/1644/1605 2032/268/262
f 1205/1650/1611 1207/984/958 1306/1717/1678 1304/1718/1679
f 1314/1719/1680 1306/1717/1678 1207/984/958 1199/718/699
f 1170/1277/1244 1307/358/350 1310/697/678 1171/1655/1616
f 2321/690/671 1719/693/674 2323/1720/1681 2326/1721/1682
f 1171/1655/1616 1172/1654/1615 1169/1722/1683 1170/1277/1244
f 1170/1277/1244 1169/1722/1683 1166/720/701 1164/719/700
f 1600/543/528 1623/542/1684 1622/948/1684 1599/947/923
f 1160/1107/1075 1162/462/451 1176/589/573 1179/1010/983
f 1192/1135/1102 1298/1043/1013 1296/48/48 1191/47/47
f 295/553/538 299/549/534 298/548/533 294/554/539
f 2046/1514/1481 1942/791/771 1894/368/360 2040/991/965
f 1323/1723/1685 1047/1233/1200 1321/941/918 1303/940/917
f 1211/712/693 1213/1651/1612 1305/1724/1686 1315/1725/1687
f 1334/1544/1511 1326/1547/1514 1306/1717/1678 1314/1719/1680
f 689/432/424 806/558/543 805/561/546 690/433/425
f 668/380/372 2350/1726/1688 666/637/619 667/392/384
f 1094/1713/1673 1092/1712/1672 1339/1539/1506 1338/1538/1505
f 156/848/826 72/846/824 74/441/431 155/942/919
f 423/933/910 452/782/762 378/1192/1159 377/934/911
f 404/1727/1689 2327/1728/1690 1061/1526/1493 1051/1519/1486
f 1036/1467/1434 1037/1466/1433 1323/1723/1685 1330/696/677
f 2036/1328/1295 2055/1518/1485 2057/1729/1691 2037/1327/1294
f 1656/1282/1249 1630/1246/1213 876/1249/1216 904/1280/1247
f 1795/1501/1468 1797/1523/1490 2066/1515/1482 2060/1502/1469
f 1329/1730/1692 1308/359/351 1309/1731/1693
f 1804/1732/1694 1805/1733/1695 1811/1734/1696 1810/1542/1509
f 1323/1723/1685 1303/940/917 1310/697/678 1330/696/677
f 360/734/715 246/403/395 206/402/394 361/627/610
f 1312/626/609 1332/625/608 1311/1711/1671
f 1322/272/266 1331/624/607 1301/273/267
f 419/653/635 420/454/443 373/457/446 372/746/726
f 1181/618/601 1311/1711/1671 1313/1044/1014 1182/1663/1623
f 2037/1327/1294 2057/1729/1691 2065/1310/1277 2045/1735/1697
f 1199/718/699 1201/717/698 1300/1736/1698 1314/1719/1680
f 1315/1725/1687 1305/1724/1686 1325/1528/1495 1335/1531/1498
f 1324/1737/1699 1325/1528/1495 1305/1724/1686 1304/1718/1679
f 1876/1738/1700 1883/1598/1562 1974/1739/1701 1973/1740/1702
f 166/307/300 168/786/766 167/1575/1541 165/306/299
f 1097/322/314 1099/325/317 1098/1560/1527 1096/1584/1549
f 97/155/153 100/320/312 95/182/179 84/152/150
f 1118/1683/1643 1117/1668/1628 1112/1613/1576
f 1117/1668/1628 1119/1605/1568 1125/1643/1604 1127/1669/1629
f 1114/1614/1577 1106/164/161 1105/175/172 1113/1568/1535
f 1146/1623/1585 1243/1687/1703 1242/1682/1703 1151/1587/1552
f 1133/1618/1581 1132/1586/1551 1126/1642/1603 1124/1641/1602
f 1336/419/411 1316/418/410 1337/1105/1073
f 362/628/611 363/603/587 196/999/973 202/396/388
f 1319/939/916 1320/1540/1507 1300/1736/1698 1299/128/126
f 872/1245/1212 871/1201/1168 870/1525/1492 869/1524/1491
f 1774/1741/1704 866/1218/1185 864/1220/1187 1763/1533/1500
f 2052/123/121 1799/1742/1705 1790/1743/1706 1789/124/122
f 1328/357/349 1327/356/348 1035/1744/1707
f 1015/1473/1440 1027/1447/1414 1026/1450/1417 1014/1488/1455
f 1026/1450/1417 1025/1469/1436 1013/1486/1453 1014/1488/1455
f 1328/357/349 1035/1744/1707 1036/1467/1434 1330/696/677
f 2040/991/965 2060/1502/1469 2066/1515/1482 2046/1514/1481
f 1669/1290/1257 1656/1282/1249 904/1280/1247 918/1745/1708
f 1088/1746/1709 1823/1543/1510 1814/1535/1502 1076/1380/1347
f 1333/1045/1015 1332/625/608 1073/792/772
f 1815/1536/1503 1824/1311/1278 2065/1310/1277 2057/1729/1691
f 1314/1719/1680 1300/1736/1698 1320/1540/1507 1334/1544/1511
f 1778/1482/1449 1777/1481/1448 1788/1499/1466 2058/1334/1301
f 1797/1523/1490 1803/1527/1494 2056/1516/1483 2066/1515/1482
f 627/270/264 628/266/260 625/277/271 532/1707/1667
f 1924/1747/1710 2027/1748/1711 1925/823/802 1926/1040/1010
f 1552/1749/1712 2121/1750/1713 2100/1751/1714 1551/1752/1715
f 2169/311/304 2167/1753/1716 2160/975/949 2149/312/305
f 1347/1754/1717 1348/1755/1718 2076/1756/1719 2075/1757/1720
f 1348/1755/1718 1435/1758/1721 2155/1759/1722 2076/1756/1719
f 1488/1760/1723 1490/1761/1724 1570/1762/1725 1569/1184/1151
f 2079/1763/1726 2081/1764/1727 1353/1765/1728 1355/1766/1729
f 2075/1757/1720 2079/1763/1726 1355/1766/1729 1347/1754/1717
f 2107/1767/1730 2276/1620/1731 2082/1619/1582 2084/1768/1732
f 1139/1612/1575 1138/194/191 1131/193/190 1134/1617/1580
f 1362/1769/1733 1363/1770/1733 1364/1771/1734
f 2219/1772/1735 2216/1773/1736 2117/902/880 2217/1100/1068
f 1449/299/292 1579/302/295 1503/1774/1737 1578/1775/1738
f 2113/252/247 2106/759/739 2108/1776/1739 2112/1777/1740
f 1385/296/289 1386/305/298 1384/1778/1741 1382/1779/1742
f 1357/1780/1743 1356/1781/1744 1376/1782/1745 1369/163/160
f 2083/1622/1584 2085/1783/1746 2084/1768/1732 2082/1619/1582
f 2103/1784/1747 2105/1785/1748 2104/1786/1749 2102/1787/1750
f 2085/1783/1746 2103/1784/1747 2102/1787/1750 2084/1768/1732
f 2107/1767/1730 2109/1788/1751 2108/1776/1739 2106/759/739
f 1550/1789/1752 2098/1790/1753 2262/1791/1754 2261/1792/1754
f 1385/296/289 1382/1779/1742 1387/297/290
f 1391/1793/1755 1547/298/291 1387/297/290 1388/1794/1756
f 2090/1795/1757 2114/901/879 2088/900/878 2089/1796/1758
f 1567/1166/1133 2213/1797/1759 2212/1798/1760 1566/1799/1761
f 741/1800/1762 737/1801/1763 736/876/854 740/1126/1094
f 581/959/933 583/958/932 582/879/857 580/1802/217
f 1497/1803/1764 1499/1804/1765 1498/1175/1142 1393/895/873
f 1396/1805/1766 2119/903/881 2120/1806/1767 1397/1807/1768
f 1366/1808/1769 2088/900/878 2119/903/881 1396/1805/1766
f 2122/1809/1770 2124/1810/1771 2123/1811/1772 2121/1750/1713
f 2105/1785/1748 2103/1784/1747 2123/1811/1772 2124/1810/1771
f 2101/1812/1773 2123/1811/1772 2103/1784/1747 2085/1783/1746
f 2121/1750/1713 2123/1811/1772 2101/1812/1773 2100/1751/1714
f 1836/1813/1774 1841/1570/1537 1840/1637/1599 1837/766/746
f 1403/301/294 1385/296/289 1404/295/288
f 2129/1814/1775 2131/1815/1776 2130/1816/1777 2128/1817/1778
f 2132/1818/1779 2133/1819/1780 2131/1815/1776 2129/1814/1775
f 1413/962/936 1414/1085/1052 2135/1820/1781 2134/1821/1782
f 1415/1822/1783 2136/1823/1784 2135/1820/1781 1414/1085/1052
f 2129/1814/1775 2135/1820/1781 2136/1823/1784 2132/1818/1779
f 2134/1821/1782 2135/1820/1781 2129/1814/1775 2128/1817/1778
f 2251/1824/1785 2249/1825/1786 2250/1826/1787 2171/1827/1788
f 2194/1828/1789 2250/1826/1787 2249/1825/1786 2248/1829/1790
f 1425/1830/1791 1441/1831/1792 1427/1832/1793 1428/891/869
f 1441/1831/1792 1443/1161/1128 1448/1833/1794 1447/1834/1795
f 2151/1119/1087 2225/1110/1078 2224/1109/1077 2148/1835/1796
f 1441/1831/1792 1447/1834/1795 1450/300/293 1427/1832/1793
f 2090/1795/1757 2295/1836/1797 2116/253/248 2115/1837/1798
f 1429/1838/1799 1343/1839/1800 1341/156/154 1423/1080/1047
f 843/1187/1154 2363/1840/1801 2364/1030/1000 844/1029/999
f 2153/1841/1802 2155/1759/1722 2154/1842/1803 2152/1118/1086
f 2078/1843/1804 2076/1756/1719 2155/1759/1722 2153/1841/1802
f 1432/1844/1805 1434/1845/1806 1433/1846/1807 1431/1847/1808
f 2242/1848/1809 2278/1849/1810 2253/1850/1811 2159/1851/1812
f 1628/1852/1813 1404/295/288 1547/298/291 1629/1853/1814
f 1426/1854/1815 1442/1162/1129 1425/1830/1791 1424/1079/1046
f 1541/1160/1127 1444/1159/1126 1542/1198/1165 1473/1855/1816
f 2154/1842/1803 2231/858/836 2226/857/835 2152/1118/1086
f 1542/1198/1165 1446/1027/997 1534/1026/996 1472/1196/1163
f 2171/1827/1788 2250/1826/1787 2273/1856/1817 2166/1857/1818
f 1544/1858/1819 1386/305/298 1402/304/297 1451/1859/1820
f 1474/1860/1821 1476/1861/1822 1537/1862/1823 1584/1863/1824
f 825/1864/1825 824/1151/1118 692/1152/1119 683/1024/994
f 607/1150/1117 609/1153/1120 608/1137/1104 606/1120/1088
f 1533/1865/1826 1471/1197/1164 1534/1026/996 1455/1025/995
f 1533/1865/1826 1455/1025/995 1457/1866/1827 1532/1867/1828
f 1532/1867/1828 1490/1761/1724 1486/1868/1829 1533/1865/1826
f 1484/1869/1830 1560/1870/1831 1559/1871/1832 1482/1872/1833
f 2159/1851/1812 2253/1850/1811 2252/1873/1834 2158/1874/1835
f 1465/1875/1836 1467/1876/1837 1478/1877/1838 1475/1878/1839
f 1583/1879/1840 1523/1880/1841 1509/866/844 1581/1881/1842
f 1469/887/865 1466/888/866 1471/1197/1164
f 1424/1079/1046 1340/159/157 1352/1882/1843 1588/1883/1844
f 1466/888/866 1465/1875/1836 1472/1196/1163
f 1391/1793/1755 1609/1769/1845 1364/1771/1734 1390/1884/1846
f 1497/1803/1764 1395/1885/1847 1510/1886/1848 1500/1887/1849
f 1586/1888/1850 1420/1889/1851 1422/1890/1852 1478/1877/1838
f 1478/1877/1838 1467/1876/1837 1495/1891/1853 1586/1888/1850
f 1585/1892/1854 1523/1880/1841 1583/1879/1840 1582/1893/1855
f 2314/1894/1856 2315/1895/1857 2260/1896/1858 2127/1897/1859
f 2203/1898/1860 2200/1899/1861 2201/1900/1862 2202/1901/1863
f 2105/1785/1748 2157/1902/1864 2156/1903/1865 2104/1786/1749
f 1438/1904/1866 1437/1905/1867 1440/1906/1868 1439/1907/1869
f 1453/1028/998 1446/1027/997 1445/1199/1166 1454/1908/1870
f 1485/1909/1871 1470/769/749 1469/887/865 1486/1868/1829
f 1470/769/749 1485/1909/1871 1487/770/750
f 2362/1910/1872 2363/1840/1801 843/1187/1154 850/1911/1873
f 2189/1912/1874 2188/1913/1875 2205/1914/1876 2204/1915/1877
f 1447/1834/1795 1451/1859/1820 1402/304/297 1450/300/293
f 2210/1916/1878 2203/1898/1860 2202/1901/1863 2211/1917/1879
f 2213/1797/1759 2215/1918/1880 2214/1919/1881 2212/1798/1760
f 2189/1912/1874 2186/1034/1004 2187/1920/1882 2188/1913/1875
f 99/154/152 440/1921/1883 439/1922/1884 98/172/169
f 2171/1827/1788 2170/1923/1885 2257/1924/1886 2251/1824/1785
f 2117/902/880 2216/1773/1736 2120/1806/1767 2119/903/881
f 1578/1775/1738 1505/889/867 1428/891/869 1449/299/292
f 1365/893/871 1368/1770/1887 1367/1925/1887 1366/1808/1769
f 1581/1881/1842 1509/866/844 1506/865/843 1505/889/867
f 638/1926/1888 640/972/946 639/957/931 637/956/229
f 1500/1887/1849 1519/1927/1889 1499/1804/1765 1497/1803/1764
f 2235/1928/1890 2234/1929/1891 2219/1772/1735 2221/1930/1892
f 2131/1815/1776 2133/1819/1780 2234/1929/1891 2235/1928/1890
f 1520/1931/1893 1502/1932/1894 1499/1804/1765 1519/1927/1889
f 849/1933/1895 850/1911/1873 648/970/944 641/973/947
f 1431/1847/1808 1433/1846/1807 1508/864/842 1514/951/926
f 556/863/841 570/862/840 571/954/929 557/908/886
f 1516/952/927 1517/869/847 1515/868/846 1514/951/926
f 1511/1934/1896 1518/1935/1897 1500/1887/1849 1510/1886/1848
f 1518/1935/1897 1410/1936/1898 1519/1927/1889 1500/1887/1849
f 2228/856/834 2238/1937/1899 2237/1115/1083 2227/1111/1079
f 2132/1818/1779 2136/1823/1784 2239/1938/1900 2233/1939/1901
f 1525/1940/1902 1518/1935/1897 1511/1934/1896
f 1516/952/927 1507/867/845 1522/1941/1903 1526/1942/1904
f 2232/859/837 2240/1172/1139 2238/1937/1899 2228/856/834
f 1582/1893/1855 1521/1943/1905 1407/1944/1906 1585/1892/1854
f 1513/1945/1907 2230/1946/1908 2239/1938/1900 1524/1947/1909
f 1343/1839/1800 1342/158/156 1344/157/155 1341/156/154
f 2241/1948/1910 2243/1949/1911 1554/1950/1912 1555/1951/1913
f 2124/1810/1771 2244/1952/1914 2157/1902/1864 2105/1785/1748
f 1529/1953/1915 1531/1954/1916 1530/1955/1917 1528/1956/1918
f 1554/1950/1912 1553/1957/1919 1400/1958/1920 1530/1955/1917
f 1453/1028/998 1454/1908/1870 1458/1959/1921 1456/1960/1922
f 1471/1197/1164 1533/1865/1826 1486/1868/1829 1469/887/865
f 1354/1961/1923 1458/1959/1921 1454/1908/1870 1588/1883/1844
f 1524/1947/1909 2239/1938/1900 2136/1823/1784 1415/1822/1783
f 1536/1962/1924 1537/1862/1823 1476/1861/1822 1535/1963/1925
f 2198/1964/1926 2200/1899/1861 2178/1965/1927 2180/1966/1928
f 2183/1967/1929 2178/1965/1927 2200/1899/1861 2203/1898/1860
f 1575/964/938 1577/963/937 1527/1171/1138 1526/1942/1904
f 1442/1162/1129 1426/1854/1815 1445/1199/1166 1444/1159/1126
f 2137/1968/1930 2139/1969/1931 2210/1916/1878 2211/1917/1879
f 2142/1970/1932 2256/1971/1933 2179/1972/1934 2182/1973/1935
f 2181/1974/1936 2179/1972/1934 2256/1971/1933 2248/1829/1790
f 2248/1829/1790 2249/1825/1786 2252/1873/1834 2181/1974/1936
f 1425/1830/1791 1428/891/869 1423/1080/1047 1424/1079/1046
f 2180/1966/1928 2253/1850/1811 2278/1849/1810 2198/1964/1926
f 2110/1975/1937 2109/1788/1751 2102/1787/1750 2104/1786/1749
f 2084/1768/1732 2102/1787/1750 2109/1788/1751 2107/1767/1730
f 162/313/306 147/315/308 148/1976/1938 163/1977/1939
f 2094/1621/1940 2096/1978/1940 2095/1979/1941 2083/1622/1584
f 1584/1863/1824 1537/1862/1823 1452/1980/1942 1448/1833/1794
f 2120/1806/1767 2216/1773/1736 2218/1981/1943 2229/1982/1944
f 1510/1886/1848 1395/1885/1847 1397/1807/1768 1512/1983/1945
f 2127/1897/1859 2260/1896/1858 2112/1777/1740 2111/1984/1946
f 1369/163/160 1376/1782/1745 1375/1985/1947 1372/160/158
f 1398/1986/1948 1375/1985/1947 1376/1782/1745 1399/1987/1949
f 1399/1987/1949 1401/1988/1950 1400/1958/1920 1398/1986/1948
f 1553/1957/1919 2122/1809/1770 2121/1750/1713 1552/1749/1712
f 2122/1809/1770 2243/1949/1911 2244/1952/1914 2124/1810/1771
f 2159/1851/1812 2157/1902/1864 2244/1952/1914 2242/1848/1809
f 1437/1905/1867 1438/1904/1866 1377/1989/1951 1379/1990/1952
f 1379/1990/1952 1386/305/298 1544/1858/1819 1437/1905/1867
f 2202/1901/1863 2201/1900/1862 1559/1871/1832 1560/1870/1831
f 1484/1869/1830 1483/1991/1953 1491/1992/1954 1492/1993/1955
f 2137/1968/1930 2211/1917/1879 1561/1994/1956 1562/1995/1957
f 2220/1996/1958 2222/1997/1959 2268/1998/1960 2270/1999/1961
f 2212/1798/1760 2214/1919/1881 2275/2000/1962 2264/2001/1963
f 1568/1165/1132 2207/1186/1153 2213/1797/1759 1567/1166/1133
f 1494/1163/1130 1496/2002/1964 1495/1891/1853 1493/767/747
f 2208/1185/1152 2205/1914/1876 2206/2003/1965 2207/1186/1153
f 1570/1762/1725 2209/2004/1966 2208/1185/1152 1569/1184/1151
f 2175/2005/1967 2174/2006/1968 2246/2007/1969 2245/2008/1970
f 2245/2008/1970 2246/2007/1969 2204/1915/1877 2209/2004/1966
f 2177/2009/1971 2172/2010/1972 2173/2011/1973 2176/2012/1974
f 1574/2013/1975 2177/2009/1971 2176/2012/1974 1573/2014/1976
f 1353/1765/1728 2081/1764/1727 2177/2009/1971 1574/2013/1975
f 2128/1817/1778 2130/1816/1777 2274/2015/1977 2266/2016/1978
f 2240/1172/1139 2265/2017/1979 2266/2016/1978 2238/1937/1899
f 1527/1171/1138 1577/963/937 2265/2017/1979 2240/1172/1139
f 2134/1821/1782 2265/2017/1979 1577/963/937 1413/962/936
f 2138/2018/1980 2140/2019/1981 2139/1969/1931 2137/1968/1930
f 2220/1996/1958 2236/2020/1982 2235/1928/1890 2221/1930/1892
f 1405/2021/1983 1520/1931/1893 1519/1927/1889 1410/1936/1898
f 2237/1115/1083 2274/2015/1977 2271/2022/1984 2272/1116/1084
f 1502/1932/1894 1504/2023/1985 1503/1774/1737 1501/2024/1986
f 1538/2025/1987 1452/1980/1942 1537/1862/1823 1536/1962/1924
f 2104/1786/1749 2156/1903/1865 2257/1924/1886 2110/1975/1937
f 1520/1931/1893 1521/1943/1905 1504/2023/1985 1502/1932/1894
f 2221/1930/1892 2219/1772/1735 2217/1100/1068 2223/2026/1988
f 753/1155/1122 2396/2027/1050 2395/2028/1620 829/1090/1057
f 1448/1833/1794 1452/1980/1942 1451/1859/1820 1447/1834/1795
f 1582/1893/1855 1583/1879/1840 1581/1881/1842 1580/2029/1989
f 1584/1863/1824 1448/1833/1794 1443/1161/1128 1541/1160/1127
f 1475/1878/1839 1474/1860/1821 1473/1855/1816 1465/1875/1836
f 2092/1925/1990 2093/1796/1990 2088/900/878 1366/1808/1769
f 2188/1913/1875 2187/1920/1882 2215/1918/1880 2206/2003/1965
f 1544/1858/1819 1451/1859/1820 1452/1980/1942 1538/2025/1987
f 747/1114/1082 748/1113/1081 793/2030/1991 791/1136/1103
f 2185/2031/1992 2187/1920/1882 2186/1034/1004 2184/2032/1993
f 1478/1877/1838 1422/1890/1852 1477/2033/1994 1475/1878/1839
f 1495/1891/1853 1467/1876/1837 1468/768/748 1493/767/747
f 2221/1930/1892 2223/2026/1988 2222/1997/1959 2220/1996/1958
f 1409/2034/1995 1410/1936/1898 1518/1935/1897
f 2357/2035/1161 2358/2036/1996 88/2037/1997 90/2038/1998
f 1402/304/297 1403/301/294 1450/300/293
f 2169/311/304 2267/310/303 2126/2039/1999 2125/2040/2000
f 1588/1883/1844 1352/1882/1843 1351/2041/2001 1354/1961/1923
f 1345/2042/2002 1347/1754/1717 1355/1766/1729 1351/2041/2001
f 1424/1079/1046 1588/1883/1844 1426/1854/1815
f 1555/1951/1913 1557/2043/2003 2263/2044/2004 2241/1948/1910
f 2199/2045/2005 2263/2044/2004 1557/2043/2003 1558/2046/2006
f 2198/1964/1926 2278/1849/1810 2263/2044/2004 2199/2045/2005
f 2241/1948/1910 2263/2044/2004 2278/1849/1810 2242/1848/1809
f 2158/1874/1835 2252/1873/1834 2249/1825/1786 2251/1824/1785
f 2251/1824/1785 2257/1924/1886 2156/1903/1865 2158/1874/1835
f 2027/1748/1711 2047/851/829 2028/824/803 1925/823/802
f 577/886/864 578/2047/2007 575/965/939 576/884/862
f 580/1802/217 582/879/857 574/878/856 579/2048/2008
f 2238/1937/1899 2266/2016/1978 2274/2015/1977 2237/1115/1083
f 2360/2049/2009 2361/2050/324 849/1933/1895 848/2051/2010
f 1433/1846/1807 1430/890/868 1506/865/843 1508/864/842
f 1429/1838/1799 1430/890/868 1433/1846/1807 1434/1845/1806
f 1434/1845/1806 1349/2052/2011 1343/1839/1800 1429/1838/1799
f 1350/2053/2012 1342/158/156 1343/1839/1800 1349/2052/2011
f 1340/159/157 1342/158/156 1350/2053/2012 1352/1882/1843
f 2280/99/98 1590/1047/1017 2281/1046/2013 2279/100/2013
f 2280/99/98 2282/98/97 2070/259/253 1826/2054/2014
f 1299/128/126 1300/1736/1698 1201/717/698 1193/129/127
f 1339/1539/1506 1090/1545/1512 1334/1544/1511 1320/1540/1507
f 2030/2055/2015 1931/2056/2016 1930/369/361 2045/1735/1697
f 1264/1106/2017 1265/2057/2017 1161/463/452 1160/1107/1075
f 1178/1011/984 1180/619/602 1183/1662/1622 1184/1000/974
f 300/551/536 301/550/535 316/1173/1140 315/632/615
f 75/118/116 80/757/737 79/258/252 76/115/113
f 2282/98/97 2305/2058/2018 2285/2059/2019 2067/260/254
f 2031/852/830 2047/851/829 2027/1748/1711 1924/1747/1710
f 86/153/151 433/2060/2020 440/1921/1883 99/154/152
f 1609/1769/1845 1391/1793/1755 1610/2061/2021
f 2053/125/123 2034/2062/2022 1887/343/335 2033/126/124
f 163/1977/1939 91/293/286 93/292/285 162/313/306
f 1590/1047/1017 2280/99/98 1826/2054/2014 1093/1714/1674
f 1182/1663/1623 1313/1044/1014 1298/1043/1013 1192/1135/1102
f 2049/376/368 1817/667/648 1811/1734/1696 2064/377/369
f 1618/447/2023 1594/446/436 1619/2063/2024
f 2000/483/2025 1916/482/471 1915/1661/1621 1999/1696/2025
f 20/26/26 21/31/31 19/13/13 17/27/27
f 1596/950/925 1337/1105/1073 1079/1104/1072 1599/947/923
f 539/145/143 550/144/142 552/151/149 542/450/439
f 2289/120/118 2291/119/117 2290/2064/2026 2288/568/2026
f 2292/135/133 2297/567/552 2313/569/2027 2312/2065/2027
f 2267/310/303 2222/1997/1959 2223/2026/1988 2314/1894/1856
f 2223/2026/1988 2217/1100/1068 2118/1101/1069 2314/1894/1856
f 2118/1101/1069 2115/1837/1798 2315/1895/1857 2314/1894/1856
f 2267/310/303 2314/1894/1856 2127/1897/1859 2126/2039/1999
f 2199/2045/2005 2201/1900/1862 2200/1899/1861 2198/1964/1926
f 2315/1895/1857 2115/1837/1798 2116/253/248 2260/1896/1858
f 2098/1790/1753 2095/1979/1941 2099/1978/2028 2097/1791/2028
f 551/148/146 552/151/149 550/144/142 548/134/132
f 1663/1288/1255 1664/1299/1266 1647/1264/1231 1644/1262/1229
f 2319/352/344 1668/355/347 1681/1211/1178 2320/2066/2029
f 2045/1735/1697 1930/369/361 1937/361/353 2037/1327/1294
f 1804/1732/1694 1806/2067/2030 1800/2068/2031 1798/2069/2032
f 651/2070/2033 870/1525/1492 871/1201/1168 652/1200/1167
f 398/706/687 399/982/956 1018/1427/1394 1006/1216/1183
f 391/1356/1323 958/1355/1322 2323/1720/1681 390/689/670
f 874/1279/1246 876/1249/1216 875/1248/1215 873/1553/1520
f 878/1276/1243 874/1279/1246 873/1553/1520 877/2071/2034
f 880/1273/1240 878/1276/1243 877/2071/2034 879/1551/1518
f 882/1274/1241 880/1273/1240 879/1551/1518 881/1550/1517
f 884/2072/2035 882/1274/1241 881/1550/1517 883/1549/1516
f 886/2073/2036 884/2072/2035 883/1549/1516 885/2074/2037
f 888/2075/2038 886/2073/2036 885/2074/2037 887/1555/1522
f 890/2076/2039 888/2075/2038 887/1555/1522 889/1554/1521
f 891/2077/2040 892/2078/2041 890/2076/2039 889/1554/1521
f 893/2079/2042 894/2080/2043 892/2078/2041 891/2077/2040
f 896/2081/2044 894/2080/2043 893/2079/2042 895/2082/2045
f 1650/339/331 1651/1269/1236 1648/1266/1233 1649/340/332
f 897/2083/2046 901/2084/2047 902/2085/2048 898/2086/2049
f 908/2087/2050 907/1271/1238 882/1274/1241 884/2072/2035
f 186/345/337 151/453/442 153/938/915 178/728/709
f 909/2088/2051 908/2087/2050 884/2072/2035 886/2073/2036
f 910/2089/2052 909/2088/2051 886/2073/2036 888/2075/2038
f 911/1303/1270 910/2089/2052 888/2075/2038 890/2076/2039
f 892/2078/2041 912/1300/1267 911/1303/1270 890/2076/2039
f 1661/1287/1254 1640/1258/1225 1638/1256/1223 1660/1285/1252
f 894/2080/2043 913/1305/1272 912/1300/1267 892/2078/2041
f 914/2090/2053 913/1305/1272 894/2080/2043 896/2081/2044
f 915/2091/2054 914/2090/2053 896/2081/2044 898/2086/2049
f 1664/1299/1266 1665/341/333 1649/340/332 1647/1264/1231
f 916/2092/2055 902/2085/2048 900/350/342 2324/353/345
f 917/1314/1281 918/1745/1708 904/1280/1247 903/1278/1245
f 919/1315/1282 917/1314/1281 903/1278/1245 905/1275/1242
f 920/1317/1284 919/1315/1282 905/1275/1242 906/1272/1239
f 1673/1294/1261 1660/1285/1252 1659/1284/1251 1672/1292/1259
f 921/1319/1286 920/1317/1284 906/1272/1239 907/1271/1238
f 922/1321/1288 921/1319/1286 907/1271/1238 908/2087/2050
f 923/1323/1290 922/1321/1288 908/2087/2050 909/2088/2051
f 1676/1296/1263 1677/1297/1264 1664/1299/1266 1663/1288/1255
f 924/1325/1292 923/1323/1290 909/2088/2051 910/2089/2052
f 1678/1298/1265 1679/1307/1274 1666/338/330 1665/341/333
f 925/1302/1269 924/1325/1292 910/2089/2052 911/1303/1270
f 929/1332/1299 928/1331/1298 914/2090/2053 915/2091/2054
f 917/1314/1281 932/1313/1280 931/1243/1210 918/1745/1708
f 931/1243/1210 1682/1242/1209 1669/1290/1257 918/1745/1708
f 1683/1336/1303 1670/1289/1256 1669/1290/1257 1682/1242/1209
f 1684/1338/1305 1671/1291/1258 1670/1289/1256 1683/1336/1303
f 1685/1340/1307 1672/1292/1259 1671/1291/1258 1684/1338/1305
f 1686/1342/1309 1673/1294/1261 1672/1292/1259 1685/1340/1307
f 2036/1328/1295 1936/364/356 1943/673/654 2035/1517/1484
f 1688/1346/1313 1675/1295/1262 1674/1293/1260 1687/1344/1311
f 1689/1348/1315 1676/1296/1263 1675/1295/1262 1688/1346/1313
f 1689/1348/1315 1690/1350/1317 1677/1297/1264 1676/1296/1263
f 2054/2093/2056 2061/2094/2057 2041/1203/1170 2034/2062/2022
f 652/1200/1167 649/2095/2058 650/675/656 651/2070/2033
f 932/1313/1280 946/1359/1326 945/1240/1207 931/1243/1210
f 947/1360/1327 946/1359/1326 932/1313/1280 933/1312/1279
f 948/1362/1329 947/1360/1327 933/1312/1279 934/1316/1283
f 949/1364/1331 948/1362/1329 934/1316/1283 935/1318/1285
f 950/1366/1333 949/1364/1331 935/1318/1285 936/1320/1287
f 951/1368/1335 950/1366/1333 936/1320/1287 937/1322/1289
f 952/1370/1337 951/1368/1335 937/1322/1289 938/1324/1291
f 953/1372/1339 952/1370/1337 938/1324/1291 939/1326/1293
f 940/1330/1297 954/1373/1340 953/1372/1339 939/1326/1293
f 955/1375/1342 954/1373/1340 940/1330/1297 941/1329/1296
f 956/1237/1204 955/1375/1342 941/1329/1296 942/1238/1205
f 651/2070/2033 650/675/656 659/674/655 658/985/959
f 946/1359/1326 960/1358/1325 959/2096/2059 945/1240/1207
f 959/2096/2059 1708/2097/2060 1695/1241/1208 945/1240/1207
f 1709/2098/2061 1696/1335/1302 1695/1241/1208 1708/2097/2060
f 1710/2099/2062 1697/1337/1304 1696/1335/1302 1709/2098/2061
f 1718/1520/1487 856/1209/1176 1706/1208/1175 1705/1353/1320
f 1712/2100/2063 1699/1341/1308 1698/1339/1306 1711/2101/2064
f 1713/2102/2065 1700/1343/1310 1699/1341/1308 1712/2100/2063
f 1714/2103/2066 1701/1345/1312 1700/1343/1310 1713/2102/2065
f 1715/2104/2067 1702/1347/1314 1701/1345/1312 1714/2103/2066
f 1715/2104/2067 1716/2105/2068 1703/1349/1316 1702/1347/1314
f 1717/1521/1488 1704/1351/1318 1703/1349/1316 1716/2105/2068
f 470/1207/1174 468/798/778 467/687/668 469/686/667
f 960/1358/1325 972/1385/1352 971/1401/1368 959/2096/2059
f 971/1401/1368 1720/1400/1367 1708/2097/2060 959/2096/2059
f 1721/1403/1370 1709/2098/2061 1708/2097/2060 1720/1400/1367
f 1722/1405/1372 1710/2099/2062 1709/2098/2061 1721/1403/1370
f 1723/1407/1374 1711/2101/2064 1710/2099/2062 1722/1405/1372
f 1724/1410/1377 1712/2100/2063 1711/2101/2064 1723/1407/1374
f 1725/1409/1376 1713/2102/2065 1712/2100/2063 1724/1410/1377
f 1726/1413/1380 1714/2103/2066 1713/2102/2065 1725/1409/1376
f 1727/1415/1382 1715/2104/2067 1714/2103/2066 1726/1413/1380
f 1727/1415/1382 1728/2106/2069 1716/2105/2068 1715/2104/2067
f 1728/2106/2069 1729/1418/1385 1717/1521/1488 1716/2105/2068
f 985/1433/1400 984/1432/1399 972/1385/1352 973/1384/1351
f 986/1435/1402 985/1433/1400 973/1384/1351 974/1386/1353
f 987/1437/1404 986/1435/1402 974/1386/1353 975/1387/1354
f 1735/1411/1378 1724/1410/1377 1723/1407/1374 1734/1406/1373
f 988/1439/1406 987/1437/1404 975/1387/1354 976/1388/1355
f 989/1441/1408 988/1439/1406 976/1388/1355 977/1389/1356
f 990/1443/1410 989/1441/1408 977/1389/1356 978/1390/1357
f 1738/1414/1381 1739/1504/1471 1728/2106/2069 1727/1415/1382
f 1740/1419/1386 1729/1418/1385 1728/2106/2069 1739/1504/1471
f 991/1471/1438 990/1443/1410 978/1390/1357 979/1391/1358
f 980/1392/1359 992/1451/1418 991/1471/1438 979/1391/1358
f 984/1432/1399 996/1431/1398 995/1455/1422 983/1398/1365
f 995/1455/1422 1742/1454/1421 1731/1399/1366 983/1398/1365
f 1743/1457/1424 1732/1402/1369 1731/1399/1366 1742/1454/1421
f 1744/1459/1426 1733/1404/1371 1732/1402/1369 1743/1457/1424
f 1745/1462/1429 1734/1406/1373 1733/1404/1371 1744/1459/1426
f 1746/1461/1428 1735/1411/1378 1734/1406/1373 1745/1462/1429
f 1747/1465/1432 1736/1408/1375 1735/1411/1378 1746/1461/1428
f 1748/2107/2070 1737/1412/1379 1736/1408/1375 1747/1465/1432
f 1749/2108/2071 1738/1414/1381 1737/1412/1379 1748/2107/2070
f 1749/2108/2071 1750/1505/1472 1739/1504/1471 1738/1414/1381
f 1762/2109/2072 1763/1533/1500 1752/1506/1473 1751/1503/1470
f 1009/2110/2073 1008/1498/1465 996/1431/1398 997/1430/1397
f 1010/2111/2074 1009/2110/2073 997/1430/1397 998/1434/1401
f 1756/1463/1430 1745/1462/1429 1744/1459/1426 1755/1458/1425
f 1011/2112/2075 1010/2111/2074 998/1434/1401 999/1436/1403
f 1012/1487/1454 1011/2112/2075 999/1436/1403 1000/1438/1405
f 1759/1496/1463 1748/2107/2070 1747/1465/1432 1758/1464/1431
f 1760/1513/1480 1749/2108/2071 1748/2107/2070 1759/1496/1463
f 1760/1513/1480 1761/1512/1479 1750/1505/1472 1749/2108/2071
f 1761/1512/1479 1762/2109/2072 1751/1503/1470 1750/1505/1472
f 1044/2113/2076 1053/1444/1411 1052/1446/1413 1043/1477/1444
f 1773/2114/2077 1774/1741/1704 1763/1533/1500 1762/2109/2072
f 1008/1498/1465 1020/2115/2078 1019/2116/2079 1007/1452/1419
f 1021/2117/2080 1020/2115/2078 1008/1498/1465 1009/2110/2073
f 1022/2118/2081 1021/2117/2080 1009/2110/2073 1010/2111/2074
f 1023/2119/2082 1022/2118/2081 1010/2111/2074 1011/2112/2075
f 1769/1497/1464 1758/1464/1431 1757/1460/1427 1768/1485/1452
f 1024/1468/1435 1023/2119/2082 1011/2112/2075 1012/1487/1454
f 1781/1492/1459 1770/1495/1462 1769/1497/1464 1780/2120/2083
f 1783/1509/1476 1784/1508/1475 1773/2114/2077 1772/1511/1478
f 1770/1495/1462 1771/1494/1461 1760/1513/1480 1759/1496/1463
f 1767/1483/1450 1756/1463/1430 1755/1458/1425 1766/1476/1443
f 1784/1508/1475 1785/2121/2084 1774/1741/1704 1773/2114/2077
f 1020/2115/2078 1032/2122/2085 1031/1480/1447 1019/2116/2079
f 1021/2117/2080 1033/2123/2086 1032/2122/2085 1020/2115/2078
f 1022/2118/2081 1034/2124/2087 1033/2123/2086 1021/2117/2080
f 1023/2119/2082 1035/1744/1707 1034/2124/2087 1022/2118/2081
f 1780/2120/2083 1769/1497/1464 1768/1485/1452 1779/1484/1451
f 1036/1467/1434 1035/1744/1707 1023/2119/2082 1024/1468/1435
f 1768/1485/1452 1757/1460/1427 1756/1463/1430 1767/1483/1450
f 1782/1493/1460 1783/1509/1476 1772/1511/1478 1771/1494/1461
f 1019/2116/2079 1764/1475/1442 1753/1453/1420 1007/1452/1419
f 1772/1511/1478 1773/2114/2077 1762/2109/2072 1761/1512/1479
f 972/1385/1352 984/1432/1399 983/1398/1365 971/1401/1368
f 1032/2122/2085 1044/2113/2076 1043/1477/1444 1031/1480/1447
f 1033/2123/2086 1045/2125/2088 1044/2113/2076 1032/2122/2085
f 1034/2124/2087 1046/2126/2089 1045/2125/2088 1033/2123/2086
f 1779/1484/1451 2061/2094/2057 2054/2093/2056 1780/2120/2083
f 2054/2093/2056 1789/124/122 1781/1492/1459 1780/2120/2083
f 1790/1743/1706 1782/1493/1460 1781/1492/1459 1789/124/122
f 1792/1507/1474 1793/2127/2090 1785/2121/2084 1784/1508/1475
f 1791/1510/1477 1783/1509/1476 1782/1493/1460 1790/1743/1706
f 1794/1522/1489 1795/1501/1468 1787/1500/1467 1786/1478/1445
f 1045/2125/2088 1054/2128/2091 1053/1444/1411 1044/2113/2076
f 1057/1530/1497 1056/1445/1412 1053/1444/1411 1054/2128/2091
f 1335/1531/1498 1057/1530/1497 1054/2128/2091 1329/1730/1692
f 1815/1536/1503 2057/1729/1691 2055/1518/1485 1809/1537/1504
f 1800/2068/2031 1801/2129/2092 1793/2127/2090 1792/1507/1474
f 1071/2130/2093 1078/1546/1513 1077/1379/1346 1070/1378/1345
f 1056/1445/1412 1063/1396/1363 1062/1397/1364 1055/1422/1389
f 1064/1529/1496 1063/1396/1363 1056/1445/1412 1057/1530/1497
f 1806/2067/2030 1807/2131/2094 1801/2129/2092 1800/2068/2031
f 1799/1742/1705 1805/1733/1695 1804/1732/1694 1798/2069/2032
f 1801/2129/2092 1807/2131/2094 1822/979/953 872/1245/1212
f 1752/1506/1473 863/1222/1189 860/1226/1193 1741/1416/1383
f 1064/1529/1496 1071/2130/2093 1070/1378/1345 1063/1396/1363
f 1810/1542/1509 1812/337/329 1806/2067/2030 1804/1732/1694
f 1812/337/329 1813/336/328 1807/2131/2094 1806/2067/2030
f 1813/336/328 1820/980/954 1822/979/953 1807/2131/2094
f 1800/2068/2031 1792/1507/1474 1791/1510/1477 1798/2069/2032
f 1791/1510/1477 1790/1743/1706 1799/1742/1705 1798/2069/2032
f 1083/668/649 1087/2132/2095 1086/978/952 1085/800/780
f 1086/978/952 1087/2132/2095 406/726/707 471/1244/1211
f 461/722/703 460/721/702 649/2095/2058 652/1200/1167
f 460/721/702 453/781/761 631/664/645 649/2095/2058
f 1810/1542/1509 1811/1734/1696 1817/667/648 1816/122/120
f 1077/1379/1346 1089/2133/2096 1088/1746/1709 1076/1380/1347
f 1078/1546/1513 1090/1545/1512 1089/2133/2096 1077/1379/1346
f 2070/259/253 2050/261/255 2051/1309/1276 2069/1308/1275
f 1633/1251/1218 1095/1552/1519 1631/1247/1214
f 887/1555/1522 885/2074/2037 883/1549/1516 1095/1552/1519
f 1639/1257/1224 1095/1552/1519 1637/1255/1222
f 879/1551/1518 877/2071/2034 873/1553/1520 1095/1552/1519
f 2336/1658/1618 2339/733/714 2337/494/480 2356/1556/1523
f 893/2079/2042 891/2077/2040 889/1554/1521 1095/1552/1519
f 1655/1270/1237 2317/2134/2097 899/2135/2098 1095/1552/1519
f 85/303/296 87/2136/2099 86/153/151 84/152/150
f 1828/2137/2100 1831/1601/1565 1834/1640/1601 1833/2138/2101
f 1108/167/164 1097/322/314 1096/1584/1549 1107/174/171
f 1873/327/319 1875/326/318 1874/2139/2102 1872/2140/2103
f 1873/327/319 1869/2141/2104 1829/764/744 1830/328/320
f 1843/2142/2105 1846/1571/1538 1841/1570/1537 1836/1813/1774
f 1827/763/743 1832/1602/1566 1831/1601/1565 1828/2137/2100
f 1869/2141/2104 1867/169/166 1839/765/745 1829/764/744
f 1842/1666/1626 1847/2143/2106 1846/1571/1538 1843/2142/2105
f 1141/1565/1532 1104/1607/1570 1099/325/317 1142/324/316
f 1837/766/746 1840/1637/1599 1832/1602/1566 1827/763/743
f 1861/1625/1587 1863/168/165 1862/171/168 1860/1626/1588
f 1853/1680/1641 1857/1690/1649 1970/1689/2107 1969/1681/2107
f 1140/1610/1573 1251/1685/2108 1250/1686/2108 1145/1616/1579
f 1133/1618/1581 1245/2144/2109 1244/2145/2109 1134/1617/1580
f 1124/1641/1602 1247/2146/2110 1246/2144/2110 1133/1618/1581
f 1979/1740/2111 1980/1580/2111 1877/1579/1545 1876/1738/1700
f 1850/250/245 1853/1680/1641 1852/1679/1640 1848/251/246
f 1884/2147/2112 1885/2148/2113 1835/329/321 1833/2138/2101
f 170/333/325 458/332/324 457/1573/1539 168/786/766
f 1870/1578/1544 1871/1557/1524 1866/170/167 1868/2149/2114
f 1843/2142/2105 1845/2150/2115 1844/1667/1627 1842/1666/1626
f 1845/2150/2115 1861/1625/1587 1859/1624/1586 1844/1667/1627
f 1869/2141/2104 1873/327/319 1872/2140/2103 1868/2149/2114
f 1877/1579/1545 1870/1578/1544 1868/2149/2114 1872/2140/2103
f 1864/319/311 1865/318/310 1860/1626/1588 1862/171/168
f 1867/169/166 1869/2141/2104 1868/2149/2114 1866/170/167
f 1861/1625/1587 1845/2150/2115 1838/2151/2116 1863/168/165
f 104/183/180 95/182/179 100/320/312 103/187/184
f 1876/1738/1700 1877/1579/1545 1872/2140/2103 1874/2139/2102
f 98/172/169 439/1922/1884 459/331/323 176/330/322
f 1150/1590/1555 1152/1589/1554 1149/1633/1595 1148/1632/1594
f 1886/1673/1632 1966/1597/2117 1882/1596/1560 1884/2147/2112
f 1123/1636/1597 1237/1635/2118 1236/2146/2118 1124/1641/1602
f 1875/326/318 1879/1628/1590 1878/1599/1563 1874/2139/2102
f 1128/1615/1578 1126/1642/1603 1132/1586/1551 1130/1585/1550
f 1835/329/321 1885/2148/2113 1881/1629/1591 1875/326/318
f 1855/1691/1650 1857/1690/1649 1856/1595/1559 1854/1627/1589
f 1235/1588/1638 1155/1676/1635 1153/1609/1572 1152/1589/1554
f 1880/1630/1592 1885/2148/2113 1884/2147/2112 1882/1596/1560
f 1885/2148/2113 1880/1630/1592 1881/1629/1591
f 1833/2138/2101 1835/329/321 1830/328/320 1828/2137/2100
f 542/450/439 543/449/438 541/263/257 539/145/143
f 545/264/258 541/263/257 543/449/438 544/267/261
f 1891/801/781 1892/1647/1608 1893/1646/1607
f 418/831/810 417/742/722 518/652/634 519/651/633
f 383/1206/1173 384/989/963 82/756/736 81/755/735
f 430/754/734 432/677/658 554/149/147 551/148/146
f 181/348/340 185/347/339 184/684/665 182/349/341
f 544/267/261 543/449/438 632/452/441 633/700/681
f 1910/2152/2119 1908/2153/2120 1911/804/783 1909/1694/1652
f 1907/1644/1605 1906/2154/2121 2043/2155/2122 2032/268/262
f 760/226/222 832/1660/1620 831/1659/1619 718/227/223
f 1914/405/397 1910/2152/2119 1909/1694/1652 1915/1661/1621
f 1619/2063/2024 1594/446/436 1336/419/411 1595/1703/1661
f 1316/418/410 1296/48/48 1298/1043/1013 1318/1042/1012
f 671/1004/977 2352/1157/1124 2344/760/740 476/387/379
f 1921/822/801 1927/1041/1011 1926/1040/1010 1925/823/802
f 1292/2156/2123 1293/1072/2123 1202/1071/1038 1203/1665/1625
f 452/782/762 453/781/761 379/790/770 378/1192/1159
f 188/2157/2124 160/2158/2125 161/284/278 182/349/341
f 73/285/279 161/284/278 160/2158/2125 71/847/825
f 182/349/341 184/684/665 191/682/663 188/2157/2124
f 83/1183/1150 70/1182/1149 71/847/825 160/2158/2125
f 384/989/963 462/679/660 431/678/659 82/756/736
f 432/677/658 430/754/734 429/256/250 431/678/659
f 1983/1581/2126 1984/1562/2126 1871/1557/1524 1870/1578/1544
f 1100/1559/1526 1101/1582/1547 1096/1584/1549 1098/1560/1527
f 1858/1594/1558 1851/249/244 1844/1667/1627 1859/1624/1586
f 1962/2159/2127 1847/2143/2106 1852/1679/1640 1961/1678/2127
f 1858/1594/1558 1859/1624/1586 1854/1627/1589 1856/1595/1559
f 1141/1565/1532 1143/1564/1531 1150/1590/1555 1148/1632/1594
f 1100/1559/1526 1103/1558/1525 1223/1675/2128 1222/1677/2129
f 1857/1690/1649 1853/1680/1641 1850/250/245 1856/1595/1559
f 1123/1636/1597 1125/1643/1604 1119/1605/1568 1122/1604/1567
f 1965/1672/2130 1966/1597/2117 1886/1673/1632
f 1216/1693/2131 1217/1592/2131 1116/1576/1542 1115/1567/1534
f 1118/1683/1643 1112/1613/1576 1111/1577/1543 1120/1606/1569
f 1883/1598/1562 1971/1597/1561 1972/1739/2132
f 146/2160/2133 148/1976/1938 147/315/308 145/2161/2134
f 1109/1583/1548 1110/1566/1533 1105/175/172 1107/174/171
f 1948/1572/2135 1846/1571/1538 1847/2143/2106 1947/2159/2135
f 1848/251/246 1852/1679/1640 1847/2143/2106 1842/1666/1626
f 1833/2138/2101 1834/1640/1601 1886/1673/1632 1884/2147/2112
f 1883/1598/1562 1876/1738/1700 1874/2139/2102 1878/1599/1563
f 1359/2162/2136 1357/1780/1743 1361/2163/2137 1360/289/2137
f 1185/1001/975 1187/1156/1123 1279/1701/2138 1278/1002/2138
f 727/1059/1027 789/2164/2139 743/2165/2140 723/1055/1025
f 69/752/732 67/442/432 74/441/431 72/846/824
f 1168/245/241 1275/244/2141 1274/1070/2141 1215/1069/1036
f 2348/2166/2142 2353/2167/2143 2356/1556/1523 2349/2168/2144
f 2350/1726/1688 2356/1556/1523 2351/638/620 666/637/619
f 246/403/395 247/49/49 35/25/25 22/28/28
f 1918/485/473 2008/2169/2145 1919/2170/2146 1920/575/559
f 1946/102/100 1945/89/89 2012/92/2147 2011/103/2147
f 532/1707/1667 534/107/105 708/106/104 627/270/264
f 2007/484/2145 2008/2169/2145 1918/485/473
f 2328/9/9 2329/493/479 4/7/7 2/6/6
f 422/658/640 424/663/644 376/750/730 375/747/727
f 526/108/106 528/93/92 710/459/448 709/105/103
f 239/546/531 48/88/88 55/832/811 238/535/521
f 1921/822/801 1922/576/560 1920/575/559 1919/2170/2146
f 2017/1704/2148 1919/2170/2146 2018/2169/2149
f 143/500/486 77/117/115 78/116/114 142/2171/2150
f 1297/130/128 1193/129/127 1194/1548/1515 1195/45/45
f 1289/2172/2151 1208/1653/1614 1209/1652/1613 1288/2173/2151
f 78/116/114 427/845/823 450/2174/2152 142/2171/2150
f 2211/1917/1879 2202/1901/1863 1560/1870/1831 1561/1994/1956
f 503/499/485 505/473/462 504/41/41 502/62/62
f 1912/2175/2153 1913/404/396 2044/378/370 2042/1035/1005
f 2028/824/803 1923/407/399 1922/576/560
f 1924/1747/1710 1926/1040/1010 1929/944/921 1931/2056/2016
f 1073/792/772 1079/1104/1072 1318/1042/1012 1333/1045/1015
f 1321/941/918 1047/1233/1200 1322/272/266 1302/271/265
f 623/278/272 625/277/271 628/266/260 629/265/259
f 1600/543/528 1080/1541/1508 1081/140/138 1601/139/137
f 1687/1344/1311 1674/1293/1260 1673/1294/1261 1686/1342/1309
f 926/1301/1268 940/1330/1297 939/1326/1293 925/1302/1269
f 388/1664/1624 385/1205/1172 190/681/662 387/680/661
f 2038/1204/1171 2039/992/966 1896/367/359 1901/360/352
f 1943/673/654 1941/147/145 1944/146/144 1942/791/771
f 189/2176/2154 190/681/662 385/1205/1172 383/1206/1173
f 317/478/467 139/526/512 138/469/458 254/475/464
f 1918/485/473 1920/575/559 1917/406/398 1916/482/471
f 2048/1710/1670 2029/379/371 1923/407/399 2028/824/803
f 835/732/713 836/640/622 671/1004/977 670/386/378
f 662/994/968 663/1210/1177 660/701/682 661/714/695
f 1090/1545/1512 1339/1539/1506 1092/1712/1672 1089/2133/2096
f 2035/1517/1484 1943/673/654 1942/791/771 2046/1514/1481
f 1693/1213/1180 1680/1212/1179 1679/1307/1274 1692/1354/1321
f 2246/2007/1969 2190/1031/1001 2189/1912/1874 2204/1915/1877
f 771/374/366 769/1008/981 768/1007/980 767/998/972
f 2031/852/830 1924/1747/1710 1931/2056/2016 2030/2055/2015
f 1599/947/923 1079/1104/1072 1080/1541/1508 1600/543/528
f 1904/850/828 1890/1645/1606 1889/269/263 1888/342/334
f 387/680/661 392/699/680 391/1356/1323 388/1664/1624
f 1049/1230/1197 1048/1234/1201 1039/1448/1415 1040/1424/1391
f 869/1524/1491 1793/2127/2090 1801/2129/2092 872/1245/1212
f 2053/125/123 1789/124/122 2054/2093/2056 2034/2062/2022
f 2040/991/965 2039/992/966 2060/1502/1469
f 1329/1730/1692 1046/2126/2089 1327/356/348 1308/359/351
f 1691/1352/1319 1678/1298/1265 1677/1297/1264 1690/1350/1317
f 1691/1352/1319 1692/1354/1321 1679/1307/1274 1678/1298/1265
f 2042/1035/1005 2062/1036/1006 2043/2155/2122
f 316/1173/1140 314/534/520 304/537/523 308/1096/1064
f 2052/123/121 2032/268/262 2063/2177/2155
f 2048/1710/1670 2068/1180/1147 2049/376/368 2029/379/371
f 215/438/412 216/437/429 226/428/420 224/427/419
f 1304/1718/1679 1305/1724/1686 1213/1651/1612 1205/1650/1611
f 1824/1311/1278 1823/1543/1510 1825/2178/2156 2069/1308/1275
f 1047/1233/1200 1323/1723/1685 1037/1466/1433 1038/1449/1416
f 1048/1234/1201 1047/1233/1200 1038/1449/1416 1039/1448/1415
f 1134/1617/1580 1255/2145/2157 1254/1684/2157 1139/1612/1575
f 1867/169/166 1863/168/165 1838/2151/2116 1839/765/745
f 1828/2137/2100 1830/328/320 1829/764/744 1827/763/743
f 1837/766/746 1839/765/745 1838/2151/2116 1836/1813/1774
f 1849/248/243 1844/1667/1627 1851/249/244
f 1224/1671/2158 1225/1692/2158 1110/1566/1533 1109/1583/1548
f 1836/1813/1774 1838/2151/2116 1845/2150/2115 1843/2142/2105
f 1126/1642/1603 1128/1615/1578 1127/1669/1629 1125/1643/1604
f 1865/318/310 1855/1691/1650 1854/1627/1589 1860/1626/1588
f 2307/2179/2159 2287/666/647 2068/1180/1147 2286/1709/1669
f 531/659/641 530/95/94 529/94/93 527/110/108
f 2069/1308/1275 1825/2178/2156 1826/2054/2014 2070/259/253
f 1304/1718/1679 1306/1717/1678 1326/1547/1514 1324/1737/1699
f 1071/2130/2093 1064/1529/1496 1325/1528/1495 1324/1737/1699
f 1078/1546/1513 1071/2130/2093 1324/1737/1699 1326/1547/1514
f 2059/1333/1300 1778/1482/1449 2058/1334/1301
f 1046/2126/2089 1034/2124/2087 1035/1744/1707 1327/356/348
f 1054/2128/2091 1045/2125/2088 1046/2126/2089 1329/1730/1692
f 1779/1484/1451 1778/1482/1449 2059/1333/1300 2061/2094/2057
f 1730/1417/1384 1718/1520/1487 1717/1521/1488 1729/1418/1385
f 943/1239/1206 944/1383/1350 958/1355/1322 957/1236/1203
f 1068/1534/1501 1067/795/775 1060/1228/1195 1061/1526/1493
f 2064/377/369 1811/1734/1696 2062/1036/1006
f 1315/1725/1687 1309/1731/1693 1163/713/694 1211/712/693
f 2045/1735/1697 2065/1310/1277 2051/1309/1276 2030/2055/2015
f 1004/1489/1456 1016/1472/1439 1015/1473/1440 1003/1470/1437
f 1005/1394/1361 1017/1429/1396 1016/1472/1439 1004/1489/1456
f 1336/419/411 1594/446/436 1338/1538/1505 1319/939/916
f 1214/1068/1035 1283/1067/2160 1282/2173/2160 1209/1652/1613
f 1491/1992/1954 1483/1991/1953 1463/2180/2161 1464/2181/2162
f 1543/2182/2163 1477/2033/1994 1422/1890/1852 1421/2183/2164
f 2075/1757/1720 2076/1756/1719 2078/1843/1804 2077/2184/2165
f 1345/2042/2002 1350/2053/2012 1349/2052/2011 1346/2185/2166
f 1352/1882/1843 1350/2053/2012 1345/2042/2002 1351/2041/2001
f 1573/2014/1976 2176/2012/1974 2175/2005/1967 1572/2186/2167
f 2077/2184/2165 2080/1130/1097 2079/1763/1726 2075/1757/1720
f 1357/1780/1743 1359/2162/2136 1358/2187/2168 1356/1781/1744
f 1855/1691/1650 1865/318/310 1978/317/2169 1977/1688/2169
f 2118/1101/1069 2114/901/879 2090/1795/1757 2115/1837/1798
f 2090/1795/1757 2089/1796/1758 2091/1836/1758
f 2151/1119/1087 2148/1835/1796 2146/2188/2170 2150/2189/2171
f 2369/2190/2172 2368/2191/2173 150/2192/2174 149/2193/2175
f 1369/163/160 1371/162/2176 1370/2163/2176 1357/1780/1743
f 1551/1752/1715 2100/1751/1714 2098/1790/1753 1550/1789/1752
f 2100/1751/1714 2101/1812/1773 2095/1979/1941 2098/1790/1753
f 1380/2194/2177 1384/1778/1741 1386/305/298 1379/1990/1952
f 1358/2187/2168 1383/288/282 1384/1778/1741 1380/2194/2177
f 1372/160/158 1550/1789/1752 1549/1792/2178 1548/161/2178
f 1382/1779/1742 1384/1778/1741 1383/288/282 1381/287/281
f 2111/1984/1946 2112/1777/1740 2108/1776/1739
f 2260/1896/1858 2116/253/248 2113/252/247 2112/1777/1740
f 2255/873/851 2192/872/850 2184/2032/1993 2191/1033/1003
f 1473/1855/1816 1542/1198/1165 1472/1196/1163 1465/1875/1836
f 762/1091/1058 741/1800/1762 740/1126/1094 761/1088/1055
f 574/878/856 575/965/939 578/2047/2007 579/2048/2008
f 1365/893/871 1389/892/870 1364/1771/1734 1363/1770/1733
f 2385/2195/2179 2398/2196/2180 782/1074/1041 797/1073/1040
f 792/1081/1048 2387/2197/907 2386/2198/2181 795/1082/1049
f 1399/1987/1949 1378/2199/2182 1377/1989/1951 1401/1988/1950
f 1378/2199/2182 1380/2194/2177 1379/1990/1952 1377/1989/1951
f 1380/2194/2177 1378/2199/2182 1356/1781/1744 1358/2187/2168
f 1376/1782/1745 1356/1781/1744 1378/2199/2182 1399/1987/1949
f 87/2136/2099 434/2200/2183 433/2060/2020 86/153/151
f 2126/2039/1999 2127/1897/1859 2111/1984/1946
f 1395/1885/1847 1497/1803/1764 1393/895/873 1394/894/872
f 1394/894/872 1365/893/871 1366/1808/1769 1396/1805/1766
f 1411/961/935 1408/2201/2184 1406/2202/2185 1412/1084/1051
f 2390/2203/2186 2394/2204/2187 748/1113/1081 746/1112/1080
f 2160/975/949 2167/1753/1716 2166/1857/1818 2161/976/950
f 1406/2202/2185 1408/2201/2184 1407/1944/1906 1405/2021/1983
f 1418/2205/2188 1420/1889/1851 1419/2206/2189 1417/2207/2190
f 1421/2183/2164 1422/1890/1852 1420/1889/1851 1418/2205/2188
f 591/1062/1030 590/1060/1028 807/1061/1029 800/1117/1085
f 1441/1831/1792 1425/1830/1791 1442/1162/1129 1443/1161/1128
f 1173/1193/1160 1161/463/452 1267/2057/2191 1266/1716/2191
f 2146/2188/2170 2148/1835/1796 2145/974/948
f 1417/2207/2190 1562/1995/1957 1561/1994/1956 1492/1993/1955
f 2144/1131/1098 2071/2208/2192 2146/2188/2170 2145/974/948
f 2150/2189/2171 2146/2188/2170 2071/2208/2192 2074/2209/2193
f 2154/1842/1803 2155/1759/1722 1435/1758/1721 1436/2210/2194
f 1346/2185/2166 1349/2052/2011 1434/1845/1806 1432/1844/1805
f 1432/1844/1805 1435/1758/1721 1348/1755/1718 1346/2185/2166
f 1431/1847/1808 1436/2210/2194 1435/1758/1721 1432/1844/1805
f 1539/2211/2195 1540/2212/2196 1439/1907/1869 1440/1906/1868
f 1540/2212/2196 1539/2211/2195 1459/2213/2197 1461/2214/2198
f 642/971/945 647/969/943 585/880/858 584/1177/1144
f 556/863/841 558/2215/2199 567/882/860 566/860/838
f 2247/1032/1002 2164/2216/2200 2255/873/851 2191/1033/1003
f 823/1149/1116 824/1151/1118 609/1153/1120 607/1150/1117
f 2161/976/950 2166/1857/1818 2273/1856/1817 2254/871/849
f 2148/1835/1796 2168/309/302 2149/312/305
f 1880/1630/1592 1882/1596/1560 1878/1599/1563 1879/1628/1590
f 1501/2024/1986 1503/1774/1737 1579/302/295 1628/1852/1813
f 2193/2217/2201 2273/1856/1817 2250/1826/1787 2194/1828/1789
f 1456/1960/1922 1457/1866/1827 1455/1025/995 1453/1028/998
f 2277/1129/1096 2143/1132/1099 2165/2218/2202 2172/2010/1972
f 2247/1032/1002 2190/1031/1001 2246/2007/1969 2174/2006/1968
f 2081/1764/1727 2277/1129/1096 2172/2010/1972 2177/2009/1971
f 2176/2012/1974 2173/2011/1973 2174/2006/1968 2175/2005/1967
f 2181/1974/1936 2252/1873/1834 2253/1850/1811 2180/1966/1928
f 2179/1972/1934 2181/1974/1936 2180/1966/1928 2178/1965/1927
f 2184/2032/1993 2195/2219/2203 2197/2220/2204 2185/2031/1992
f 584/1177/1144 583/958/932 639/957/931 642/971/945
f 2189/1912/1874 2190/1031/1001 2186/1034/1004
f 1346/2185/2166 1348/1755/1718 1347/1754/1717 1345/2042/2002
f 1423/1080/1047 1428/891/869 1430/890/868 1429/1838/1799
f 2191/1033/1003 2184/2032/1993 2186/1034/1004
f 2236/2020/1982 2130/1816/1777 2131/1815/1776 2235/1928/1890
f 2270/1999/1961 2268/1998/1960 2224/1109/1077 2269/1108/1076
f 2270/1999/1961 2271/2022/1984 2236/2020/1982 2220/1996/1958
f 2393/2221/2205 2391/2222/221 741/1800/1762 762/1091/1058
f 1480/2223/2206 1482/1872/1833 1481/2224/2207 1479/2225/2208
f 2157/1902/1864 2159/1851/1812 2158/1874/1835 2156/1903/1865
f 1480/2223/2206 1462/2226/2209 1463/2180/2161 1483/1991/1953
f 1479/2225/2208 1461/2214/2198 1462/2226/2209 1480/2223/2206
f 2165/2218/2202 2164/2216/2200 2173/2011/1973 2172/2010/1972
f 683/1024/994 692/1152/1119 691/2227/717 684/1022/716
f 2205/1914/1876 2188/1913/1875 2206/2003/1965
f 1488/1760/1723 1489/1164/1131 1487/770/750 1485/1909/1871
f 1485/1909/1871 1486/1868/1829 1490/1761/1724 1488/1760/1723
f 2147/2228/2210 2072/2229/2211 2073/2230/2212 2071/2208/2192
f 2125/2040/2000 2170/1923/1885 2167/1753/1716 2169/311/304
f 1412/1084/1051 1416/2231/2213 1415/1822/1783 1414/1085/1052
f 1493/767/747 1487/770/750 1489/1164/1131 1494/1163/1130
f 1535/1963/1925 1476/1861/1822 1477/2033/1994 1543/2182/2163
f 2141/2232/2214 2140/2019/1981 2275/2000/1962 2197/2220/2204
f 1389/892/870 1392/1176/1143 1390/1884/1846 1364/1771/1734
f 1580/2029/1989 1504/2023/1985 1521/1943/1905 1582/1893/1855
f 2168/309/302 2268/1998/1960 2222/1997/1959 2267/310/303
f 791/1136/1103 793/2030/1991 792/1081/1048 790/897/875
f 2074/2209/2193 2078/1843/1804 2153/1841/1802 2150/2189/2171
f 1397/1807/1768 2120/1806/1767 2229/1982/1944 1512/1983/1945
f 1578/1775/1738 1503/1774/1737 1504/2023/1985 1580/2029/1989
f 2133/1819/1780 2233/1939/1901 2218/1981/1943 2234/1929/1891
f 2234/1929/1891 2218/1981/1943 2216/1773/1736 2219/1772/1735
f 1436/2210/2194 1515/868/846 2231/858/836 2154/1842/1803
f 2361/2050/324 2362/1910/1872 850/1911/1873 849/1933/1895
f 557/908/886 559/907/885 558/2215/2199 556/863/841
f 606/1120/1088 608/1137/1104 802/968/942 801/1121/1089
f 2218/1981/1943 2233/1939/1901 2230/1946/1908 2229/1982/1944
f 1566/1799/1761 2212/1798/1760 2264/2001/1963 1564/2233/2215
f 2162/977/951 2143/1132/1099 2144/1131/1098 2145/974/948
f 1525/1940/1902 1511/1934/1896 1513/1945/1907 1524/1947/1909
f 2230/1946/1908 2233/1939/1901 2239/1938/1900
f 1526/1942/1904 1527/1171/1138 1517/869/847 1516/952/927
f 1507/867/845 1509/866/844 1523/1880/1841 1522/1941/1903
f 2271/2022/1984 2274/2015/1977 2130/1816/1777 2236/2020/1982
f 1416/2231/2213 1525/1940/1902 1524/1947/1909 1415/1822/1783
f 1409/2034/1995 1518/1935/1897 1525/1940/1902 1416/2231/2213
f 1401/1988/1950 1377/1989/1951 1438/1904/1866 1528/1956/1918
f 1528/1956/1918 1438/1904/1866 1439/1907/1869 1529/1953/1915
f 2242/1848/1809 2244/1952/1914 2243/1949/1911 2241/1948/1910
f 1554/1950/1912 2243/1949/1911 2122/1809/1770 1553/1957/1919
f 1571/2234/2216 2245/2008/1970 2209/2004/1966 1570/1762/1725
f 2047/851/829 2067/260/254 2048/1710/1670 2028/824/803
f 2164/2216/2200 2247/1032/1002 2174/2006/1968 2173/2011/1973
f 2141/2232/2214 2196/2235/2217 2256/1971/1933 2142/1970/1932
f 2142/1970/1932 2139/1969/1931 2140/2019/1981 2141/2232/2214
f 1460/2236/2218 1462/2226/2209 1461/2214/2198 1459/2213/2197
f 1462/2226/2209 1460/2236/2218 1464/2181/2162 1463/2180/2161
f 568/955/930 570/862/840 572/861/839 573/881/859
f 2165/2218/2202 2143/1132/1099 2162/977/951 2163/870/848
f 2182/1973/1935 2210/1916/1878 2139/1969/1931 2142/1970/1932
f 1464/2181/2162 1421/2183/2164 1418/2205/2188 1491/1992/1954
f 1460/2236/2218 1543/2182/2163 1421/2183/2164 1464/2181/2162
f 1459/2213/2197 1535/1963/1925 1543/2182/2163 1460/2236/2218
f 1437/1905/1867 1544/1858/1819 1538/2025/1987 1440/1906/1868
f 2178/1965/1927 2183/1967/1929 2182/1973/1935 2179/1972/1934
f 89/294/287 91/293/286 90/2038/1998 88/2037/1997
f 1579/302/295 1403/301/294 1404/295/288 1628/1852/1813
f 1388/1794/1756 1613/2237/2219 1612/2061/2219 1391/1793/1755
f 1382/1779/1742 1381/287/281 1388/1794/1756 1387/297/290
f 1580/2029/1989 1581/1881/1842 1505/889/867 1578/1775/1738
f 1512/1983/1945 1513/1945/1907 1511/1934/1896 1510/1886/1848
f 1512/1983/1945 2229/1982/1944 2230/1946/1908 1513/1945/1907
f 2111/1984/1946 2108/1776/1739 2109/1788/1751 2110/1975/1937
f 1372/160/158 1375/1985/1947 1551/1752/1715 1550/1789/1752
f 1552/1749/1712 1551/1752/1715 1375/1985/1947 1398/1986/1948
f 1398/1986/1948 1400/1958/1920 1553/1957/1919 1552/1749/1712
f 1528/1956/1918 1530/1955/1917 1400/1958/1920 1401/1988/1950
f 1531/1954/1916 1555/1951/1913 1554/1950/1912 1530/1955/1917
f 1556/2238/2220 1557/2043/2003 1555/1951/1913 1531/1954/1916
f 1481/2224/2207 1558/2046/2006 1557/2043/2003 1556/2238/2220
f 1482/1872/1833 1559/1871/1832 1558/2046/2006 1481/2224/2207
f 1483/1991/1953 1484/1869/1830 1482/1872/1833 1480/2223/2206
f 1492/1993/1955 1561/1994/1956 1560/1870/1831 1484/1869/1830
f 1491/1992/1954 1418/2205/2188 1417/2207/2190 1492/1993/1955
f 1564/2233/2215 1565/2239/2221 1419/2206/2189 1563/2240/2222
f 1563/2240/2222 1496/2002/1964 1566/1799/1761 1564/2233/2215
f 2207/1186/1153 2206/2003/1965 2215/1918/1880 2213/1797/1759
f 1567/1166/1133 1566/1799/1761 1496/2002/1964 1494/1163/1130
f 1569/1184/1151 1568/1165/1132 1489/1164/1131 1488/1760/1723
f 2209/2004/1966 2204/1915/1877 2205/1914/1876 2208/1185/1152
f 1532/1867/1828 1457/1866/1827 1572/2186/2167 1571/2234/2216
f 1571/2234/2216 1570/1762/1725 1490/1761/1724 1532/1867/1828
f 1573/2014/1976 1572/2186/2167 1457/1866/1827 1456/1960/1922
f 1354/1961/1923 1351/2041/2001 1355/1766/1729 1353/1765/1728
f 1456/1960/1922 1458/1959/1921 1574/2013/1975 1573/2014/1976
f 1575/964/938 1576/2241/2223 1408/2201/2184 1411/961/935
f 1585/1892/1854 1576/2241/2223 1522/1941/1903 1523/1880/1841
f 1526/1942/1904 1522/1941/1903 1576/2241/2223 1575/964/938
f 2128/1817/1778 2266/2016/1978 2265/2017/1979 2134/1821/1782
f 1417/2207/2190 1419/2206/2189 1565/2239/2221 1562/1995/1957
f 1466/888/866 1468/768/748 1467/1876/1837 1465/1875/1836
f 2264/2001/1963 2275/2000/1962 2140/2019/1981 2138/2018/1980
f 2214/1919/1881 2215/1918/1880 2187/1920/1882 2185/2031/1992
f 1563/2240/2222 1419/2206/2189 1420/1889/1851 1586/1888/1850
f 1565/2239/2221 2138/2018/1980 2137/1968/1930 1562/1995/1957
f 2183/1967/1929 2203/1898/1860 2210/1916/1878 2182/1973/1935
f 2197/2220/2204 2275/2000/1962 2214/1919/1881 2185/2031/1992
f 2197/2220/2204 2195/2219/2203 2196/2235/2217 2141/2232/2214
f 2254/871/849 2273/1856/1817 2193/2217/2201 2192/872/850
f 2166/1857/1818 2167/1753/1716 2170/1923/1885 2171/1827/1788
f 2194/1828/1789 2196/2235/2217 2195/2219/2203 2193/2217/2201
f 2389/2242/590 2390/2203/2186 746/1112/1080 739/2243/2224
f 1392/1176/1143 1628/1852/1813 1629/1853/1814 1390/1884/1846
f 1475/1878/1839 1477/2033/1994 1476/1861/1822 1474/1860/1821
f 2248/1829/1790 2256/1971/1933 2196/2235/2217 2194/1828/1789
f 2074/2209/2193 2071/2208/2192 2073/2230/2212 2072/2229/2211
f 1585/1892/1854 1407/1944/1906 1408/2201/2184 1576/2241/2223
f 1586/1888/1850 1495/1891/1853 1496/2002/1964 1563/2240/2222
f 2269/1108/1076 2272/1116/1084 2271/2022/1984 2270/1999/1961
f 2148/1835/1796 2224/1109/1077 2268/1998/1960 2168/309/302
f 1564/2233/2215 2264/2001/1963 2138/2018/1980 1565/2239/2221
f 2132/1818/1779 2233/1939/1901 2133/1819/1780
f 1359/2162/2136 1587/289/2225 1383/288/282 1358/2187/2168
f 2125/2040/2000 2126/2039/1999 2111/1984/1946 2110/1975/1937
f 2079/1763/1726 2080/1130/1097 2277/1129/1096 2081/1764/1727
f 1572/2186/2167 2175/2005/1967 2245/2008/1970 1571/2234/2216
f 2359/2244/2226 2360/2049/2009 848/2051/2010 847/2245/2227
f 1589/2246/2228 1556/2238/2220 1531/1954/1916 1529/1953/1915
f 1479/2225/2208 1481/2224/2207 1556/2238/2220 1589/2246/2228
f 1589/2246/2228 1540/2212/2196 1461/2214/2198 1479/2225/2208
f 1529/1953/1915 1439/1907/1869 1540/2212/2196 1589/2246/2228
f 1539/2211/2195 1536/1962/1924 1535/1963/1925 1459/2213/2197
f 1440/1906/1868 1538/2025/1987 1536/1962/1924 1539/2211/2195
f 2149/312/305 2160/975/949 2145/974/948 2148/1835/1796
f 737/1801/1763 739/2243/2224 738/877/855 736/876/854
f 739/2243/2224 746/1112/1080 745/967/941 738/877/855
f 818/896/874 732/911/889 729/910/888 817/1122/1090
f 2152/1118/1086 2151/1119/1087 2150/2189/2171 2153/1841/1802
f 2226/857/835 2228/856/834 2227/1111/1079 2225/1110/1078
f 2077/2184/2165 2078/1843/1804 2074/2209/2193 2072/2229/2211
f 2077/2184/2165 2072/2229/2211 2147/2228/2210 2080/1130/1097
f 830/1089/1056 828/923/901 804/926/904 751/1154/1121
f 523/77/77 524/654/636 519/651/633 516/75/75
f 1208/1653/1614 1291/2172/2229 1290/2156/2230 1203/1665/1625
f 2030/2055/2015 2051/1309/1276 2050/261/255 2031/852/830
f 1091/1715/1675 1825/2178/2156 1823/1543/1510 1088/1746/1709
f 1089/2133/2096 1092/1712/1672 1091/1715/1675 1088/1746/1709
f 2283/2058/2231 2284/2179/2231 2285/2059/2019
f 2336/1658/1618 2356/1556/1523 2335/1095/1063 194/1094/1062
f 2144/1131/1098 2080/1130/1097 2147/2228/2210 2071/2208/2192
f 1604/136/134 2292/135/133 2301/2065/2232 2300/2247/2232
f 1084/669/650 1605/1181/1148 1611/142/140 1082/141/139
f 1988/1695/2233 1909/1694/1652 1911/804/783 1987/803/2234
f 533/1700/1658 626/276/270 630/665/646 537/935/912
f 1608/2237/2235 1388/1794/1756 1381/287/281 1607/290/2235
f 2116/253/248 2295/1836/1797 2296/254/2236
f 69/752/732 71/847/825 70/1182/1149 68/753/733
f 2106/759/739 2259/758/2237 2258/1620/2237 2107/1767/1730
f 1591/445/435 1094/1713/1673 1338/1538/1505 1594/446/436
f 296/1093/1061 297/545/530 299/549/534 295/553/538
f 527/110/108 529/94/93 528/93/92 526/108/106
f 2304/97/2238 2305/2058/2018 2282/98/97
f 2306/2248/2159 2287/666/647 2307/2179/2159
f 1178/1011/984 1184/1000/974 1271/1003/2239 1270/1012/2240
f 2033/126/124 1887/343/335 1888/342/334 1889/269/263
f 709/105/103 710/459/448 786/557/542 775/1049/1019
f 704/1037/1007 703/1038/1008 813/1174/1141 812/1127/1095
f 2257/1924/1886 2170/1923/1885 2125/2040/2000 2110/1975/1937
f 1498/1175/1142 1499/1804/1765 1502/1932/1894 1501/2024/1986
f 1501/2024/1986 1628/1852/1813 1392/1176/1143 1498/1175/1142
f 2083/1622/1584 2095/1979/1941 2101/1812/1773 2085/1783/1746
f 1558/2046/2006 1559/1871/1832 2201/1900/1862 2199/2045/2005
f 2354/639/621 2351/638/620 2356/1556/1523 2352/1157/1124
f 2368/2191/2173 2367/2249/1162 164/2250/2241 150/2192/2174
f 68/753/733 70/1182/1149 80/757/737 75/118/116
f 898/2086/2049 902/2085/2048 916/2092/2055 915/2091/2054
f 928/1331/1298 927/1304/1271 913/1305/1272 914/2090/2053
f 2038/1204/1171 2041/1203/1170 2061/2094/2057 2059/1333/1300
f 656/995/969 663/1210/1177 862/1221/1188 861/1219/1186
f 1711/2101/2064 1698/1339/1306 1697/1337/1304 1710/2099/2062
f 1785/2121/2084 867/1227/1194 866/1218/1185 1774/1741/1704
f 1799/1742/1705 2052/123/121 2063/2177/2155 1805/1733/1695
f 2062/1036/1006 1811/1734/1696 1805/1733/1695 2063/2177/2155
f 1822/979/953 1086/978/952 471/1244/1211 872/1245/1212
f 1161/463/452 1173/1193/1160 1159/460/449
f 1200/715/696 1204/983/957 1203/1665/1625 1202/1071/1038
f 2291/119/117 2287/666/647 2309/2248/2242 2308/2064/2242
f 1171/1655/1616 1310/697/678 1303/940/917 1156/783/763
f 1175/590/574 1312/626/609 1311/1711/1671 1181/618/601
f 1212/711/692 1165/710/691 1215/1069/1036 1214/1068/1035
f 1183/1662/1622 1186/1134/1101 1185/1001/975 1184/1000/974
f 1212/711/692 1210/1648/1609 1213/1651/1612 1211/712/693
f 1182/1663/1623 1183/1662/1622 1180/619/602 1181/618/601
f 1168/245/241 1166/720/701 1169/1722/1683 1167/246/242
f 1179/1010/983 1176/589/573 1180/619/602 1178/1011/984
f 467/687/668 464/799/779 386/988/962 389/688/669
f 1167/246/242 1169/1722/1683 1172/1654/1615 1174/1705/1665
f 393/685/666 184/684/665 185/347/339 397/705/686
f 1093/1714/1674 1826/2054/2014 1825/2178/2156 1091/1715/1675
f 1174/1705/1665 1172/1654/1615 1158/784/764 1173/1193/1160
f 2327/1728/1690 404/1727/1689 403/727/708 406/726/707
f 1893/1646/1607 1890/1645/1606 1904/850/828
f 613/1066/1033 611/930/907 789/2164/2139 727/1059/1027
f 1939/853/831 1938/363/355 1935/362/354 1934/854/832
f 2042/1035/1005 2043/2155/2122 1906/2154/2121 1912/2175/2153
f 189/2176/2154 83/1183/1150 160/2158/2125 188/2157/2124
f 1907/1644/1605 1892/1647/1608 1908/2153/2120 1906/2154/2121
f 1946/102/100 1895/365/357 1944/146/144 1945/89/89
f 1910/2152/2119 1914/405/397 1913/404/396 1912/2175/2153
f 2034/2062/2022 2041/1203/1170 1902/344/336 1887/343/335
f 1908/2153/2120 1892/1647/1608 1891/801/781 1911/804/783
f 1899/280/274 1897/366/358 1900/101/99 1898/281/275
f 81/755/735 83/1183/1150 189/2176/2154 383/1206/1173
f 553/150/148 555/451/440 542/450/439 552/151/149
f 899/2135/2098 2317/2134/2097 2318/351/343 900/350/342
f 1931/2056/2016 1929/944/921 1932/370/362 1930/369/361
f 1888/342/334 1903/279/273 1905/282/276 1904/850/828
f 610/929/906 733/1039/1009 2316/2251/2243
f 155/942/919 74/441/431 236/440/430 235/996/970
f 707/444/434 708/106/104 776/1050/1020 785/2252/2180
f 1604/136/134 1615/2247/2244 1614/1656/2245 1605/1181/1148
f 833/1158/1125 834/1099/1067 677/385/377 678/1009/982
f 833/1158/1125 831/1659/1619 716/388/380 675/528/514
f 213/439/413 218/1128/598 217/602/586 214/436/428
f 489/3/3 678/1009/982 677/385/377 474/384/376
f 807/1061/1029 828/923/901 830/1089/1056 761/1088/1055
f 700/1145/1112 822/1148/1115 821/1143/1110 701/1139/1106
f 680/925/903 682/1015/987 681/1023/426 679/927/425
f 825/1864/1825 826/1014/986 592/1064/1032 595/1124/1092
f 826/1014/986 825/1864/1825 683/1024/994 682/1015/987
f 824/1151/1118 825/1864/1825 595/1124/1092 609/1153/1120
f 731/912/890 821/1143/1110 822/1148/1115 730/909/887
f 781/1075/1042 783/1078/1045 814/1141/1108 815/1140/1107
f 867/1227/1194 1785/2121/2084 1793/2127/2090 869/1524/1491
f 859/1225/1192 856/1209/1176 1718/1520/1487 1730/1417/1384
f 1730/1417/1384 1741/1416/1383 860/1226/1193 859/1225/1192
f 1808/1532/1499 1809/1537/1504 1803/1527/1494 1802/1420/1387
f 1335/1531/1498 1329/1730/1692 1309/1731/1693 1315/1725/1687
f 863/1222/1189 862/1221/1188 857/1223/1190 860/1226/1193
f 624/275/269 650/675/656 649/2095/2058 631/664/645
f 177/788/768 178/728/709 153/938/915 159/789/769
f 1809/1537/1504 2055/1518/1485 2056/1516/1483 1803/1527/1494
f 900/350/342 902/2085/2048 901/2084/2047 899/2135/2098
f 855/990/964 468/798/778 470/1207/1174 856/1209/1176
f 181/348/340 183/283/277 151/453/442 186/345/337
f 915/2091/2054 916/2092/2055 930/1382/1349 929/1332/1299
f 1707/692/673 470/1207/1174 469/686/667 1719/693/674
f 1681/1211/1178 1694/691/672 2321/690/671 2320/2066/2029
f 133/1188/1155 2322/913/891 445/774/754 131/773/753
f 116/203/200 117/776/756 115/35/35 114/34/34
f 1164/719/700 1163/713/694 1309/1731/1693 1308/359/351
f 400/981/955 402/993/967 401/2253/2246 399/982/956
f 898/2086/2049 896/2081/2044 895/2082/2045 897/2083/2046
f 1719/693/674 469/686/667 390/689/670 2323/1720/1681
f 1667/1306/1273 1652/1267/1234 1650/339/331 1666/338/330
f 1068/1534/1501 1061/1526/1493 2327/1728/1690 1087/2132/2095
f 958/1355/1322 944/1383/1350 2326/1721/1682 2323/1720/1681
f 2324/353/345 2319/352/344 2320/2066/2029 2325/2254/2247
f 395/698/679 982/1235/1202 970/1377/1344 392/699/680
f 658/985/959 868/1215/1182 870/1525/1492 651/2070/2033
f 957/1236/1203 392/699/680 970/1377/1344 956/1237/1204
f 1030/1428/1395 1018/1427/1394 399/982/956
f 406/726/707 1087/2132/2095 2327/1728/1690
f 405/725/706 472/1202/1169 471/1244/1211 406/726/707
f 381/723/704 461/722/703 472/1202/1169 405/725/706
f 436/2255/2248 438/1194/1161 437/480/469 435/813/792
f 34/904/882 36/36/36 21/31/31 20/26/26
f 8/827/806 5/10/10 6/12/12 7/11/11
f 7/11/11 10/16/16 9/201/198 8/827/806
f 2348/2166/2142 2349/2168/2144 665/372/364 664/371/363
f 2341/771/751 2355/816/795 2356/1556/1523 2332/772/752
f 2349/2168/2144 2350/1726/1688 668/380/372 665/372/364
f 1908/2153/2120 1910/2152/2119 1912/2175/2153 1906/2154/2121
f 2353/2167/2143 2348/2166/2142 664/371/363 672/672/653
f 361/627/610 206/402/394 205/598/582 362/628/611
f 2340/2256/2249 2342/2257/2250 466/794/774 382/1087/1054
f 337/597/581 338/595/579 226/428/420 216/437/429
f 411/739/719 441/740/720 845/58/58 840/817/796
f 2342/2257/2250 2353/2167/2143 672/672/653 466/794/774
f 743/2165/2140 744/1054/1024 725/1053/1023 723/1055/1025
f 492/812/791 508/820/799 507/52/52 493/55/55
f 477/807/786 478/518/504 480/205/202 479/204/201
f 498/814/793 495/805/784 496/1179/1146 497/818/797
f 2063/2177/2155 2032/268/262 2043/2155/2122 2062/1036/1006
f 1596/950/925 1598/949/2251 1597/2063/2251 1595/1703/1661
f 277/522/508 287/1098/1066 286/570/554 284/1169/1136
f 1277/1702/1660 1187/1156/1123 1188/1133/1100 1189/1092/1059
f 192/470/459 2334/2258/2252 2333/2259/2253 193/1006/979
f 831/1659/1619 833/1158/1125 678/1009/982 718/227/223
f 497/818/797 496/1179/1146 839/1178/1145 840/817/796
f 193/1006/979 2333/2259/2253 2338/2260/2254 200/1005/978
f 305/1170/1137 341/737/613 340/593/577 306/636/618
f 2331/826/805 2332/772/752 2356/1556/1523 2330/8/8
f 1391/1793/1755 1390/1884/1846 1629/1853/1814 1547/298/291
f 1655/1270/1237 1095/1552/1519 1651/1269/1236 1653/1268/1235
f 2334/2258/2252 2335/1095/1063 2356/1556/1523
f 2337/494/480 2329/493/479 2356/1556/1523
f 2328/9/9 2330/8/8 2356/1556/1523 2329/493/479
f 2340/2256/2249 2338/2260/2254 2356/1556/1523
f 2338/2260/2254 2333/2259/2253 2334/2258/2252 2356/1556/1523
f 2355/816/795 2347/815/794 2346/520/506 2356/1556/1523
f 2353/2167/2143 2342/2257/2250 2340/2256/2249 2356/1556/1523
f 1095/1552/1519 897/2083/2046 895/2082/2045 893/2079/2042
f 1651/1269/1236 1095/1552/1519 1646/1265/1232 1648/1266/1233
f 2286/1709/1669 2067/260/254 2285/2059/2019 2284/2179/2231
f 2350/1726/1688 2349/2168/2144 2356/1556/1523
f 1450/300/293 1449/299/292 1428/891/869 1427/1832/1793
f 1087/2132/2095 1083/668/649 1075/670/651 1068/1534/1501
f 401/2253/2246 404/1727/1689 1051/1519/1486 1042/1490/1457
f 600/1052/1022 724/1056/1026 725/1053/1023 721/607/591
f 90/2038/1998 164/2250/2241 2367/2249/1162 2357/2035/1161
f 838/808/787 408/200/197 409/199/196 837/809/788
f 2341/771/751 408/200/197 838/808/787 2355/816/795
f 837/809/788 409/199/196 410/738/718 839/1178/1145
f 839/1178/1145 410/738/718 411/739/719 840/817/796
f 117/776/756 443/775/755 441/740/720 115/35/35
f 442/59/59 444/828/807 603/230/226 588/56/56
f 604/234/230 603/230/226 444/828/807 846/914/892
f 847/2245/2227 848/2051/2010 640/972/946 638/1926/1888
f 641/973/947 640/972/946 848/2051/2010 849/1933/1895
f 1514/951/926 1515/868/846 1436/2210/2194 1431/1847/1808
f 569/953/928 648/970/944 850/1911/1873 843/1187/1154
f 1426/1854/1815 1588/1883/1844 1454/1908/1870 1445/1199/1166
f 2255/873/851 2164/2216/2200 2165/2218/2202 2163/870/848
f 694/1147/1114 691/2227/717 692/1152/1119 693/1146/1113
f 164/2250/2241 90/2038/1998 91/293/286 163/1977/1939
f 163/1977/1939 148/1976/1938 150/2192/2174 164/2250/2241
f 149/2193/2175 150/2192/2174 148/1976/1938 146/2160/2133
f 428/132/130 451/780/760 450/2174/2152 427/845/823
f 1196/836/815 1190/46/46 1195/45/45 1194/1548/1515
f 430/754/734 426/133/131 425/257/251 429/256/250
f 1897/366/358 1895/365/357 1946/102/100 1900/101/99
f 188/2157/2124 191/682/663 190/681/662 189/2176/2154
f 653/702/683 655/709/690 654/708/689 633/700/681
f 1206/1649/1610 1204/983/957 1207/984/958 1205/1650/1611
f 403/727/708 404/1727/1689 401/2253/2246 402/993/967
f 1030/1428/1395 399/982/956 401/2253/2246 1042/1490/1457
f 2325/2254/2247 2320/2066/2029 2321/690/671 2326/1721/1682
f 944/1383/1350 930/1382/1349 2325/2254/2247 2326/1721/1682
f 930/1382/1349 916/2092/2055 2324/353/345 2325/2254/2247
f 1668/355/347 1654/354/346 1652/1267/1234 1667/1306/1273
f 1655/1270/1237 1654/354/346 2318/351/343 2317/2134/2097
f 901/2084/2047 897/2083/2046 1095/1552/1519 899/2135/2098
f 275/513/499 2377/2261/2255 2376/2262/476 267/514/500
f 311/583/567 2383/2263/711 2372/2264/529 325/584/568
f 267/514/500 2376/2262/476 2375/2265/2256 266/516/502
f 269/635/617 2374/2266/2257 2378/2267/2258 290/531/517
f 2373/2268/2259 2370/2269/512 319/599/583 323/642/624
f 2372/2264/529 2373/2268/2259 323/642/624 325/584/568
f 312/645/627 2384/2270/2260 2383/2263/711 311/583/567
f 276/564/549 2379/563/548 2377/2261/2255 275/513/499
f 2370/2269/512 2371/562/547 321/565/550 319/599/583
f 1927/1041/1011 1921/822/801 1919/2170/2146 2017/1704/2148
f 2381/2271/2261 2382/2272/508 282/631/614 280/617/600
f 1353/1765/1728 1574/2013/1975 1458/1959/1921 1354/1961/1923
f 200/1005/978 2338/2260/2254 2340/2256/2249 382/1087/1054
f 2380/2273/2262 2381/2271/2261 280/617/600 358/532/518
f 301/550/535 302/547/532 314/534/520 316/1173/1140
f 299/549/534 297/545/530 302/547/532 301/550/535
f 291/1102/1070 296/1093/1061 295/553/538 293/552/537
f 287/1098/1066 291/1102/1070 293/552/537 286/570/554
f 290/531/517 2378/2267/2258 2380/2273/2262 358/532/518
f 195/472/461 2335/1095/1063 2334/2258/2252 192/470/459
f 766/539/525 767/998/972 765/1103/1071 764/572/556
f 266/516/502 2375/2265/2256 2374/2266/2257 269/635/617
f 1396/1805/1766 1397/1807/1768 1395/1885/1847 1394/894/872
f 1405/2021/1983 1410/1936/1898 1409/2034/1995 1406/2202/2185
f 2392/2274/570 2389/2242/590 739/2243/2224 737/1801/1763
f 793/2030/1991 2388/2275/2139 2387/2197/907 792/1081/1048
f 2192/872/850 2193/2217/2201 2195/2219/2203 2184/2032/1993
f 795/1082/1049 2386/2198/2181 2385/2195/2179 797/1073/1040
f 2398/2196/2180 2399/2276/1020 784/1077/1044 782/1074/1041
f 1406/2202/2185 1409/2034/1995 1416/2231/2213 1412/1084/1051
f 748/1113/1081 2394/2204/2187 2388/2275/2139 793/2030/1991
f 754/1168/1135 2397/2277/2263 2396/2027/1050 753/1155/1122
f 775/1049/1019 786/557/542 788/1086/1053 780/621/604
f 1405/2021/1983 1407/1944/1906 1521/1943/1905 1520/1931/1893
f 758/931/908 759/574/558 749/389/381 757/932/909
f 1541/1160/1127 1473/1855/1816 1474/1860/1821 1584/1863/1824
f 786/557/542 774/556/541 773/373/365 788/1086/1053
f 774/556/541 769/1008/981 771/374/366 773/373/365
f 767/998/972 768/1007/980 763/731/712 765/1103/1071
f 765/1103/1071 763/731/712 759/574/558 758/931/908
f 733/1039/1009 707/444/434 785/2252/2180 2316/2251/2243
f 2395/2028/1620 2393/2221/2205 762/1091/1058 829/1090/1057
f 1611/142/140 1625/1657/2264 1624/541/2264 1601/139/137
f 2391/2222/221 2392/2274/570 737/1801/1763 741/1800/1762
f 1031/1480/1447 1775/1479/1446 1764/1475/1442 1019/2116/2079
